--
-- PostgreSQL database dump
--

-- Dumped from database version 16.1
-- Dumped by pg_dump version 16.1

SET statement_timeout = 0;
SET lock_timeout = 0;
SET idle_in_transaction_session_timeout = 0;
SET client_encoding = 'UTF8';
SET standard_conforming_strings = on;
SELECT pg_catalog.set_config('search_path', '', false);
SET check_function_bodies = false;
SET xmloption = content;
SET client_min_messages = warning;
SET row_security = off;

SET default_tablespace = '';

SET default_table_access_method = heap;

--
-- Name: comics_character_table; Type: TABLE; Schema: public; Owner: postgres
--

CREATE TABLE public.comics_character_table (
    character_id integer NOT NULL,
    character_name character varying(255),
    character_info text
);


ALTER TABLE public.comics_character_table OWNER TO postgres;

--
-- Name: comics_issue_table; Type: TABLE; Schema: public; Owner: postgres
--

CREATE TABLE public.comics_issue_table (
    issue_id integer NOT NULL,
    current_value double precision,
    searched integer,
    variant boolean,
    issues_total integer,
    issue_date date,
    title_id integer
);


ALTER TABLE public.comics_issue_table OWNER TO postgres;

--
-- Name: comics_series_table; Type: TABLE; Schema: public; Owner: postgres
--

CREATE TABLE public.comics_series_table (
    title_id integer NOT NULL,
    title character varying(255),
    volume character varying(255),
    preview boolean,
    cover_date character varying(20),
    genre_id integer,
    pub_id integer,
    creater_id integer,
    character_id integer,
    contributer_id integer
);


ALTER TABLE public.comics_series_table OWNER TO postgres;

--
-- Name: contributor_table; Type: TABLE; Schema: public; Owner: postgres
--

CREATE TABLE public.contributor_table (
    contributer_id integer NOT NULL,
    contributor_name character varying(255),
    number_of_pages_worked integer
);


ALTER TABLE public.contributor_table OWNER TO postgres;

--
-- Name: creators_table; Type: TABLE; Schema: public; Owner: postgres
--

CREATE TABLE public.creators_table (
    creator_id integer NOT NULL,
    creator_name character varying(255),
    gender character varying(10),
    country character varying(255)
);


ALTER TABLE public.creators_table OWNER TO postgres;

--
-- Name: customers_table; Type: TABLE; Schema: public; Owner: postgres
--

CREATE TABLE public.customers_table (
    customer_id integer NOT NULL,
    customer_name character varying(255),
    gender character varying(10),
    phone_number bigint
);


ALTER TABLE public.customers_table OWNER TO postgres;

--
-- Name: genre_table; Type: TABLE; Schema: public; Owner: postgres
--

CREATE TABLE public.genre_table (
    genre_id integer NOT NULL,
    genre_name character varying(255)
);


ALTER TABLE public.genre_table OWNER TO postgres;

--
-- Name: publisher_table; Type: TABLE; Schema: public; Owner: postgres
--

CREATE TABLE public.publisher_table (
    pub_id integer NOT NULL,
    pub_name character varying(255),
    pub_titles_total integer,
    pub_issues_total integer
);


ALTER TABLE public.publisher_table OWNER TO postgres;

--
-- Name: rating_table; Type: TABLE; Schema: public; Owner: postgres
--

CREATE TABLE public.rating_table (
    rating_id integer NOT NULL,
    rating integer,
    customer_id integer,
    title_id integer
);


ALTER TABLE public.rating_table OWNER TO postgres;

--
-- Name: sales_table; Type: TABLE; Schema: public; Owner: postgres
--

CREATE TABLE public.sales_table (
    sales_id integer NOT NULL,
    sale_date character varying(20),
    price double precision,
    customer_id integer,
    title_id integer
);


ALTER TABLE public.sales_table OWNER TO postgres;

--
-- Data for Name: comics_character_table; Type: TABLE DATA; Schema: public; Owner: postgres
--

COPY public.comics_character_table (character_id, character_name, character_info) FROM stdin;
6321	Captain Voyager	cosmic stealth 
6322	Mountain Warrior	electric creation
6323	Night Rogue	teleporting destruction
6324	Nebula Hunter	cosmic illusion
6325	Dark Enforcer	dark telepathy
6326	Cosmic Mistress	strong weather control
6327	Galactic Reaper	stealthy prediction
6328	Silver Explorer	sonic speed
6329	Captain Lord	healing command
6330	Captain Monarch	omniscient magic
6331	Iron Titan	luminous strength
6332	Arctic Conqueror	elemental technology
6333	Oceanic Rogue	icy force
6334	Iron Ranger	fiery time travel
6335	Meteor Rogue	time-controlling technology
6336	Nebula Explorer	magical stealth
6337	Crimson Hunter	earthen protection
6338	Venomous Marvelous	cosmic technology
6339	Venomous Sage	luminous resurrection
6340	Captain Falcon	time-controlling creation
6341	Night Phantom	psychic technology
6342	Cosmic Rogue	stealthy powers
6343	Star Nomad	electric skills
6344	Shadow Specter	brave intelligence
6345	Spectral Marvelous	lucky mastery
6346	Shadow Viper	elemental abilities
6347	Dark Ranger	magical manipulation
6348	Mountain Sage	icy speed
6349	Lunar Nomad	invisible speed
6350	Arctic Lord	lucky powers
6351	Quantum Explorer	flying prediction
6352	Terra Stalker	windy abilities
6353	Galactic Nomad	windy transformation
6354	Arctic Rogue	time-controlling protection
6355	Solar Guardian	omniscient protection
6356	Star Guardian	windy creation
6357	Mighty Conqueror	electric transformation
6358	Nebula Titan	earthen magic
6359	Venomous Mistress	windy technology
6360	Phantom Reaper	windy weather control
6361	Captain Specter	healing protection
6362	Night Reaper	electric energy blasts
6363	Inferno Voyager	luminous speed
6364	Cosmic Prophet	gravity-defying invisibility
6365	Lunar Sentinel	dark manipulation
6366	Solar Wizard	strong mind control
6367	Night Widow	psychic strength
6368	Arctic Enforcer	strong telepathy
6369	Blizzard Viper	cursed technology
6370	Mountain Sentinel	strong telekinesis
6371	Thunder Specter	flying resurrection
6372	Shadow Sentinel	dark stealth
6373	Spectral Enforcer	luminous abilities
6374	Galactic Voyager	teleporting healing
6375	Quantum Falcon	luminous weather control
6376	Night Specter	mystical invisibility
6377	Iron Warrior	cursed abilities
6378	Celestial Stalker	teleporting powers
6379	Eternal Marvelous	untouchable control
6380	Spectral Specter	gravity-defying speed
6381	Dark Viper	fiery energy blasts
6382	Celestial Ranger	earthen time travel
6383	Cosmic Titan	technological force fields
6384	Venomous Nomad	stealthy stealth
6385	Phantom Nomad	strong magic
6386	Phantom Hunter	fiery manipulation
6387	Star Beast	dark skills
6388	Arctic Stalker	stealthy energy blasts
6389	Eternal Nomad	technological telepathy
6390	Venomous Reaper	earthen strength
6391	Solar Monarch	brave prediction
6392	Nebula Mage	dimension-crossing invisibility
6393	Mountain Sorcerer	omniscient intelligence
6394	Eternal Viper	sonic intelligence
6395	Iron Sorcerer	technological invisibility
6396	Sky Specter	psychic force fields
6397	Inferno Phantom	untouchable telepathy
6398	Blizzard Mage	flying force
6399	Captain Ranger	speedy telekinesis
6400	Star Knight	gravity-defying telekinesis
6401	Arctic Guardian	healing control
6402	Crimson Prophet	technological healing
6403	Arctic Monarch	smart speed
6404	Captain Stalker	untouchable intelligence
6405	Mountain Voyager	earthen skills
6406	Terra Sage	earthen manipulation
6407	Inferno Rogue	time-controlling powers
6408	Blizzard Widow	time-controlling resurrection
6409	Night Beast	dark destruction
6410	Nebula Widow	luminous mastery
6411	Shadow Sorcerer	smart magic
6412	Spectral Widow	brave skills
6413	Oceanic Explorer	strong force
6414	Oceanic Reaper	earthen creation
6415	Terra Nomad	cursed telepathy
6416	Celestial Beast	fiery prediction
6417	Captain Sorcerer	earthen speed
6418	Phantom Sorcerer	dimension-crossing skills
6419	Lunar Phantom	cursed healing
6420	Terra Phantom	dark telekinesis
6421	Nebula Ranger	mystical telekinesis
6422	Celestial Guardian	windy healing
6423	Arctic Marvelous	earthen control
6424	Shadow Beast	invisible mastery
6425	Forest Wizard	luminous creation
6426	Night Warrior	elemental transformation
6427	Star Enforcer	strong strength
6428	Phantom Prophet	smart protection
6429	Cosmic Wizard	electric magic
6430	Phantom Lord	omniscient control
6431	Forest Knight	luminous powers
6432	Oceanic Viper	omniscient resurrection
6433	Terra Prophet	dark control
6434	Blizzard Phantom	psychic telekinesis
6435	Mountain Prophet	lucky command
6436	Thunder Guardian	technological control
6437	Oceanic Sage	healing creation
6438	Forest Guardian	fiery skills
6439	Silver Stalker	brave invisibility
6440	Forest Rogue	icy energy blasts
6441	Eternal Monarch	mystical transformation
6442	Galactic Prophet	brave force fields
6443	Night Ranger	dimension-crossing abilities
6444	Venomous Explorer	brave telekinesis
6445	Oceanic Specter	elemental time travel
6446	Captain Hunter	teleporting control
6447	Quantum Wizard	fiery invisibility
6448	Mountain Titan	windy protection
6449	Venomous Beast	psychic protection
6450	Iron Rogue	gravity-defying illusion
6451	Nebula Lord	electric force fields
6452	Cosmic Conqueror	earthen mastery
6453	Inferno Specter	electric healing
6454	Captain Widow	flying weather control
6455	Oceanic Enforcer	dimension-crossing powers
6456	Galactic Rogue	cursed prediction
6457	Solar Specter	luminous intelligence
6458	Sky Warrior	gravity-defying strength
6459	Blizzard Stalker	technological mind control
6460	Night Wizard	cosmic mastery
6461	Quantum Voyager	healing abilities
6462	Dark Titan	elemental mind control
6463	Lunar Sage	cosmic command
6464	Eternal Enforcer	sonic weather control
6465	Meteor Titan	fiery illusion
6466	Galactic Widow	time-controlling strength
6467	Forest Prophet	healing destruction
6468	Crimson Guardian	gravity-defying weather control
6469	Arctic Specter	lucky control
6470	Dark Specter	icy healing
6471	Dark Phantom	fiery technology
6472	Star Mage	teleporting mastery
6473	Celestial Viper	omniscient mastery
6474	Arctic Beast	technological speed
6475	Venomous Voyager	invisible prediction
6476	Silver Titan	stealthy control
6477	Captain Warrior	speedy creation
6478	Celestial Sentinel	gravity-defying force fields
6479	Eternal Lord	smart strength
6480	Captain Sentinel	cursed control
6481	Eternal Rogue	teleporting invisibility
6482	Lunar Titan	cursed resurrection
6483	Meteor Specter	elemental control
6484	Inferno Ranger	time-controlling control
6485	Blizzard Falcon	elemental healing
6486	Thunder Viper	magical force
6487	Mighty Widow	mystical resurrection
6488	Dark Prophet	smart creation
6489	Cosmic Viper	untouchable illusion
6625	vams	siu
6490	Thunder Lord	technological energy blasts
6491	Eternal Conqueror	sonic powers
6492	Inferno Falcon	cosmic weather control
6493	Silver Falcon	untouchable stealth
6494	Venomous Prophet	sonic illusion
6495	Nebula Stalker	untouchable technology
6496	Forest Sage	speedy speed
6497	Nebula Beast	dimension-crossing prediction
6498	Terra Reaper	healing illusion
6499	Mighty Wizard	icy creation
6500	Captain Prophet	sonic time travel
6501	Mighty Voyager	psychic telepathy
6502	Shadow Knight	omniscient force fields
6503	Quantum Knight	strong force fields
6504	Star Hunter	earthen command
6505	Eternal Stalker	earthen powers
6506	Nebula Rogue	magical telepathy
6507	Silver Nomad	cosmic time travel
6508	Galactic Explorer	untouchable creation
6509	Eternal Sorcerer	mystical abilities
6510	Mighty Reaper	elemental force fields
6511	Dark Wizard	cursed force
6512	Celestial Sage	cursed magic
6513	Nebula Reaper	elemental speed
6514	Sky Voyager	psychic resurrection
6515	Inferno Beast	brave abilities
6516	Captain Rogue	fiery strength
6517	Solar Reaper	stealthy magic
6518	Inferno Guardian	teleporting protection
6519	Sky Sentinel	brave powers
6520	Venomous Stalker	gravity-defying skills
6521	Oceanic Falcon	invisible powers
6522	Spectral Reaper	invisible force fields
6523	Meteor Falcon	brave force
6524	Galactic Sorcerer	cursed illusion
6525	Meteor Prophet	technological time travel
6526	Arctic Reaper	omniscient telekinesis
6527	Shadow Sage	speedy destruction
6528	Terra Hunter	speedy mastery
6529	Sky Widow	strong intelligence
6530	Meteor Nomad	flying technology
6531	Celestial Knight	smart time travel
6532	Blizzard Explorer	icy invisibility
6533	Inferno Widow	electric manipulation
6534	Cosmic Voyager	electric technology
6535	Blizzard Marvelous	technological manipulation
6536	Celestial Titan	cursed mind control
6537	Thunder Conqueror	speedy illusion
6538	Galactic Sentinel	invisible protection
6539	Mighty Falcon	brave technology
6540	Thunder Phantom	magical control
6541	Crimson Widow	dimension-crossing command
6542	Shadow Rogue	flying abilities
6543	Venomous Enforcer	sonic control
6544	Silver Mistress	cosmic telepathy
6545	Phantom Titan	luminous prediction
6546	Solar Mage	luminous magic
6547	Arctic Hunter	psychic speed
6548	Mountain Widow	invisible skills
6549	Inferno Explorer	gravity-defying stealth
6550	Eternal Ranger	flying powers
6551	Celestial Monarch	brave telepathy
6552	Forest Beast	cursed manipulation
6553	Eternal Titan	smart abilities
6554	Mighty Marvelous	invisible weather control
6555	Quantum Viper	untouchable command
6556	Blizzard Sage	strong control
6557	Blizzard Titan	cursed energy blasts
6558	Quantum Monarch	flying skills
6559	Crimson Beast	gravity-defying technology
6560	Arctic Mistress	brave stealth
6561	Mountain Monarch	invisible healing
6562	Spectral Sage	smart telepathy
6563	Shadow Marvelous	dark energy blasts
6564	Venomous Lord	cosmic protection
6565	Eternal Widow	smart manipulation
6566	Venomous Sorcerer	strong creation
6567	Arctic Sorcerer	mystical force fields
6568	Celestial Hunter	strong time travel
6569	Forest Conqueror	smart healing
6570	Shadow Reaper	invisible invisibility
6571	Nebula Guardian	invisible command
6572	Lunar Wizard	magical destruction
6573	Lunar Reaper	lucky resurrection
6574	Night Marvelous	lucky intelligence
6575	Mountain Hunter	technological resurrection
6576	Captain Titan	time-controlling illusion
6577	Iron Nomad	psychic time travel
6578	Quantum Titan	invisible manipulation
6579	Nebula Prophet	teleporting force
6580	Sky Marvelous	elemental skills
6581	Inferno Sentinel	stealthy telekinesis
6582	Blizzard Specter	cosmic speed
6583	Iron Mage	psychic creation
6584	Thunder Hunter	icy control
6585	Spectral Beast	elemental resurrection
6586	Blizzard Monarch	lucky telekinesis
6587	Lunar Conqueror	strong healing
6588	Lunar Beast	technological telekinesis
6589	Terra Marvelous	elemental intelligence
6590	Galactic Mistress	teleporting skills
6591	Star Sage	flying healing
6592	Meteor Guardian	icy telekinesis
6593	Galactic Monarch	technological command
6594	Crimson Sentinel	untouchable manipulation
6595	Sky Conqueror	healing speed
6596	Thunder Warrior	dark powers
6597	Mountain Marvelous	elemental protection
6598	Oceanic Nomad	elemental stealth
6599	Silver Ranger	speedy technology
6600	Sky Phantom	cursed destruction
6601	Phantom Phantom	cosmic resurrection
6602	Sky Rogue	healing powers
6603	Oceanic Sentinel	icy command
6604	Captain Enforcer	dark illusion
6605	Iron Mistress	magical creation
6606	Nebula Nomad	stealthy force fields
6607	Thunder Sage	mystical prediction
6608	Iron Guardian	flying magic
6609	Crimson Viper	mystical magic
6610	Mighty Nomad	elemental powers
6611	Blizzard Warrior	healing resurrection
6612	Phantom Mage	gravity-defying mastery
6613	Eternal Mistress	omniscient skills
6614	Cosmic Specter	luminous protection
6615	Lunar Voyager	healing telepathy
6616	Arctic Sage	smart resurrection
6617	Iron Explorer	lucky force
6618	Crimson Conqueror	smart powers
6619	Mighty Stalker	time-controlling force fields
6620	Nebula Mistress	fiery control
6621	Mike Tyson	Fighter
6622	Spider-Byte	A tech-savvy superhero.
6623	Captain Chronicle	A hero who manipulates time.
6624	Spider-ALPHA	A tech superhero.
6626	Captain Chromium	A hero who manipulates food.
\.


--
-- Data for Name: comics_issue_table; Type: TABLE DATA; Schema: public; Owner: postgres
--

COPY public.comics_issue_table (issue_id, current_value, searched, variant, issues_total, issue_date, title_id) FROM stdin;
310501	3	1259	f	15	2004-08-18	570301
310502	3	182	f	15	1991-05-18	568138
310503	3	190	f	15	1993-06-01	567784
310504	4	670	f	15	2001-03-12	570719
310505	3	413	f	15	2010-05-06	568808
310506	3	348	f	15	1990-08-16	568685
310507	3	270	f	15	2009-08-22	568596
310508	3	194	f	15	1999-06-24	568253
310509	3	236	f	15	2010-05-05	570698
310510	3	197	f	15	2007-12-05	568101
310511	3	175	f	15	1997-03-15	570453
310512	3	140	f	15	2007-04-25	570715
310513	4	122	f	1	2004-08-22	569915
310514	10	33	f	2	1990-11-21	568038
310516	20	3553	f	14	1993-09-04	569410
310517	10	2100	f	14	1992-07-08	567812
310518	10	1711	f	14	2000-07-07	567804
310519	14	2230	f	14	1999-06-05	568065
310520	40	3948	f	14	2003-02-01	568577
310521	14	2437	f	14	2005-09-03	568634
310522	14	2477	f	14	2002-10-07	569751
310523	10	2160	f	14	2002-11-18	570147
310524	26	4218	f	14	1994-08-11	567790
310525	20	2560	f	14	2007-05-17	569980
310526	20	2557	f	14	1990-03-20	568496
310527	75	5822	f	14	2000-02-08	570614
310528	20	2612	f	14	2003-07-05	570343
310529	1600	1312	f	2	1991-12-11	570554
310530	450	3103	f	2	1994-02-14	569914
310531	4	7258	f	59	1991-07-25	569400
310532	35	252	f	2	2010-03-16	568584
310533	3	1140	f	59	1990-04-25	569521
310534	10	8801	f	59	1997-07-14	570095
310535	8	2177	f	59	2006-05-07	568821
310536	3	673	f	59	1997-07-30	567708
310537	3	638	f	59	1991-09-22	570790
310538	3	692	f	59	2010-05-28	568335
310539	3	621	f	59	1998-10-10	570541
310540	3	796	f	59	2006-07-06	569413
310541	3	572	f	59	1993-09-18	569075
310542	3	551	f	59	1995-01-21	568820
310545	3	1527	f	59	2003-06-11	570809
310546	35	211	f	2	1990-01-27	569060
310547	3	597	f	59	2004-02-01	568100
310548	3	605	f	59	2005-05-28	568061
310549	3	492	f	59	2000-05-03	569238
310550	3	702	f	59	2004-07-16	568078
310551	3	509	f	59	1995-04-06	569152
310552	3	502	f	59	2005-08-29	569090
310553	3	524	f	59	2007-08-30	570154
310554	3	463	f	59	2009-02-27	568765
310555	3	449	f	59	2003-05-31	567859
310556	3	423	f	59	1993-09-07	570670
310557	3	1313	f	59	1997-01-17	569563
310558	3	524	f	59	2003-02-27	569878
310559	3	469	f	59	2000-03-16	568193
310560	3	549	f	59	2010-12-07	569232
310561	3	572	f	59	1997-04-13	568004
310562	3	493	f	59	2010-04-13	569943
310563	3	479	f	59	2010-03-11	568882
310564	3	509	f	59	1992-12-18	570256
310565	3	410	f	59	1995-08-18	570215
310566	3	457	f	59	1994-02-02	569163
310567	3	460	f	59	2005-07-05	570046
310568	3	1038	f	59	2009-12-13	568469
310569	3	453	f	59	1992-01-04	570567
310570	3	429	f	59	1991-12-31	567966
310571	3	519	f	59	1992-09-26	567869
310572	3	438	f	59	2009-06-17	570390
310573	3	450	f	59	1995-09-05	568615
310574	3	532	f	59	1997-12-02	570848
310575	3	487	f	59	2003-04-02	568867
310576	3	542	f	59	1995-02-11	568008
310577	4	1018	f	59	1998-04-01	568635
310578	3	537	f	59	2000-05-17	568095
310579	3	935	f	59	1991-12-28	569238
310580	3	611	f	59	1993-08-05	568820
310581	3	695	f	59	2000-10-04	569539
310582	3	3071	f	59	2008-11-30	570285
310584	3	1408	f	59	1990-03-05	568348
310585	6	6539	f	59	2008-07-01	569198
310586	3	1306	f	59	2003-08-26	569137
310587	3	2492	f	59	1999-02-23	568540
310588	3	446	f	5	1991-12-03	570427
310589	3	484	f	5	2000-10-22	568775
310590	3	505	f	5	2005-10-24	570556
310591	3	458	f	5	2005-09-12	570481
310592	150	221	f	1	2008-04-26	570336
310593	3	479	f	7	1999-01-12	567974
310594	3	317	f	7	2004-07-08	570177
310595	3	302	f	7	1997-11-11	570282
310596	3	237	f	7	1994-02-27	568382
310597	3	283	f	7	1994-10-13	569869
310598	3	300	f	7	2000-10-23	570668
310599	20	127	f	1	2009-06-18	568684
310600	20	45	f	1	2005-08-25	568351
310601	840	2473	f	15	2009-05-26	569575
310602	275	1809	f	15	2007-05-16	569236
310603	275	1497	f	15	2010-08-02	568787
310604	275	1513	f	15	2005-12-17	570303
310605	275	1360	f	15	2005-06-18	570500
310606	275	1384	f	15	1994-05-04	569963
310607	275	1928	f	15	1994-12-13	568581
310608	425	1950	f	15	2008-09-17	570486
310609	340	1679	f	15	1992-05-11	569010
310610	340	2029	f	15	1996-05-20	570829
310611	340	1775	f	15	1998-11-20	570860
310612	295	1781	f	15	1992-08-11	567911
310613	500	1854	f	15	1991-12-06	568620
310614	625	2310	f	15	2001-09-15	567813
310615	275	2142	f	15	2004-07-25	568974
310616	10	288	f	2	1995-11-09	569325
310618	13	26	f	1	2000-05-10	567953
310619	440	367	f	79	1991-01-18	568546
310620	150	52	f	79	1993-11-04	570005
310621	105	91	f	79	2008-11-26	570622
310622	105	71	f	79	2008-07-09	568970
310623	105	48	f	79	1994-08-03	568552
310624	105	41	f	79	2002-10-02	570366
310625	105	45	f	79	1992-07-29	569726
310626	105	36	f	79	2009-06-14	569302
310627	105	50	f	79	1990-07-01	570315
310628	105	42	f	79	2001-09-26	569561
310629	105	41	f	79	1990-06-10	568267
310630	200	90	f	79	2008-10-01	568766
310631	105	43	f	79	2008-09-22	568253
310632	95	34	f	79	2010-09-18	568692
310633	95	36	f	79	2000-06-04	570733
310634	95	26	f	79	2003-09-23	569981
310635	95	31	f	79	2006-01-25	569889
310636	95	28	f	79	1993-10-24	568758
310637	95	32	f	79	1993-05-25	570741
310638	95	48	f	79	1992-08-09	570076
310639	95	34	f	79	2002-11-20	569436
310640	95	31	f	79	2006-08-14	570072
310641	150	62	f	79	2008-08-20	569317
310642	95	28	f	79	2007-07-20	569164
310643	95	26	f	79	1995-07-30	568580
310644	95	27	f	79	1998-09-28	568248
310645	95	88	f	79	1990-08-06	569769
310646	95	55	f	79	2002-11-19	569703
310647	95	43	f	79	2008-03-19	568054
310648	95	40	f	79	1995-05-31	570777
310649	95	59	f	79	1992-03-01	567874
310650	95	57	f	79	2008-07-31	568131
310651	95	57	f	79	2000-09-07	568308
310652	150	48	f	79	1991-07-10	570252
310653	95	30	f	79	2004-04-02	568337
310654	85	31	f	79	1999-12-07	570469
310655	85	41	f	79	2009-01-14	569411
310656	85	28	f	79	2008-03-14	570124
310657	85	26	f	79	2000-10-06	567942
310658	85	36	f	79	2001-01-20	569258
310659	75	33	f	79	1995-09-19	569245
310660	75	55	f	79	2003-08-14	570122
310661	75	33	f	79	2005-12-07	569599
310662	75	38	f	79	1996-09-10	569849
310663	150	51	f	79	2009-01-30	568711
310664	75	34	f	79	1992-05-05	569948
310665	75	42	f	79	2003-01-23	567729
310666	75	33	f	79	2001-06-27	570468
310667	75	57	f	79	1992-12-19	570634
310668	75	42	f	79	1999-04-28	568151
310669	75	43	f	79	1990-06-13	570474
310670	75	39	f	79	1995-07-19	569881
310671	75	33	f	79	2008-11-13	570757
310672	75	58	f	79	1996-10-21	568774
310673	75	112	f	79	2001-09-22	570830
310674	150	48	f	79	1991-01-31	570307
310675	75	41	f	79	1999-06-09	569075
310676	75	35	f	79	1993-12-20	568138
310677	75	35	f	79	2002-12-10	568884
310678	75	47	f	79	1992-05-12	569462
310679	75	62	f	79	2007-05-31	568329
310680	75	35	f	79	2010-11-13	569540
310681	75	27	f	79	1994-03-11	567695
310682	75	53	f	79	2007-01-16	570639
310683	75	55	f	79	2009-12-08	570629
310684	75	40	f	79	1991-04-17	568760
310685	150	54	f	79	1996-05-24	569732
310686	75	34	f	79	2004-12-14	570802
310687	75	34	f	79	2009-07-09	568413
310688	75	38	f	79	2001-02-24	569761
310689	75	135	f	79	1999-05-26	568117
310690	75	110	f	79	2009-11-20	570243
310691	75	33	f	79	1991-04-07	568904
310692	75	32	f	79	1992-05-31	570299
310693	75	38	f	79	1993-12-08	569761
310694	75	68	f	79	2001-10-19	570176
310695	75	59	f	79	1999-11-05	568496
310696	150	46	f	79	1990-12-06	568308
310697	150	58	f	79	1992-03-31	569213
310698	10	45	f	2	2007-05-01	570805
310699	10	51	f	2	2004-04-27	568343
310700	15	137	f	1	1991-02-08	569891
310701	17	45	f	1	2004-06-19	569854
310702	17	66	f	1	1995-10-02	567684
310703	17	58	f	1	2009-03-14	570135
310704	17	34	f	1	1999-08-07	569009
310705	3	293	f	4	1991-12-20	569683
310706	3	267	f	4	2002-01-04	567761
310707	3	190	f	4	2009-12-30	568140
310708	3	181	f	4	2007-09-26	569168
310709	100	194	f	1	1991-11-11	568941
310710	100	421	f	3	1997-07-21	568662
310713	75	91	f	2	2004-10-09	570005
310714	75	179	f	2	1997-12-26	568004
310715	100	369	f	1	1996-10-23	568032
310716	100	479	f	1	2008-04-30	570679
310717	100	80	f	1	1993-04-27	569672
310718	40	725	f	2	2002-11-14	567965
310720	125	86	f	1	1997-01-21	569863
310721	50	720	f	1	2008-03-06	570818
310722	75	249	f	1	2004-08-17	568197
310723	100	1071	f	1	2001-01-11	568207
310724	125	78	f	1	1994-05-30	570384
310725	125	273	f	1	2006-05-16	569628
310726	75	177	f	3	2002-04-30	569933
310729	100	146	f	2	2010-10-27	569843
310731	125	150	f	1	1996-09-03	569415
310732	100	231	f	1	2001-06-09	568549
310733	75	96	f	1	1991-03-12	569890
310734	150	182	f	1	2010-07-24	570775
310735	100	134	f	1	2003-06-07	570671
310736	100	451	f	1	2007-08-20	570507
310737	75	283	f	1	1999-12-24	568505
310738	100	81	f	1	2002-08-10	570602
310739	100	200	f	1	2009-01-21	568958
310740	100	87	f	1	1999-09-20	569316
310741	100	961	f	1	1999-03-29	570433
310742	100	205	f	1	1998-02-23	570343
310743	100	281	f	1	1995-07-08	569211
310744	50	248	f	1	1990-03-23	569476
310745	75	659	f	3	2003-10-29	569801
310748	150	13	f	1	1995-03-27	568697
310749	100	263	f	1	2009-02-09	568602
310750	100	372	f	2	2007-01-10	567944
310751	100	218	f	2	1995-01-11	569066
310752	75	131	f	1	2002-10-24	567768
310753	100	226	f	1	1992-07-23	570091
310754	100	54	f	1	1994-07-19	569950
310755	125	518	f	2	2010-05-24	568624
310757	125	591	f	2	1998-09-03	568584
310758	125	236	f	2	2002-02-28	567711
310759	5	534	f	1	2005-12-10	567972
310760	20	87	f	1	2001-01-21	570581
310761	3	14867	f	1269	1996-03-10	570266
310762	4	4242	f	194	1997-07-06	567923
310767	3000000	63691	f	1269	1999-10-06	567972
310768	6	14071	f	194	2005-09-17	569787
310773	225000	7801	f	1269	2005-01-03	568559
310774	4	1216	f	194	1994-01-23	569890
310775	2100	2433	f	1269	1998-09-12	568223
310776	8	10036	f	1269	1997-10-15	570644
310820	4	1869	f	1269	1991-02-09	569896
310824	4	911	f	1269	1997-08-01	568650
310827	4	672	f	1269	2005-11-23	569671
310830	4	979	f	1269	2000-03-28	569324
310832	4	591	f	1269	2002-07-17	568356
310834	4	618	f	1269	2005-09-05	567690
310836	4	492	f	1269	2000-01-03	568768
310838	4	441	f	1269	2003-01-30	568850
310840	4	451	f	1269	1990-09-15	570535
310843	3300	2618	f	1269	1996-11-04	570393
310844	4	326	f	1269	2001-10-11	570624
310846	4	363	f	1269	1995-04-19	568316
310848	4	350	f	1269	2007-02-25	568897
310850	4	349	f	1269	1994-01-17	567921
310852	4	313	f	1269	1998-09-14	570695
310854	4	402	f	1269	2002-01-21	567931
310856	4	280	f	1269	1994-10-10	568966
310858	4	463	f	1269	2002-07-09	567887
310860	4	328	f	1269	2007-09-30	569634
310862	4	291	f	1269	1991-02-28	569857
310864	1450	708	f	1269	2008-05-15	567914
310865	4	292	f	1269	1992-12-20	569762
310867	4	366	f	1269	2001-01-03	568443
310869	4	416	f	1269	1997-01-31	570119
310871	4	417	f	1269	2006-12-02	570447
310873	4	254	f	1269	2009-04-21	569335
310875	4	221	f	1269	1991-09-02	570015
310877	4	271	f	1269	2005-07-12	570053
310879	4	237	f	1269	1994-11-12	567844
310881	4	322	f	1269	1994-06-23	568017
310883	5	380	f	1269	1992-04-18	570374
310885	1300	560	f	1269	2010-11-17	569997
310886	5	253	f	1269	1993-08-15	569823
310888	5	194	f	1269	1998-02-15	568750
310890	5	136	f	1269	2007-05-20	570425
310892	5	177	f	1269	2006-12-16	568968
310895	5	147	f	1269	2004-09-19	569303
310897	5	196	f	1269	1994-06-26	570433
310899	5	167	f	1269	1991-12-13	568910
310901	5	110	f	1269	2003-12-01	568977
310903	5	51	f	1269	2007-09-05	567979
310905	1300	536	f	1269	1997-02-06	569559
310906	1300	735	f	1269	1998-07-29	570226
310907	1300	608	f	1269	1991-08-31	569988
310908	1300	547	f	1269	2010-06-06	568091
310909	1600	762	f	1269	1996-07-23	567982
310910	1300	542	f	1269	1995-03-30	569884
310914	20000	1850	f	1269	1992-01-07	568224
310915	4	1120	f	194	2000-06-26	569111
310916	1300	568	f	1269	1996-07-22	567963
310917	1300	605	f	1269	2007-10-06	568682
310918	1300	533	f	1269	1990-05-11	569195
310919	1300	659	f	1269	2000-04-14	568849
310920	1300	379	f	1269	2007-06-27	568328
310921	1300	509	f	1269	2003-07-31	569476
310922	1300	521	f	1269	1990-03-14	569907
310923	1300	506	f	1269	1994-02-23	570563
310924	1300	478	f	1269	1995-04-25	568921
310925	1300	374	f	1269	1990-11-14	570187
310929	36000	1955	f	1269	1994-08-18	570417
310930	4	1170	f	194	1991-05-27	569953
310931	1300	387	f	1269	2007-06-13	568908
310932	1250	409	f	1269	2006-05-14	570399
310933	1250	394	f	1269	1998-02-24	568106
310934	1325	670	f	1269	2002-09-16	568232
310935	1250	538	f	1269	1996-02-12	568765
310936	1250	516	f	1269	1992-09-12	568154
310937	1250	334	f	1269	2004-11-08	568120
310938	1275	506	f	1269	1990-11-25	570722
310939	1250	422	f	1269	2002-11-04	569948
310940	1250	319	f	1269	1998-01-16	568318
310944	125000	4853	f	1269	1993-03-14	568544
310945	4	1160	f	194	2007-06-02	570621
310946	1250	389	f	1269	1998-05-12	569086
310947	1250	309	f	1269	2009-02-10	568515
310948	1250	269	f	1269	2005-09-10	570497
310949	1250	357	f	1269	2007-11-18	570279
310950	1250	286	f	1269	2008-09-20	568763
310951	1250	346	f	1269	2005-05-17	569752
310952	1250	301	f	1269	2007-09-17	569683
310953	1250	400	f	1269	2003-02-17	568710
310954	1250	381	f	1269	2010-10-20	567890
310955	1250	430	f	1269	1999-12-31	568060
310959	20000	1508	f	1269	1993-03-03	567862
310960	4	994	f	194	1995-02-10	567696
310961	1250	388	f	1269	1994-09-15	569048
310962	1225	380	f	1269	2003-05-18	570840
310963	1225	370	f	1269	1994-02-28	568217
310964	1225	319	f	1269	2003-12-11	570291
310965	1225	282	f	1269	2001-06-13	568754
310966	1225	293	f	1269	2006-08-09	568343
310967	1225	269	f	1269	2000-06-21	570718
310968	1225	317	f	1269	2001-11-07	569491
310969	1225	391	f	1269	2005-07-11	569941
310970	1225	304	f	1269	1990-10-10	570572
310974	40000	2260	f	1269	1999-02-03	568140
310975	4	914	f	194	1998-02-03	567990
310976	1225	713	f	1269	1993-10-09	570512
310977	1700	559	f	1269	1993-12-07	568292
310978	1225	280	f	1269	1999-01-06	569916
310979	1225	289	f	1269	1992-04-13	567829
310980	1225	348	f	1269	1991-08-09	569194
310981	1225	256	f	1269	2005-12-04	570067
310982	1225	337	f	1269	2004-05-06	569945
310983	1225	231	f	1269	1990-01-22	568288
310984	2175	1543	f	1269	1997-09-29	569442
310985	1225	450	f	1269	2001-03-23	568204
310989	12000	1511	f	1269	2005-06-05	567845
310990	4	867	f	194	1999-03-03	569147
310991	1225	368	f	1269	2007-05-27	568542
310992	1225	645	f	1269	2002-05-04	570475
310993	1175	384	f	1269	1995-01-07	568704
310994	1175	314	f	1269	2008-05-17	570413
310995	1175	341	f	1269	2001-12-03	568103
310996	1175	446	f	1269	1995-06-07	569130
310997	1175	279	f	1269	1991-07-16	569975
310998	1175	390	f	1269	1997-04-30	569346
310999	1175	341	f	1269	1992-10-16	570224
311000	1175	329	f	1269	1992-02-09	570751
311004	28000	2124	f	1269	2002-10-04	568407
311005	4	902	f	194	2001-03-29	569370
311006	1175	278	f	1269	2000-05-21	567783
311007	1175	278	f	1269	1995-01-19	568416
311008	1175	264	f	1269	1999-06-10	570698
311009	1175	364	f	1269	2001-08-11	569042
311010	1175	351	f	1269	2010-03-24	569368
311011	1175	332	f	1269	1992-05-19	570425
311012	1175	320	f	1269	2004-01-15	570692
311013	1175	310	f	1269	2002-04-13	568698
311014	1175	275	f	1269	2005-04-04	568774
311015	1175	314	f	1269	2004-06-12	568334
311019	12000	1297	f	1269	2001-01-05	567840
311020	5	1422	f	194	2006-08-05	569609
311021	1175	379	f	1269	2003-12-06	568593
311022	1125	366	f	1269	2001-07-18	568499
311023	1125	385	f	1269	2007-07-14	569567
311024	1125	413	f	1269	1998-02-13	569114
311025	1125	491	f	1269	1998-03-14	568932
311026	1125	473	f	1269	1994-02-15	568614
311027	1125	669	f	1269	1992-10-01	568595
311028	1125	414	f	1269	2001-11-24	567778
311029	1125	622	f	1269	1993-02-18	570385
311030	1125	596	f	1269	1993-12-24	568473
311035	27000	2039	f	1269	1994-01-07	570849
311036	4	1035	f	194	2000-06-30	568825
311037	1125	392	f	1269	2004-07-28	569120
311038	1125	453	f	1269	2001-02-23	570309
311039	1125	404	f	1269	2008-01-10	569768
311040	1125	449	f	1269	2008-05-03	569319
311041	1125	439	f	1269	1990-02-11	570465
311042	1125	591	f	1269	1995-07-12	569878
311043	1125	446	f	1269	2003-09-22	569038
311044	1125	573	f	1269	2001-11-23	567795
311045	1125	479	f	1269	2010-05-25	568154
311046	1125	1298	f	1269	1994-04-16	568751
311070	175000	18536	f	1269	1992-09-23	569887
311071	4	3991	f	194	1991-02-16	570495
311072	26000	2191	f	1269	2009-07-27	570628
311073	4	830	f	194	1995-01-26	570721
311074	1125	2407	f	1269	2008-06-15	570700
311075	1125	1828	f	1269	1998-12-31	570428
311076	900	1173	f	1269	2004-09-06	568489
311077	900	1035	f	1269	2008-12-26	569173
311078	900	674	f	1269	1992-03-16	569448
311079	900	727	f	1269	2005-01-30	567968
311080	900	857	f	1269	1999-08-19	570402
311081	900	720	f	1269	2008-08-16	569034
311082	900	685	f	1269	1993-08-06	570234
311083	900	655	f	1269	1996-05-17	568967
311086	11000	1263	f	1269	1998-03-29	570630
311087	4	814	f	194	2008-04-29	568912
311088	900	679	f	1269	1999-09-15	569759
311089	900	643	f	1269	2004-09-11	568948
311090	900	549	f	1269	2008-06-14	570413
311091	900	715	f	1269	2007-12-01	569354
311092	900	586	f	1269	1995-06-26	569018
311093	900	575	f	1269	2002-12-17	569330
311094	900	523	f	1269	2004-10-01	570537
311095	900	575	f	1269	1991-09-07	568893
311096	900	560	f	1269	1991-10-29	569952
311097	900	569	f	1269	1999-07-30	568203
311100	10500	1372	f	1269	1995-12-19	570405
311101	4	729	f	194	1992-01-14	569234
311102	900	950	f	1269	1996-01-27	570456
311103	750	657	f	1269	1996-09-18	570746
311104	750	633	f	1269	2000-02-16	568394
311105	750	844	f	1269	1994-06-11	570203
311107	750	661	f	1269	1998-07-23	568914
311108	750	709	f	1269	2005-07-21	569345
311109	750	529	f	1269	1995-01-03	569926
311110	750	576	f	1269	1994-02-07	567683
311111	750	527	f	1269	2006-11-30	568926
311112	750	648	f	1269	2008-12-30	568857
311115	42000	5296	f	1269	1992-05-24	570057
311116	4	939	f	194	2003-10-24	570166
311117	4	2179	f	194	2007-12-06	570363
311120	4	1441	f	194	2004-10-28	569491
311123	4	1317	f	194	2004-06-08	568557
311126	4	1016	f	194	2002-05-06	570696
311129	750	737	f	1269	1990-01-01	568029
311130	750	630	f	1269	1991-04-05	568844
311131	900	1356	f	1269	1999-12-25	569793
311132	750	626	f	1269	2000-06-06	570401
311133	750	571	f	1269	1997-12-24	570274
311134	750	583	f	1269	2005-10-23	570218
311135	750	764	f	1269	1992-12-09	569054
311136	750	590	f	1269	2005-07-23	568064
311137	750	685	f	1269	2008-09-25	570758
311138	750	594	f	1269	1991-06-14	568644
311141	9000	1142	f	1269	2007-02-07	568602
311142	4	752	f	194	1992-07-05	568497
311143	750	950	f	1269	2008-01-14	568285
311144	625	1207	f	1269	2010-07-29	567782
311145	14000	8108	f	1269	1992-06-10	567871
311146	625	896	f	1269	2000-01-07	568684
311147	625	806	f	1269	1990-06-29	569628
311148	625	726	f	1269	1996-11-14	570185
311149	625	914	f	1269	2009-07-15	570829
311150	625	1212	f	1269	1991-07-17	567980
311151	625	814	f	1269	2010-12-27	569547
311152	625	795	f	1269	1992-03-25	569379
311154	9000	1083	f	1269	1991-05-05	570039
311155	4	853	f	194	2005-01-27	568478
311156	625	973	f	1269	2006-03-05	570624
311157	625	1181	f	1269	1990-02-23	570534
311158	17000	11905	f	1269	2005-09-22	569254
311159	1200	4317	f	1269	2009-07-08	569706
311160	800	2868	f	1269	2005-12-21	569318
311161	675	1928	f	1269	1999-02-06	568681
311162	435	1232	f	1269	1996-02-26	568286
311163	435	1013	f	1269	1996-11-27	570369
311164	435	1073	f	1269	1991-10-04	570498
311165	435	984	f	1269	1995-07-29	567704
311167	8000	831	f	1269	1991-06-27	570836
311168	4	584	f	194	1995-07-01	568118
311169	435	1087	f	1269	1998-07-03	569423
311170	500	1850	f	1269	1992-03-20	568578
311171	385	1301	f	1269	2003-06-14	568402
311172	485	1327	f	1269	1999-03-13	570532
311173	435	1087	f	1269	1994-04-18	569803
311174	435	1029	f	1269	2002-07-18	569584
311175	435	1410	f	1269	2003-09-20	567887
311176	1000	5815	f	1269	1990-08-17	569965
311177	435	1530	f	1269	2004-05-07	568702
311178	435	1086	f	1269	1994-05-20	568179
311180	8000	927	f	1269	2002-12-21	568228
311181	4	547	f	194	1999-07-13	569585
311182	435	1244	f	1269	2001-01-14	570416
311183	325	1114	f	1269	1994-12-15	569857
311184	325	1118	f	1269	1996-01-23	569971
311185	325	1288	f	1269	2000-02-07	570120
311186	325	1246	f	1269	1992-11-29	568981
311187	325	1416	f	1269	2008-02-22	570775
311188	775	3792	f	1269	2001-11-11	569494
311189	325	1312	f	1269	1995-01-08	570191
311190	325	1447	f	1269	1992-05-07	570628
311191	325	1298	f	1269	2004-08-25	569749
311193	8000	957	f	1269	2007-10-01	569926
311194	4	553	f	194	2000-05-29	569508
311195	325	2377	f	1269	1998-06-18	568333
311196	325	1664	f	1269	1998-10-14	570728
311197	325	1892	f	1269	1998-05-04	569626
311198	300	1939	f	1269	2002-09-13	569525
311199	300	1571	f	1269	1993-01-23	568743
311200	550	3580	f	1269	1997-07-05	570761
311201	250	2443	f	1269	2002-08-24	568694
311202	250	1369	f	1269	2002-12-08	570293
311203	260	1731	f	1269	1991-06-23	568817
311204	250	1691	f	1269	2004-01-20	570818
311206	8800	987	f	1269	2009-01-19	569666
311207	4	531	f	194	2000-08-17	570249
311208	250	1803	f	1269	1994-12-29	568661
311209	250	2027	f	1269	1996-06-26	568806
311210	250	1681	f	1269	1990-02-27	569483
311211	300	2581	f	1269	2008-08-01	567999
311212	250	1674	f	1269	2004-01-12	570604
311213	250	1619	f	1269	2006-03-17	568852
311214	250	1503	f	1269	2008-11-04	568642
311215	250	1855	f	1269	2006-10-03	568794
311216	250	2079	f	1269	1996-12-23	569057
311217	250	2737	f	1269	2005-02-24	568991
311221	120000	9082	f	1269	1999-06-19	568299
311222	4	2490	f	194	1994-06-13	568629
311223	8000	1117	f	1269	2004-04-21	569250
311224	4	780	f	194	1999-08-25	570524
311225	290	5159	f	1269	2003-12-17	568307
311226	170	2551	f	1269	2000-10-24	570575
311227	170	2032	f	1269	2005-04-29	568558
311228	170	2204	f	1269	1996-08-22	567945
311229	175	2421	f	1269	2008-08-29	569381
311230	170	2443	f	1269	2003-06-28	569351
311231	175	1938	f	1269	2008-03-30	569037
311232	170	1856	f	1269	1991-09-03	569904
311233	170	1846	f	1269	1998-07-31	569590
311234	185	3212	f	1269	2008-01-21	569385
311236	5200	807	f	1269	1995-12-10	568529
311237	4	921	f	194	1990-04-10	569402
311239	170	1948	f	1269	2005-01-23	570835
311240	170	2085	f	1269	2007-09-13	570074
311241	170	2103	f	1269	1994-03-16	570530
311242	175	1871	f	1269	2000-06-25	567762
311243	175	2375	f	1269	1997-02-22	570817
311244	170	2230	f	1269	2010-01-05	570040
311245	170	1736	f	1269	2008-11-14	569240
311246	170	1923	f	1269	1993-11-21	569635
311247	170	2354	f	1269	1995-05-29	567706
311248	170	1614	f	1269	1990-07-15	569122
311250	5200	900	f	1269	2000-06-20	570768
311251	4	936	f	194	1995-07-13	569279
311252	170	1938	f	1269	2002-12-04	569398
311253	130	1861	f	1269	1999-03-11	569886
311254	130	1414	f	1269	1992-02-10	570743
311255	130	1432	f	1269	1995-07-05	570691
311256	130	1401	f	1269	1994-07-26	569918
311257	130	1436	f	1269	1996-05-12	570152
311258	130	1502	f	1269	2007-02-19	568585
311259	130	1635	f	1269	2002-04-12	569681
311260	130	1978	f	1269	2007-10-08	568580
311261	130	2269	f	1269	2007-06-22	568799
311263	5500	2489	f	1269	1995-06-09	569671
311264	4	832	f	194	2004-06-02	567800
311265	130	1532	f	1269	1994-07-30	569274
311266	130	1335	f	1269	2003-12-30	569058
311267	130	1678	f	1269	2003-06-15	570421
311268	130	2004	f	1269	2003-08-19	570463
311269	210	3957	f	1269	1993-01-02	569338
311270	130	2099	f	1269	2005-11-02	570648
311271	130	1858	f	1269	1997-11-06	568358
311272	130	1539	f	1269	2002-07-13	569596
311273	130	1859	f	1269	1997-03-07	568204
311274	130	1777	f	1269	2004-08-01	570230
311276	5000	906	f	1269	1994-07-18	567792
311277	4	757	f	194	1995-01-12	569295
311278	325	7046	f	1269	1991-09-17	570106
311279	110	2500	f	1269	2003-05-15	569993
311280	105	1836	f	1269	2006-05-31	570397
311281	105	1650	f	1269	2003-05-22	567793
311282	110	1829	f	1269	2000-01-13	568025
311283	105	2090	f	1269	2004-12-23	570314
311284	105	1550	f	1269	2006-09-10	569437
311285	155	2036	f	1269	1995-09-27	568237
311286	105	1679	f	1269	1999-03-08	569573
311287	105	1856	f	1269	2007-04-13	568426
311289	5000	797	f	1269	1998-04-17	568747
311290	4	740	f	194	2002-11-02	569234
311291	110	2382	f	1269	2007-10-31	569022
311292	105	1460	f	1269	1990-10-19	568548
311293	105	1606	f	1269	1991-06-22	569544
311294	105	2065	f	1269	2010-10-17	569020
311295	105	3244	f	1269	1999-08-30	569064
311296	105	1715	f	1269	2008-07-20	570799
311297	105	2114	f	1269	1999-03-04	569234
311298	105	1825	f	1269	2003-05-11	568821
311299	110	2234	f	1269	1999-08-18	570762
311300	105	2968	f	1269	1990-07-03	569408
311302	5800	935	f	1269	2004-12-10	568017
311303	4	725	f	194	2003-09-17	569608
311304	155	3997	f	1269	2009-05-15	567761
311305	120	3078	f	1269	2006-09-21	570750
311306	80	1936	f	1269	2010-12-19	569891
311307	80	2130	f	1269	2003-05-13	567895
311308	80	1900	f	1269	1993-04-22	569115
311309	85	2459	f	1269	2010-09-15	568600
311310	85	2398	f	1269	2005-03-26	570344
311311	80	2071	f	1269	1990-08-28	567963
311312	80	2022	f	1269	1995-08-05	570351
311313	80	2097	f	1269	2000-09-29	567846
311315	5200	851	f	1269	1995-12-31	567809
311316	4	592	f	194	1998-11-01	568694
311317	80	1884	f	1269	2007-01-01	568498
311318	80	1820	f	1269	1996-05-07	567765
311319	80	2040	f	1269	2005-12-27	570226
311320	140	6874	f	1269	2005-05-16	568306
311321	80	2287	f	1269	1995-05-05	568659
311322	80	2094	f	1269	2010-09-20	568199
311323	80	1839	f	1269	2007-11-29	569621
311324	80	1834	f	1269	1992-10-14	570424
311325	80	2292	f	1269	1990-06-01	568150
311326	40	1855	f	1269	2004-03-22	569992
311329	5000	828	f	1269	2008-05-29	570547
311330	4	562	f	194	1999-01-01	568731
311331	40	1785	f	1269	2009-11-24	570823
311332	40	1897	f	1269	2007-12-18	569192
311333	40	1440	f	1269	1993-04-20	568369
311334	40	1720	f	1269	1999-10-05	570163
311335	40	1700	f	1269	2005-10-21	570169
311336	40	1656	f	1269	1990-02-10	570745
311337	40	2313	f	1269	1996-03-03	570624
311338	40	2130	f	1269	2004-06-26	568151
311339	40	1365	f	1269	2005-11-18	568352
311340	40	1531	f	1269	2007-01-07	568956
311343	5000	709	f	1269	1997-01-05	567787
311344	4	702	f	194	2009-12-23	568959
311345	40	1398	f	1269	2009-07-06	570040
311346	40	1467	f	1269	1995-02-20	570456
311347	40	1740	f	1269	2007-06-24	569219
311348	40	1928	f	1269	2002-04-23	569306
311349	40	1523	f	1269	1998-01-28	570610
311350	40	2016	f	1269	1999-11-10	568494
311351	40	2011	f	1269	2006-06-29	567993
311352	40	1930	f	1269	2000-04-02	570107
311353	40	1866	f	1269	1992-01-18	570510
311354	40	2788	f	1269	1998-07-09	570251
311359	58000	5396	f	1269	2008-12-15	568917
311360	4	1962	f	194	2000-11-21	570484
311361	5800	939	f	1269	2009-04-09	570141
311362	4	896	f	194	2002-01-19	568177
311363	50	4985	f	1269	2005-10-07	570000
311364	40	3179	f	1269	1995-05-14	567850
311365	42	3453	f	1269	1997-03-22	569104
311366	40	2344	f	1269	1993-02-08	569864
311367	40	1915	f	1269	2005-11-30	569436
311368	40	2287	f	1269	2009-09-22	570391
311369	40	1749	f	1269	1999-06-02	569199
311370	40	1690	f	1269	1998-11-04	567964
311371	40	1914	f	1269	2004-03-26	569754
311372	40	1796	f	1269	1992-06-15	570334
311375	4500	886	f	1269	1994-06-12	569402
311376	4	804	f	194	2005-04-02	569689
311377	40	2363	f	1269	2005-06-01	568114
311378	40	2166	f	1269	1994-10-01	569457
311379	40	2315	f	1269	2003-07-06	569165
311380	40	2496	f	1269	2006-06-14	570285
311381	16	2314	f	1269	1991-12-12	569565
311382	16	1843	f	1269	2006-01-01	570579
311383	16	1690	f	1269	1995-01-18	568308
311384	16	1788	f	1269	2007-03-27	569465
311385	16	1677	f	1269	1996-12-02	568403
311386	16	2441	f	1269	2005-12-11	570687
311388	4800	912	f	1269	2008-11-29	570346
311389	4	561	f	194	1997-04-04	568788
311390	16	1916	f	1269	1999-10-28	570204
311391	16	1971	f	1269	1996-12-17	569886
311392	16	1378	f	1269	1998-07-16	570854
311393	16	1594	f	1269	2002-07-31	569662
311394	16	1579	f	1269	1994-10-27	569586
311395	28	4038	f	1269	1995-06-16	569466
311396	12	2018	f	1269	2000-03-12	570676
311397	12	1672	f	1269	2000-11-05	570108
311398	12	2120	f	1269	1995-10-17	568781
311399	12	1683	f	1269	1992-05-18	569002
311401	4400	649	f	1269	2001-12-13	568036
311402	4	514	f	194	2007-02-11	568824
311403	12	1692	f	1269	2008-10-08	569528
311404	12	1889	f	1269	2008-05-31	568680
311405	22	3761	f	1269	2004-02-05	570755
311406	12	1874	f	1269	1995-06-23	569585
311407	12	2349	f	1269	1998-04-14	570016
311408	12	1727	f	1269	1991-04-23	570181
311409	12	2475	f	1269	1994-02-20	570418
311410	60	6296	f	1269	1999-10-18	569234
311411	12	2490	f	1269	2007-02-18	569059
311412	12	3740	f	1269	2000-10-18	567799
311414	4400	836	f	1269	2005-04-08	569013
311415	4	452	f	194	2005-05-20	568426
311416	18	3340	f	1269	1992-04-30	569679
311417	10	2528	f	1269	1993-06-19	568550
311418	10	2421	f	1269	1990-05-09	569135
311419	60	5215	f	1269	2003-12-05	568740
311420	10	2298	f	1269	2010-06-26	569076
311421	10	1477	f	1269	2000-01-19	568827
311422	10	1961	f	1269	1996-07-25	570123
311423	10	1586	f	1269	2003-09-12	570554
311424	10	1738	f	1269	1995-12-11	568813
311425	18	2979	f	1269	1990-05-30	569958
311427	4400	543	f	1269	1994-09-14	569798
311428	4	427	f	194	1997-02-15	568464
311429	7	3715	f	1269	1999-10-30	568032
311431	7	1847	f	1269	2005-03-27	570631
311432	7	1735	f	1269	1996-04-10	569346
311433	7	1738	f	1269	2009-01-08	569683
311434	7	1570	f	1269	2000-05-11	569956
311435	7	1465	f	1269	1994-06-09	570787
311436	7	1836	f	1269	2001-07-27	568666
311437	7	1937	f	1269	2009-10-15	570510
311438	7	1367	f	1269	2002-05-24	569632
311439	7	1376	f	1269	2009-06-26	570327
311441	4400	622	f	1269	2008-10-29	569692
311442	4	454	f	194	2000-03-23	569517
311443	7	1360	f	1269	2002-06-09	567752
311444	7	1266	f	1269	2005-02-07	568063
311445	7	1268	f	1269	2009-04-02	568887
311446	7	1391	f	1269	2004-11-02	568589
311447	7	1618	f	1269	2008-10-04	569338
311448	7	1282	f	1269	1998-02-12	570515
311449	9	2259	f	1269	2009-12-04	568678
311450	7	1289	f	1269	1991-05-01	568936
311451	7	1307	f	1269	1996-06-29	570401
311453	7000	1861	f	1269	2008-10-30	569193
311454	4	419	f	194	2007-05-28	569620
311455	7	1395	f	1269	2000-11-23	569949
311456	20	4569	f	1269	1996-12-12	569856
311457	16	2844	f	1269	1995-02-04	569090
311458	20	4041	f	1269	2008-08-28	569424
311459	7	1572	f	1269	1995-11-08	570737
311460	10	2145	f	1269	1995-09-11	569936
311461	7	1188	f	1269	1991-06-16	569036
311462	10	1766	f	1269	2004-04-23	569123
311463	7	1156	f	1269	1992-02-07	570560
311464	7	1022	f	1269	2001-01-25	569540
311465	4400	654	f	1269	1995-02-23	568791
311466	4	476	f	194	1998-09-29	568937
311467	7	1428	f	1269	1992-10-31	568711
311468	12	3121	f	1269	2002-10-26	568626
311470	7	1615	f	1269	2002-01-02	570636
311472	8	2443	f	1269	2009-09-11	568974
311474	12	2973	f	1269	1998-07-07	570724
311475	9	2417	f	1269	2007-02-08	569876
311477	7	1561	f	1269	1998-04-29	570508
311479	9	1682	f	1269	1998-12-30	568466
311481	9	1923	f	1269	1994-09-11	570707
311483	7	1303	f	1269	1998-01-20	568814
311486	4400	621	f	1269	1990-10-06	570795
311487	4	526	f	194	2000-05-28	569830
311488	7	1562	f	1269	1997-04-07	570126
311490	7	1534	f	1269	1999-04-16	568093
311492	7	1182	f	1269	2007-09-09	568895
311494	7	1076	f	1269	2004-05-17	569160
311495	7	1085	f	1269	1995-10-22	568416
311496	7	1778	f	1269	1995-09-13	568920
311498	7	1425	f	1269	1993-07-25	570582
311500	7	1586	f	1269	1990-03-24	568200
311469	13.200000000000001	1477	t	1269	2008-12-24	568176
311471	13.200000000000001	1151	t	1269	2010-02-10	568470
311473	13.200000000000001	1118	t	1269	1995-08-17	568171
311476	13.200000000000001	1345	t	1269	1999-07-20	570803
311478	13.200000000000001	1014	t	1269	2007-01-09	568440
311480	13.200000000000001	971	t	1269	1994-08-08	568568
311482	13.200000000000001	1114	t	1269	1997-08-24	569665
311484	13.200000000000001	902	t	1269	2005-04-07	570649
311485	4.4	330	t	194	2000-04-01	570096
311489	13.200000000000001	973	t	1269	1998-12-04	568841
311491	13.200000000000001	876	t	1269	1993-07-30	568477
311493	13.200000000000001	830	t	1269	2008-02-15	568613
311497	13.200000000000001	849	t	1269	1990-11-30	567739
311499	13.200000000000001	830	t	1269	2005-08-15	569869
310515	11	36	t	2	2008-05-04	570100
310543	11	3232	t	59	1993-12-28	568318
310544	11	3530	t	59	1998-11-10	568563
310583	17.6	4109	t	59	1998-02-21	569176
310617	11	25	t	2	1998-10-15	568778
310711	110.00000000000001	692	t	3	1992-06-11	567919
310712	110.00000000000001	356	t	3	2001-02-14	568668
310719	110.00000000000001	1043	t	2	2000-10-13	570797
310727	82.5	234	t	3	2005-09-02	568358
310728	110.00000000000001	69	t	3	2010-06-02	568767
310730	110.00000000000001	46	t	2	2009-01-18	570166
310746	82.5	349	t	3	2005-09-23	569531
310747	110.00000000000001	313	t	3	1993-06-25	568177
310756	137.5	784	t	2	2009-07-04	570092
310763	3.3000000000000003	342	t	1269	2005-08-13	568619
310764	4.4	1835	t	194	1998-05-27	567958
310765	66	3196	t	194	2009-06-25	567810
310766	5.5	1549	t	194	1997-01-29	569035
310769	4.4	4554	t	194	1992-11-04	568656
310770	4.4	3500	t	194	2000-02-26	568822
310771	4.4	2621	t	194	2003-04-01	570422
310772	4.4	2122	t	194	1990-10-22	569670
310777	8.8	4828	t	1269	2010-01-08	570020
310778	27.500000000000004	2785	t	1269	1993-04-14	570042
310779	49.50000000000001	2433	t	1269	1994-11-14	569618
310780	0	1606	t	1269	2010-02-19	568677
310781	16.5	1776	t	1269	1996-12-07	569619
310782	22	1420	t	1269	1992-07-24	569349
310783	44	1426	t	1269	1991-02-18	568461
310784	8.8	4094	t	1269	1999-09-01	568068
310785	132	4056	t	1269	2007-01-28	568079
310786	8.8	3478	t	1269	2009-01-10	570381
310787	44	2388	t	1269	1991-01-24	569447
310788	55.00000000000001	2197	t	1269	1990-09-02	569133
310789	20.900000000000002	1302	t	1269	2008-10-18	569416
310790	8.8	3344	t	1269	1999-03-19	569365
310791	8.8	3053	t	1269	1991-02-27	569594
310792	26.125000000000004	1287	t	1269	1998-02-08	570668
310793	15.400000000000002	1273	t	1269	2005-03-08	567903
310794	13.200000000000001	1333	t	1269	1990-10-30	570440
310795	63.800000000000004	1795	t	1269	2008-07-14	570358
310796	0	1214	t	1269	2005-10-29	570328
310797	8.8	2922	t	1269	2002-02-27	568085
310798	8.8	2913	t	1269	1999-08-14	567930
310799	8.8	3217	t	1269	1994-05-25	569331
310800	27.500000000000004	4416	t	1269	1996-07-30	570664
310801	8.8	3480	t	1269	1999-04-26	569071
310802	33	1192	t	1269	1990-07-11	568129
310803	38.5	6026	t	1269	2009-08-27	568700
310804	16.5	925	t	1269	2002-10-28	568466
310805	16.5	2486	t	1269	2001-06-30	568461
310806	22	2224	t	1269	1990-05-08	569878
310807	8.8	952	t	1269	1995-04-11	569519
310808	14.3	835	t	1269	2003-05-09	568256
310809	19.8	927	t	1269	1991-06-30	569410
310810	27.500000000000004	488	t	1269	1990-08-27	568433
310811	8.8	914	t	1269	1995-10-23	568822
310812	11	1077	t	1269	2010-05-27	569576
310813	22	1082	t	1269	2008-06-30	568705
310814	38.5	1139	t	1269	1995-12-24	567990
310815	16.5	1165	t	1269	2002-03-04	569497
310816	38.5	1400	t	1269	2010-09-19	569936
310817	22	1249	t	1269	1990-04-27	568083
310818	27.500000000000004	1528	t	1269	1996-02-25	567889
310819	38.5	1676	t	1269	2002-05-28	570353
310821	4.4	924	t	1269	2003-10-27	567742
310822	4.4	841	t	1269	1993-04-10	568064
310823	82.5	2007	t	1269	1995-09-22	570768
310825	4.4	641	t	1269	1993-04-19	568363
310826	4.4	461	t	1269	2001-01-27	569346
310828	4.4	423	t	1269	1998-12-17	569653
310829	4.4	389	t	1269	1995-05-19	568557
310831	4.4	503	t	1269	2005-09-21	567922
310833	4.4	304	t	1269	2010-10-04	569234
310835	4.4	329	t	1269	1992-06-20	569281
310837	4.4	353	t	1269	1990-12-20	569545
310839	4.4	274	t	1269	1992-06-28	569414
310841	4.4	223	t	1269	2004-05-03	570674
310842	16.5	208	t	1269	1993-06-17	569958
310845	4.4	192	t	1269	1991-05-06	569675
310847	4.4	185	t	1269	2006-10-22	568459
310849	4.4	261	t	1269	2001-03-22	568573
310851	5.5	293	t	1269	2001-01-19	570054
310853	4.4	176	t	1269	2000-03-25	569902
310855	4.4	254	t	1269	1996-01-15	570745
310857	4.4	169	t	1269	1995-06-12	567916
310859	5.5	334	t	1269	1999-04-18	570074
310861	5.5	188	t	1269	1993-10-15	569741
310863	5.5	179	t	1269	1995-03-19	568326
310866	5.5	207	t	1269	2000-12-26	568010
310868	4.4	188	t	1269	2009-10-16	567962
310870	4.4	192	t	1269	1997-05-05	567960
310872	4.4	214	t	1269	2001-05-04	568645
310874	4.4	131	t	1269	1991-08-14	568173
310876	4.4	114	t	1269	2003-11-21	568690
310878	4.4	210	t	1269	2010-04-25	570117
310880	5.5	132	t	1269	1992-02-28	570218
310882	5.5	162	t	1269	2005-10-30	569399
310884	5.5	191	t	1269	1997-12-20	570072
310887	6.6000000000000005	125	t	1269	2005-05-29	568977
310889	6.6000000000000005	118	t	1269	1990-05-26	568518
310891	6.6000000000000005	94	t	1269	2010-08-26	570615
310893	6.6000000000000005	84	t	1269	1994-06-10	568659
310894	24.750000000000004	243	t	1269	2010-11-23	568769
310896	6.6000000000000005	64	t	1269	1996-09-05	568218
310898	6.6000000000000005	59	t	1269	2004-04-13	570325
310900	6.6000000000000005	71	t	1269	1995-10-18	569554
310902	6.6000000000000005	59	t	1269	2003-04-07	570761
310904	6.6000000000000005	34	t	1269	1993-09-05	567720
310911	4.4	544	t	194	2006-10-15	568555
310912	82.5	698	t	194	2009-01-15	569754
310913	5.5	299	t	194	1994-08-20	568768
310926	4.4	563	t	194	2000-09-15	570360
310927	82.5	609	t	194	2001-08-30	569848
310928	5.5	279	t	194	2001-08-01	567714
310941	4.4	520	t	194	1992-02-29	568797
310942	66	643	t	194	1991-08-01	568836
310943	5.5	266	t	194	2003-08-21	570159
310956	4.4	495	t	194	2002-06-28	570280
310957	44	521	t	194	1998-03-03	569416
310958	5.5	242	t	194	2009-10-07	568815
310971	4.4	469	t	194	2008-10-31	569433
310972	44	478	t	194	2007-03-09	569979
310973	5.5	265	t	194	1990-08-29	567721
310986	4.4	466	t	194	1995-03-01	567853
310987	49.50000000000001	453	t	194	2007-07-19	568944
310988	5.5	238	t	194	1992-10-09	569175
311001	4.4	427	t	194	2002-11-30	568315
311002	49.50000000000001	467	t	194	2000-06-28	568651
311003	5.5	186	t	194	2001-08-17	568347
311016	4.4	406	t	194	2000-05-24	570554
311017	55.00000000000001	430	t	194	1996-07-28	568124
311018	5.5	215	t	194	1998-06-12	569248
311031	5.5	599	t	194	2010-02-12	569314
311032	55.00000000000001	719	t	194	1998-04-04	569026
311033	5.5	513	t	194	1994-09-27	568823
311034	6.6000000000000005	359	t	194	2008-03-02	567966
311047	11	601	t	194	2009-05-08	568413
311048	5.5	345	t	194	2000-09-09	570060
311049	11	376	t	194	2006-11-10	568769
311050	11	16995	t	1269	2000-07-17	567838
311051	19.8	9650	t	194	1990-10-26	568126
311052	8.8	12031	t	1269	2008-05-23	570125
311053	220.00000000000003	10527	t	194	1997-12-30	569461
311054	4.4	11710	t	1269	1992-07-11	569097
311055	1.1	1324	t	194	1991-10-25	570666
311056	82.5	5186	t	194	2006-04-17	568966
311057	8.8	10807	t	1269	2002-08-28	569469
311058	44	17553	t	1269	1991-05-22	570165
311059	8.8	6999	t	1269	1996-11-17	569776
311060	8.8	3178	t	1269	2009-10-24	568155
311061	13.200000000000001	6403	t	1269	2007-03-16	569259
311062	13.200000000000001	10016	t	1269	1996-03-04	570043
311063	143	1660	t	1269	2002-01-01	568460
311064	30.800000000000004	12109	t	1269	2002-08-25	568725
311065	55.00000000000001	18605	t	1269	1998-01-29	567863
311066	55.00000000000001	14453	t	1269	1995-12-07	570585
311067	0	1664	t	1269	1997-08-12	569468
311068	0	1640	t	1269	2009-06-30	567688
311069	13.200000000000001	8286	t	1269	1990-02-16	569811
311084	11	470	t	194	2006-12-26	570399
311085	5.5	304	t	194	2000-02-15	568192
311098	11	437	t	194	1992-11-24	568467
311099	5.5	241	t	194	2007-06-07	569404
311106	1100	313	t	1269	2002-01-17	570013
311113	11	397	t	194	1990-07-10	568542
311114	5.5	183	t	194	2004-03-11	569442
311118	4.4	372	t	194	1996-06-27	569001
311119	3.3000000000000003	766	t	194	2010-08-13	569586
311121	4.4	251	t	194	1995-10-27	569493
311122	3.3000000000000003	467	t	194	2009-05-29	570449
311124	4.4	217	t	194	1991-05-12	569775
311125	3.3000000000000003	422	t	194	2008-06-28	569620
311127	4.4	153	t	194	1999-07-28	568377
311128	3.3000000000000003	330	t	194	1997-11-10	570380
311139	11	566	t	194	2000-06-08	570437
311140	5.5	359	t	194	2001-04-01	568953
311153	11	512	t	194	1991-08-25	570261
311166	11	465	t	194	1993-08-27	570757
311179	11	323	t	194	2004-05-22	569551
311192	16.5	412	t	194	1992-11-08	569429
311205	16.5	385	t	194	2000-04-30	569817
311218	27.500000000000004	575	t	194	2010-02-22	569894
311219	4.4	2468	t	194	2008-02-18	568012
311220	154	3552	t	194	2009-03-13	568248
311235	16.5	441	t	194	1993-12-01	567937
311238	4.4	318	t	194	2002-04-18	569277
311249	16.5	653	t	194	1998-11-29	568905
311262	4.4	1009	t	194	2010-12-01	569467
311275	4.4	591	t	194	2005-06-16	569869
311288	4.4	565	t	194	2010-03-03	567887
311301	4.4	513	t	194	1993-12-29	568715
311314	4.4	517	t	194	2008-06-23	570771
311327	4.4	532	t	194	1994-01-16	568574
311328	16.5	547	t	194	1996-01-17	569586
311341	4.4	456	t	194	2009-06-28	568124
311342	16.5	521	t	194	2004-06-15	570052
311355	4.4	678	t	194	1993-08-20	568676
311356	16.5	543	t	194	2003-06-26	568099
311357	4.4	1508	t	194	2010-03-18	570537
311358	165	1859	t	194	1991-06-24	570846
311373	4.4	883	t	194	2004-07-04	569079
311374	16.5	783	t	194	1992-08-18	567733
311387	4.4	637	t	194	2007-05-07	569819
311400	4.4	320	t	194	2007-08-17	568687
311413	4.4	430	t	194	2008-04-07	569706
311426	4.4	258	t	194	2005-07-10	567723
311430	8.8	1574	t	1269	1996-11-01	568670
311440	4.4	310	t	194	1991-08-03	570597
311452	4.4	333	t	194	1993-04-30	570064
\.


--
-- Data for Name: comics_series_table; Type: TABLE DATA; Schema: public; Owner: postgres
--

COPY public.comics_series_table (title_id, title, volume, preview, cover_date, genre_id, pub_id, creater_id, character_id, contributer_id) FROM stdin;
567682	'Til Death Do Us Part: To Love, Honor and Perish	one-shot	f	2007	1263	805	152	6442	7837
567683	52 Omnibus	0	f	Nov '12	1222	791	128	6389	7928
567684	A Very DC Halloween	0	f	Oct '19	1233	839	191	6377	8157
567685	A Very DC Rebirth Holiday	0	f	Nov '17	1232	861	174	6388	8108
567686	A Very DC Rebirth Holiday Sequel	0	f	Nov '18	1228	851	210	6578	7819
567687	A Very DC Valentine's Day	TPB/SC	f	Jan '19	1239	853	209	6500	7988
567688	Absolute All-Star Batman and Robin the Boy Wonder	0	f	Jul '14	1226	790	212	6326	8152
567689	Absolute Authority	0	f	Oct '17	1236	852	166	6587	7823
567690	Absolute Authority	0	f	Jul '18	1268	843	166	6325	7901
567691	Absolute Batman: Black Mirror	0	f	May '19	1226	860	216	6522	7779
567692	Absolute Batman: Dark Victory	0	f	May '12	1260	861	160	6514	8112
567693	Absolute Batman: Haunted Knight	0	f	Nov '14	1268	873	173	6573	8174
567694	Absolute Batman: Incorporated	0	f	Dec '14	1252	810	123	6536	8015
567695	Absolute Batman: Killing Joke	0	f	Sep '18	1270	842	144	6444	8058
567696	Absolute Batman: Long Halloween	0	f	Apr '07	1259	804	167	6397	8078
567697	Absolute Batman: The Court of Owls	0	f	Nov '15	1268	814	158	6593	7991
567698	Absolute Batman: Year One	0	f	Nov '16	1227	840	204	6365	7830
567699	Absolute Blackest Night	0	f	Jul '13	1263	850	130	6560	7778
567700	Absolute Dark Knight	0	f	Aug '06	1271	867	163	6599	8079
567701	Absolute Dark Knight	HC	f	Sep '20	1253	818	125	6349	7898
567702	Absolute Dark Knight III: Master Race	0	f	Dec '19	1241	828	177	6561	7957
567703	Absolute Final Crisis	0	f	Oct '12	1227	849	130	6529	8121
567704	Absolute Flashpoint	0	f	Jan '19	1264	795	182	6469	7858
567705	Absolute Fourth World by Jack Kirby	0	f	May '20	1261	790	187	6389	8136
567706	Absolute Green Lantern / Green Arrow	0	f	Dec '15	1245	838	147	6352	7975
567707	Absolute Green Lantern: Rebirth	0	f	Apr '10	1269	844	205	6350	8144
567708	Absolute Green Lantern: Sinestro Corps War	0	f	Sep '12	1224	810	222	6482	7820
567709	Absolute Identity Crisis	0	f	Oct '11	1234	839	199	6401	8049
567710	Absolute Infinite Crisis	0	f	Dec '16	1259	852	214	6501	7862
567711	Absolute Joker / Luthor	0	f	Oct '13	1239	808	146	6545	8026
567712	Absolute Justice	0	f	Nov '09	1225	820	220	6536	7944
567713	Absolute Justice League: Origin	0	f	Sep '17	1221	799	125	6391	7947
567714	Absolute Justice League: World's Greatest Super-Heroes	0	f	Sep '05	1268	847	154	6327	7935
567715	Absolute Ronin	0	f	Sep '08	1258	845	157	6564	7884
567716	Absolute Superman: For Tomorrow	0	f	May '09	1233	865	182	6609	7999
567717	Absolute Top Ten	0	f	Apr '13	1251	845	173	6381	7985
567718	Absolute WildC.A.T.s by Jim Lee	0	f	Mar '18	1223	801	150	6615	7850
567719	Absolute WildC.A.T.s by Jim Lee	HC	f	Mar '18	1265	808	204	6455	7808
567720	Accountant	one-shot	f	Jul '16	1261	802	145	6551	7822
567721	Across the Universe: DC Universe Stories of Alan Moore	0	f	2003	1237	796	222	6439	8007
567722	Action Comics #1000 Deluxe Edition	0	f	Oct '18	1236	861	172	6407	7834
567723	Action Comics: 80 Years of Superman	0	f	Apr '18	1267	852	172	6397	8116
567724	Action Comics: Vigilante Souvenir Edition	one-shot	f	Dec '46	1248	801	216	6539	7942
567725	Action Funnies	one-shot	f	1937	1268	791	155	6330	8078
567726	Adam Strange Special	one-shot	f	Nov '08	1235	860	148	6437	8159
567727	Adam Strange: Silver Age Omnibus	0	f	Jul '17	1222	809	153	6481	7826
567728	Adventure Comics: 80-Page Giant	one-shot	f	Oct '98	1247	837	203	6434	7889
567729	Adventures of Superman by George Perez	0	f	May '20	1263	849	197	6399	7888
567730	Adventures of Superman by Gil Kane	0	f	Jan '13	1245	799	190	6613	8069
567731	Adventures of Superman: Py-Co-Pay Giveaway	one-shot	f	1942	1262	807	135	6394	8177
567732	Agent Liberty Special	one-shot	f	Jan '92	1223	818	128	6382	7811
567733	Alganon	one-shot	f	Jul '11	1247	794	124	6458	7804
567734	Alien Nation	one-shot	f	Dec '88	1264	790	146	6616	7778
567735	All-Star Comics: Only Legends Live Forever	0	f	Oct '19	1229	809	154	6365	8144
567736	Amazing World of Superman	one-shot	f	1973	1266	848	192	6592	8015
567737	Amazingly Stupid MAD	0	f	Aug '12	1256	815	147	6442	8094
567738	Ambush Bug: Nothing Special	one-shot	f	Sep '92	1261	862	156	6346	7900
567739	Amethyst: Princess Of Gemworld	TPB/SC	f	Nov '21	1253	838	146	6375	8131
567740	Anarky: The Complete Series	TPB/SC	f	Jan '18	1262	856	154	6516	7927
567741	Animal Man by Jeff Lemire Omnibus	0	f	Dec '19	1244	868	188	6475	8047
567742	Animaniacs: Emergency World	one-shot	f	Dec '94	1255	851	193	6602	7970
567743	Anti/Hero	TPB/SC	f	May '20	1266	817	124	6522	7937
567744	Aquaman / Jabberjaw Special	one-shot	f	Jul '18	1255	843	191	6356	7872
567745	Aquaman / Jabberjaw Special	one-shot	f	Jul '18	1245	793	160	6488	8054
567746	Aquaman / Suicide Squad: Sink Atlantis	0	f	Feb '19	1268	868	190	6370	8053
567747	Aquaman Special	one-shot	f	Jun '88	1265	840	190	6524	8093
567748	Aquaman by Geoff Johns Omnibus	0	f	Dec '18	1268	864	213	6583	8005
567749	Aquaman: A Celebration of 75 Years	0	f	Oct '16	1236	853	169	6571	7995
567750	Aquaman: Deadly Waters	0	f	Aug '20	1239	831	150	6534	7922
567751	Aquaman: Death of a Prince	0	f	Jan '20	1240	819	188	6344	8144
567752	Aquaman: Deep Dives	TPB/SC	f	Jun '21	1243	797	181	6523	7844
567753	Aquaman: Kingdom Lost	0	f	Aug '17	1231	812	185	6450	8081
567754	Aquaman: Search for Mera	0	f	Nov '18	1230	793	199	6559	7846
567755	Aquaman: Sub Diego	0	f	Jul '15	1263	808	139	6322	7786
567756	Aquaman: Tempest	0	f	Jun '18	1249	808	164	6495	7819
567757	Aquaman: Underworld - Deluxe Edition	0	f	Nov '18	1228	848	175	6548	7848
567758	Aquaman: War for the Throne	0	f	Nov '18	1232	838	131	6503	7851
567759	Aquateers Meet the Super Friends	one-shot	f	Jan '79	1262	852	219	6386	7937
567760	Are You Afraid of Darkseid?	0	f	Dec '21	1266	822	183	6443	8046
567761	Arkham Asylum: Madness	0	f	2010	1242	869	139	6356	7950
567762	Arkham Manor: Endgame	one-shot	f	Jun '15	1271	827	215	6539	8054
567763	Arkhamaniacs	TPB/SC	f	Dec '20	1238	864	171	6384	8177
567764	Army at War	one-shot	f	Oct '78	1269	800	218	6458	7908
567765	Arrow vs the Flash: Double Down	one-shot	f	Jul '15	1232	817	223	6400	7848
567766	Arrow vs the Flash: Double Down	one-shot	f	Jul '15	1249	823	148	6505	8169
567767	Arrow: Dark Archer	0	f	Aug '16	1243	793	128	6327	7884
567768	Arsenal: Special	one-shot	f	1996	1258	852	149	6373	7833
567769	Art of DC Comics Bombshells	0	f	Nov '16	1242	798	141	6571	7928
567770	Astro City: Special Edition	one-shot	f	Aug '10	1232	844	143	6546	7974
567771	Atomic Knights	0	f	May '10	1228	800	193	6371	8131
567772	Authority Omnibus	0	f	Jul '19	1245	853	160	6378	7837
567773	Authority by Ed Brubaker & Dustin Nguyen	0	f	Mar '19	1262	800	156	6321	8121
567774	Azrael / Ash	one-shot	f	Jan '97	1241	809	165	6388	7843
567775	Azrael Plus	one-shot	f	Dec '96	1232	811	209	6432	7783
567776	Azrael: Fallen Angel	0	f	Mar '16	1241	804	134	6512	8163
567777	Batgirl / Robin: Year One	0	f	Jun '13	1255	866	170	6562	7927
567778	Batgirl Adventures	one-shot	t	Feb '98	1260	795	205	6546	7955
567779	Batgirl Returns - Omnibus	HC	f	Mar '21	1239	830	168	6355	8144
567780	Batgirl: A Celebration of 50 Years	0	f	Feb '17	1230	846	135	6538	7806
567781	Batgirl: Endgame	one-shot	f	May '15	1236	829	183	6456	8126
567782	Batgirl: Secret Files & Origins	one-shot	f	Aug '02	1254	816	188	6572	8093
567783	Batgirl: Special	one-shot	f	1988	1230	835	174	6579	8065
567784	Batman & Demon: A Tragedy	0	f	Dec '99	1241	838	218	6384	7935
567785	Batman & Dracula: Red Rain	0	t	May '91	1243	856	155	6431	7915
567786	Batman & Harley Quinn: Last Call	0	f	Dec '16	1247	851	178	6389	7825
567787	Batman & Superman Adventures: World's Finest	0	f	Dec '96	1254	820	136	6566	7862
567788	Batman '66 Meets the Legion of Super-Heroes	one-shot	f	Sep '17	1232	872	147	6330	7966
567789	Batman '66 Omnibus	0	f	Aug '18	1269	850	129	6434	8111
567790	Batman / Arkham: Black Mask	0	f	Jan '20	1257	857	208	6489	7786
567791	Batman / Captain America	one-shot	f	Dec '96	1247	832	166	6552	8067
567792	Batman / Catwoman: Follow the Money	one-shot	f	Jan '11	1229	817	151	6571	7932
567793	Batman / Catwoman: The Wedding Album	0	f	Sep '18	1267	826	215	6451	8135
567794	Batman / Daredevil	one-shot	t	Jan '00	1257	820	214	6560	8059
567795	Batman / Demon	0	f	Jan '96	1241	824	184	6436	8056
567796	Batman / Doc Savage Special	one-shot	f	Jan '10	1251	836	158	6330	7842
567797	Batman / Doc Savage Special	one-shot	f	Jan '10	1229	821	197	6384	7890
567798	Batman / Green Arrow: Poison Tomorrow	one-shot	f	Jul '92	1256	850	220	6416	7938
567799	Batman / Joker: Switch	0	f	Oct '03	1247	804	127	6596	7864
567800	Batman / Judge Dredd Collection	0	f	Nov '12	1255	838	185	6609	8087
567801	Batman / Judge Dredd: Judgment on Gotham	one-shot	f	Dec '91	1267	809	188	6344	8029
567802	Batman / Judge Dredd: Ultimate Riddle	one-shot	f	Sep '95	1229	826	138	6596	8114
567803	Batman / Judge Dredd: Vendetta in Gotham	one-shot	f	Dec '93	1266	794	136	6382	7873
567804	Batman / Lobo	one-shot	f	Apr '00	1269	791	221	6369	8073
567805	Batman / Nightwing: Bloodborne	one-shot	f	Jul '02	1238	799	134	6434	8154
567806	Batman / Phantom Stranger	one-shot	f	Oct '97	1244	818	206	6371	8139
567807	Batman / Poison Ivy: Cast Shadows	one-shot	f	2004	1242	833	176	6582	7897
567808	Batman / Punisher: Lake of Fire	one-shot	f	Jun '94	1242	849	152	6539	7870
567809	Batman / Spawn: War Devil	one-shot	f	Jun '94	1225	806	150	6452	7968
567810	Batman / Spider-Man	one-shot	f	Oct '97	1248	808	149	6426	8051
567811	Batman / Spirit	one-shot	f	Jan '07	1250	850	153	6505	7922
567812	Batman / Two-Face: Crime and Punishment	one-shot	f	Mar '95	1240	817	194	6560	7873
567813	Batman / Two-Face: Face the Face - Deluxe Edition	0	f	Apr '17	1229	801	150	6593	7974
567814	Batman 3-D	0	f	1990	1227	803	142	6551	7944
567815	Batman Adventures / Scooby-Doo	one-shot	f	Oct '12	1241	806	165	6438	8012
567816	Batman Adventures: Batgirl - A League of Her Own	0	f	Aug '20	1250	866	173	6359	7876
567817	Batman Adventures: Cat Got Your Tongue?	0	f	Sep '21	1269	840	211	6408	7988
567818	Batman Adventures: Coloring Book	one-shot	f	1993	1234	828	208	6470	7936
567819	Batman Adventures: Holiday Special	one-shot	f	Jan '95	1265	861	133	6436	7837
567820	Batman Adventures: Mad Love	0	f	Apr '15	1239	790	219	6584	8065
567821	Batman Adventures: Nightwing Rising	0	f	Oct '20	1271	860	195	6523	7800
567822	Batman Adventures: Riddle Me This	0	f	Apr '21	1258	795	223	6420	7841
567823	Batman Adventures: Robin - Boy Wonder	0	f	Jan '21	1233	823	192	6497	7827
567824	Batman Allies: Alfred Pennyworth	0	f	Mar '20	1225	814	184	6615	8011
567825	Batman Allies: Secret Files	one-shot	f	Jun '05	1235	794	147	6468	7833
567826	Batman Arkham: Man-Bat	TPB/SC	f	Jan '17	1244	814	219	6563	8124
567827	Batman Begins: Movie & Other Tales of the Dark Knight	0	f	Jun '05	1257	789	133	6490	7895
567828	Batman Begins: Movie Adaptation	one-shot	f	Jun '05	1255	833	166	6336	7895
567829	Batman Begins: Special DVD Issue	one-shot	f	Oct '05	1223	838	183	6368	8004
567830	Batman Beyond: 10,000 Clowns	0	f	May '13	1263	842	133	6356	8077
567831	Batman Beyond: Batgirl Beyond	0	f	Apr '14	1237	789	207	6355	8088
567832	Batman Beyond: Return of the Joker	one-shot	f	Feb '01	1239	812	191	6431	8061
567833	Batman Chronicles: Gallery	one-shot	f	Mar '97	1226	837	199	6474	8124
567834	Batman Chronicles: Gauntlet	one-shot	f	Dec '96	1231	837	178	6348	8000
567835	Batman Gallery	one-shot	f	Dec '91	1263	826	179	6466	8080
567836	Batman Gotham Knights: Contested	TPB/SC	f	Feb '21	1239	852	171	6404	7826
567837	Batman Incorporated: Leviathan Strikes	one-shot	f	Feb '12	1254	812	145	6488	7782
567838	Batman Noir: Black Mirror	0	f	Feb '16	1253	815	148	6608	7840
567839	Batman Noir: Dark Knight Returns	0	f	Jun '15	1225	869	181	6519	8036
567840	Batman Noir: Dark Knight Strikes Again	0	f	Mar '18	1266	823	134	6502	8163
567841	Batman Noir: Dark Victory	0	f	Jul '17	1224	845	215	6543	7811
567842	Batman Noir: Eduardo Risso	0	f	Jun '13	1240	810	154	6453	8120
567843	Batman Noir: Gotham by Gaslight	0	f	Apr '19	1226	802	186	6341	8137
567844	Batman Noir: Hush	0	f	Sep '15	1270	857	187	6378	8141
567845	Batman Noir: Killing Joke	0	f	Aug '16	1265	853	124	6544	7922
567846	Batman Noir: Long Halloween	0	f	Oct '14	1234	845	150	6358	7950
567847	Batman Noir: The Court of Owls	0	f	Dec '17	1270	805	205	6370	7987
567848	Batman Plus	one-shot	f	Feb '97	1239	850	203	6580	7811
567849	Batman Special	one-shot	f	Jun '84	1235	836	147	6330	8087
567850	Batman Tales: Once Upon a Crime	0	f	Jan '20	1245	823	152	6471	7894
567851	Batman Unwrapped by Andy Kubert: Deluxe Edition	0	f	Mar '14	1234	826	173	6552	8059
567852	Batman Unwrapped: Death of the Family	0	f	Dec '17	1243	806	199	6419	7808
567853	Batman Unwrapped: R.I.P.	0	f	Sep '15	1232	806	161	6507	8116
567854	Batman Unwrapped: The Court of Owls	0	f	Sep '14	1229	872	160	6469	8039
567855	Batman and Harley Quinn	0	f	Mar '18	1243	809	192	6565	7887
567856	Batman and Other DC Classics	one-shot	f	Jul '89	1221	831	184	6411	7787
567857	Batman and Robin & Howard/Amethyst	fcbd	f	Oct '21	1264	833	163	6451	7968
567858	Batman and Robin Adventures: Act II Popcorn Mini-Comic	one-shot	f	1998	1222	816	173	6608	8166
567859	Batman and Robin Adventures: Sub-Zero	one-shot	f	1998	1258	807	223	6585	7895
567860	Batman and Robin and Howard	TPB/SC	f	Nov '21	1223	814	138	6325	7908
567861	Batman and Robin and Howard / Amethyst: Princess of Gemworld	one-shot	f	Oct '21	1266	809	163	6330	7990
567862	Batman and Robin: Bad Blood	0	f	Nov '18	1228	872	200	6343	7877
567863	Batman and Robin: Movie Preview	one-shot	f	Dec '96	1264	861	154	6573	7979
567864	Batman and Son	0	f	2007	1225	831	182	6339	8175
567865	Batman by Brian Azzarello & Eduardo Risso	0	f	Jun '17	1255	834	135	6583	7827
567866	Batman by Brian K. Vaughan	0	f	Mar '17	1255	870	207	6414	7821
567867	Batman by Doug Moench and Kelley Jones	0	f	Mar '14	1222	815	164	6605	7916
567868	Batman by Doug Moench and Kelley Jones	0	f	Aug '18	1259	857	213	6517	7943
567869	Batman by Francis Manapul & Brian Buccellato	0	f	Nov '18	1262	858	191	6522	8070
567870	Batman by Jeph Loeb & Tim Sale Omnibus	0	f	Sep '18	1222	841	223	6339	7824
567871	Batman by Neal Adams Omnibus	0	f	Mar '16	1265	810	127	6457	7832
567872	Batman by Paul Dini Omnibus	0	f	Sep '20	1264	798	154	6461	7969
567873	Batman by Scott Snyder & Greg Capullo - Omnibus	HC	f	Oct '19	1222	837	218	6444	7873
567874	Batman by Scott Snyder & Greg Capullo - Omnibus	HC	f	Nov '21	1235	854	127	6522	7780
567875	Batman by Tom King & Lee Weeks: Deluxe Edition	0	f	Nov '20	1269	846	191	6593	8025
567876	Batman in Barcelona: Dragon's Knight	one-shot	f	Jul '09	1244	849	176	6378	7950
567877	Batman in the Eighties	0	f	Oct '04	1268	819	170	6477	7875
567878	Batman in the Forties	0	f	May '04	1258	868	133	6505	8109
567879	Batman in the Seventies	0	f	Apr '99	1265	838	214	6364	7971
567880	Batman in the Sixties	0	f	Mar '99	1249	800	208	6457	8077
567881	Batman of Arkham	one-shot	f	Jun '00	1240	857	127	6505	8079
567882	Batman vs Bane	0	f	Feb '12	1232	813	163	6611	7923
567883	Batman vs Deathstroke	0	f	Mar '19	1254	792	151	6501	8027
567884	Batman vs Superman: Greatest Battles	0	f	Nov '15	1226	851	171	6468	7923
567885	Batman vs Two-Face	0	f	2008	1223	800	220	6576	8006
567886	Batman vs the Incredible Hulk: Collector's Edition	one-shot	f	May '95	1259	807	140	6398	7931
567887	Batman: 12-Cent Adventure	one-shot	f	Oct '04	1255	801	222	6526	7923
567888	Batman: 1989 Movie Adaptation	0	f	Nov '19	1255	791	149	6448	7897
567889	Batman: 75th Anniversary Commemorative Collection	0	f	Oct '14	1232	870	134	6368	7830
567890	Batman: 80 Years of the Bat Family	0	f	Oct '20	1249	860	129	6411	7997
567891	Batman: A Celebration of 75 Years	0	f	Jul '14	1238	863	193	6449	8006
567892	Batman: A Lonely Place of Dying	one-shot	f	Jan '90	1270	842	142	6330	7818
567893	Batman: A Lot of Li'l Gotham	0	f	Sep '18	1239	833	205	6346	7831
567894	Batman: A Word to the Wise	one-shot	f	1992	1222	861	161	6470	8159
567895	Batman: Abduction	one-shot	f	1998	1265	855	196	6604	8172
567896	Batman: Absolution	0	f	2002	1249	865	220	6419	8121
567897	Batman: Arkham - Clayface	0	f	Aug '17	1250	843	198	6513	7825
567898	Batman: Arkham - Hugo Strange	0	f	Apr '18	1237	794	147	6353	8055
567899	Batman: Arkham - Joker's Daughter	0	f	Dec '17	1265	821	161	6461	8091
567900	Batman: Arkham - Killer Croc	0	f	Jun '16	1224	835	218	6496	7993
567901	Batman: Arkham - Mister Freeze	0	f	May '17	1223	857	130	6359	7922
567902	Batman: Arkham - Penguin	0	f	Aug '18	1257	856	187	6340	8040
567903	Batman: Arkham - Poison Ivy	0	f	Sep '16	1244	865	220	6487	7778
567904	Batman: Arkham - Ra's Al Ghul	0	f	Mar '19	1267	821	188	6444	8172
567905	Batman: Arkham - Riddler	0	f	Apr '15	1243	801	128	6574	8152
567906	Batman: Arkham - Scarecrow	0	f	Feb '16	1228	869	145	6580	7876
567907	Batman: Arkham - Talia Al Ghul	0	f	Mar '21	1248	872	173	6345	7925
567908	Batman: Arkham - Two-Face	0	f	Nov '15	1260	861	212	6426	8111
567909	Batman: Arkham - Viktor Zsasz	0	f	Jan '20	1237	853	131	6426	8118
567910	Batman: Arkham Asylum - Living Hell	0	f	Jun '14	1227	859	181	6382	8145
567911	Batman: Arkham Asylum - Road to Arkham	one-shot	f	2009	1245	861	137	6578	7880
567912	Batman: Arkham Asylum - Tales of Madness	one-shot	t	May '98	1230	816	156	6605	8054
567913	Batman: Arkham City Special	one-shot	f	Aug '11	1249	805	127	6371	7878
567914	Batman: Arkham Knight - Robin Special	one-shot	f	Jan '16	1269	815	209	6443	8103
567915	Batman: Arkham Origins	0	f	Dec '14	1224	856	154	6347	7888
567916	Batman: Arkham Saga Omnibus	0	f	Sep '18	1236	834	216	6495	8164
567917	Batman: As the Crow Flies	0	f	Oct '04	1264	797	146	6447	7986
567918	Batman: Bane	one-shot	f	May '97	1261	836	189	6366	7893
567919	Batman: Bat and the Cat - 80 Years of Romance	0	f	Jan '20	1257	844	155	6434	8125
567920	Batman: Battle for the Cowl - Arkham Asylum	one-shot	t	Jun '09	1231	798	204	6610	8152
567921	Batman: Battle for the Cowl - Commissioner Gordon	one-shot	f	May '09	1234	835	193	6454	7900
567922	Batman: Battle for the Cowl - Man Bat	one-shot	f	Jun '09	1258	792	204	6446	7858
567923	Batman: Battle for the Cowl - Network	one-shot	f	Jul '09	1269	788	196	6326	8147
567924	Batman: Battle for the Cowl - The Underground	one-shot	f	Jun '09	1236	848	145	6459	7811
567925	Batman: Battle for the Cowl Companion	0	f	Nov '09	1257	843	156	6511	7820
567926	Batman: Belt 'Em for Safety	one-shot	f	1981	1237	794	167	6358	7918
567927	Batman: Black Casebook	0	f	Jun '09	1265	789	143	6395	8113
567928	Batman: Black and White Omnibus	0	f	Jan '20	1260	817	218	6373	7894
567929	Batman: Blackgate	one-shot	f	Jan '97	1261	794	173	6553	8063
567930	Batman: Blackgate - Isle of Men	one-shot	f	Apr '98	1251	832	198	6387	8068
567931	Batman: Blank Comic	0	f	Dec '18	1239	807	125	6436	7837
567932	Batman: Blink	0	f	Feb '15	1251	857	184	6426	7864
567933	Batman: Bloodstorm	one-shot	f	Nov '94	1232	792	171	6415	8047
567934	Batman: Blue, the Grey, and the Bat	one-shot	f	Jan '92	1260	855	130	6321	8071
567935	Batman: Book of Shadows	one-shot	f	Jan '99	1255	847	127	6363	7996
567936	Batman: Bride of the Demon	0	f	Jan '90	1242	796	149	6514	7963
567937	Batman: Broken City	0	f	Mar '05	1244	852	183	6501	8160
567938	Batman: Brotherhood of the Bat	0	f	Sep '95	1238	871	168	6490	7788
567939	Batman: Bruce Wayne - Fugitive	0	f	Jul '14	1239	865	223	6558	8126
567940	Batman: Bruce Wayne - Road Home	0	f	Jul '11	1250	810	214	6397	8005
567941	Batman: Bullock's Law	one-shot	f	Aug '99	1261	812	124	6597	7938
567942	Batman: By John Ridley - The Deluxe Edition	HC	f	Jun '21	1231	858	132	6512	7785
567943	Batman: Caped Crusader Giant	one-shot	f	Dec '19	1253	795	209	6450	7829
567944	Batman: Castle of the Bat	0	f	Jun '94	1244	816	221	6593	7946
567945	Batman: Catwoman Defiant	one-shot	f	Mar '92	1254	811	127	6353	8130
567946	Batman: Child of Dreams	0	f	Feb '03	1228	870	136	6533	8121
567947	Batman: City of Bane - Complete Collection	0	f	Dec '20	1268	850	147	6344	8029
567948	Batman: City of Crime	0	f	Mar '20	1241	853	179	6385	7963
567949	Batman: Claritin Allergy Special	one-shot	f	1998	1226	830	216	6334	8115
567950	Batman: Cover to Cover	0	f	Apr '05	1222	855	124	6449	7939
567951	Batman: Crimson Mist	one-shot	f	Dec '98	1222	807	177	6452	7829
567952	Batman: DOA	one-shot	f	Dec '99	1233	810	217	6493	7884
567953	Batman: Dark Allegiances	one-shot	f	Feb '96	1236	833	194	6387	8076
567954	Batman: Dark Knight - Master Race: Covers	0	f	Sep '17	1247	818	191	6476	8086
567955	Batman: Dark Knight Dynasty	one-shot	f	Dec '96	1265	859	203	6619	7978
567956	Batman: Dark Knight Gallery	one-shot	f	Jan '96	1255	864	207	6560	7905
567957	Batman: Dark Knight Returns - Book & Mask Set	0	f	Oct '16	1269	830	167	6504	8036
567958	Batman: Dark Knight Saga	0	f	Nov '15	1238	811	215	6557	7970
567959	Batman: Dark Knight Unwrapped by David Finch	0	f	May '15	1238	821	128	6621	8102
567960	Batman: Dark Night, Dark City	0	f	Feb '15	1221	792	208	6369	8030
567961	Batman: Day of Judgment	one-shot	f	Nov '99	1238	862	191	6364	8112
567962	Batman: Death and the City	0	f	2007	1251	811	214	6367	7824
567963	Batman: Death by Design	0	f	May '12	1222	832	172	6587	7946
567964	Batman: Death of Innocents	one-shot	f	Dec '96	1268	805	174	6361	8175
567965	Batman: Detective	0	f	2007	1240	821	194	6446	8105
567966	Batman: Detective No. 27	0	f	Jun '03	1251	819	196	6566	7853
567967	Batman: Dreamland	one-shot	f	Jul '00	1269	852	169	6494	8017
567968	Batman: Dynamic Duo Archives	0	f	Jul '03	1235	807	149	6418	7838
567969	Batman: Dynamic Duo Archives	0	f	Jun '06	1271	857	184	6531	7805
567970	Batman: Earth One - Special Preview Edition	one-shot	f	Sep '12	1235	795	123	6610	7924
567971	Batman: Ego	one-shot	f	Sep '00	1231	862	194	6439	8013
567972	Batman: Endgame - Director's Cut	one-shot	f	Jan '16	1222	851	137	6362	8100
567973	Batman: Eternal Omnibus	0	f	Sep '19	1238	788	171	6464	7826
567974	Batman: Evolution	0	f	Dec '00	1227	820	128	6338	7875
567975	Batman: Eye of the Beholder	0	f	Oct '11	1242	805	123	6619	8126
567976	Batman: Face the Face	0	f	Sep '06	1251	788	220	6566	8031
567977	Batman: False Faces	0	f	Feb '08	1243	854	212	6591	8111
567978	Batman: Fortunate Son	0	f	Aug '99	1267	813	202	6546	7859
567979	Batman: Four of a Kind	0	f	Apr '98	1232	839	185	6519	7829
567980	Batman: From the 30's to the 70's	0	f	Oct '71	1249	863	141	6328	7850
567981	Batman: Full Circle	one-shot	f	Jan '91	1240	810	211	6441	8043
567982	Batman: Going Sane	0	f	Jul '08	1227	865	137	6408	8137
567983	Batman: Golden Streets of Gotham	one-shot	f	Mar '03	1265	871	200	6613	8039
567984	Batman: Gotham By Gaslight - The Deluxe Edition	0	f	Sep '20	1237	820	195	6456	7876
567985	Batman: Gotham City - Secret Files	one-shot	f	Apr '00	1248	859	152	6610	7813
567986	Batman: Gotham Shall Be Judged	0	f	Apr '12	1240	820	144	6369	7789
567987	Batman: Halloween ComicFest Special Edition	one-shot	f	Nov '17	1227	792	204	6548	7906
567988	Batman: Harvest Breed	0	f	Nov '00	1251	847	192	6424	8158
567989	Batman: Heart of Hush	0	f	Apr '09	1269	788	153	6417	8039
567990	Batman: Hidden Treasures	one-shot	f	Dec '10	1234	842	204	6600	7965
567991	Batman: Hill	one-shot	f	May '00	1231	815	161	6439	8097
567992	Batman: His Greatest Adventures	0	f	Sep '17	1241	843	154	6520	8049
567993	Batman: Holy Terror	one-shot	f	Jan '91	1255	832	154	6477	7829
567994	Batman: Hong Kong	0	f	Aug '03	1231	820	128	6335	7786
567995	Batman: Houdini - Devil's Workshop	one-shot	f	Jul '93	1245	832	168	6596	8172
567996	Batman: Hush - 15th Anniversary Deluxe Edition	0	f	Nov '17	1235	809	134	6343	7821
567997	Batman: Hush - 15th Anniversary Deluxe Edition	HC	f	Aug '17	1241	865	180	6373	8133
567998	Batman: Hush Returns	0	f	Jan '06	1231	847	149	6493	8140
567999	Batman: I, Joker	one-shot	f	Dec '97	1267	872	196	6337	7854
568000	Batman: Impostors	0	f	Aug '11	1230	809	211	6490	8102
568001	Batman: In Darkest Knight	one-shot	f	Dec '94	1231	855	136	6366	7939
568002	Batman: International	0	f	Mar '10	1250	798	210	6324	7806
568003	Batman: Jam Packed Action	0	f	Jan '05	1242	842	126	6466	8101
568004	Batman: Joker's Apprentice	one-shot	f	May '99	1262	827	155	6324	7933
568005	Batman: Joker's Daughter	one-shot	f	Apr '14	1255	869	201	6412	8011
568006	Batman: Joker's Happy Victims	one-shot	f	1966	1271	808	180	6480	7880
568007	Batman: King Tut's Tomb	0	f	Feb '10	1221	862	204	6331	8068
568008	Batman: Knight Gallery	one-shot	f	Jan '96	1259	829	221	6498	8141
568009	Batman: Knight Out	0	f	Sep '20	1271	849	218	6420	7929
568010	Batman: Knightfall - Knights End	0	f	Apr '95	1233	852	214	6500	7909
568011	Batman: Knightfall - Who Rules the Night?	0	f	Dec '93	1223	830	152	6442	7785
568012	Batman: Knightfall - Who Rules the Night?	TPB/SC	f	Jul '11	1229	857	136	6395	8091
568013	Batman: Knightquest - Crusade	0	f	Aug '18	1236	861	207	6367	8014
568014	Batman: Knightquest - Crusade	0	f	Oct '18	1269	849	191	6609	8163
568015	Batman: Knightquest - Search	0	f	Nov '18	1222	854	125	6403	8062
568016	Batman: Knightwatch - Batman Day Special Edition	one-shot	f	Nov '21	1222	872	221	6470	7777
568017	Batman: Last Angel	0	f	1994	1266	832	174	6457	8149
568018	Batman: Last Arkham	0	f	Oct '95	1224	806	160	6350	8058
568019	Batman: Legacy	0	f	Feb '97	1228	819	173	6507	7898
568020	Batman: Legends of the Dark Knight - Halloween ComicFest	one-shot	f	Oct '14	1243	871	169	6324	8149
568021	Batman: Li'l Gotham - Halloween ComicFest	one-shot	f	Dec '13	1262	856	163	6570	7945
568022	Batman: Long Halloween - Halloween ComicFest	one-shot	f	Oct '13	1259	828	222	6452	8166
568023	Batman: Long Shadows	0	f	May '10	1243	831	138	6560	7802
568024	Batman: Mad Love and Other Stories	0	f	May '09	1223	846	124	6491	7834
568025	Batman: Masque	one-shot	f	Dec '96	1239	842	167	6473	8071
568026	Batman: Master of the Future	one-shot	f	Dec '91	1269	828	165	6370	7872
568027	Batman: Mitefall	one-shot	f	Dec '94	1251	845	123	6380	7788
568028	Batman: Movie Adaptation	one-shot	f	Jun '89	1254	792	126	6466	8133
568029	Batman: Mr. Freeze	one-shot	f	May '97	1224	831	126	6564	7947
568030	Batman: Murder at Wayne Manor	0	f	Jun '08	1234	861	157	6621	8168
568031	Batman: Night Cries	0	f	1992	1266	863	162	6508	8013
568032	Batman: Night of the Monster Men	0	f	Mar '17	1237	798	155	6518	7805
568033	Batman: Night of the Owls	0	f	Feb '13	1250	828	187	6456	8053
568034	Batman: Nine Lives	0	f	Apr '02	1235	795	137	6456	7812
568035	Batman: No Man's Land - Gallery	one-shot	f	Jul '99	1224	789	223	6371	7996
568036	Batman: No Man's Land - Secret Files	one-shot	f	Dec '99	1265	828	160	6571	7947
568037	Batman: Noir Alley	one-shot	f	Dec '16	1227	841	211	6412	7808
568038	Batman: Nosferatu	one-shot	f	Dec '98	1257	804	188	6565	8088
568039	Batman: Officer Down	0	f	Aug '01	1248	802	196	6398	7956
568040	Batman: Other Realms	0	f	Jul '98	1271	823	204	6461	8031
568041	Batman: Our Worlds at War	one-shot	f	Aug '01	1266	814	190	6510	8104
568042	Batman: Overdrive	0	f	Mar '20	1249	809	129	6355	7914
568043	Batman: Overdrive / Once Upon a Crime Flipbook - FCBD 2020	one-shot	f	May '20	1234	852	221	6393	7796
568044	Batman: Penguin Triumphant	one-shot	f	Mar '92	1255	865	125	6579	8003
568045	Batman: Penguin Triumphant	one-shot	f	Mar '92	1234	851	169	6512	8070
568046	Batman: Penguin's Fowl Play	one-shot	f	1966	1266	792	140	6573	8113
568047	Batman: Pennyworth R.I.P.	0	f	Apr '20	1244	797	134	6413	8123
568048	Batman: Poison Ivy	one-shot	f	Dec '96	1230	848	136	6530	8159
568049	Batman: Prelude to Knightfall	0	f	Sep '18	1241	804	146	6347	7955
568050	Batman: Prelude to the Wedding - Batgirl vs Riddler	one-shot	f	Aug '18	1223	852	139	6441	7865
568051	Batman: Prelude to the Wedding - Harley Quinn vs Joker	one-shot	f	Aug '18	1228	847	182	6417	7987
568052	Batman: Prelude to the Wedding - Nightwing vs Hush	one-shot	f	Aug '18	1239	824	207	6537	7947
568053	Batman: Prelude to the Wedding - Red Hood vs Anarky	one-shot	f	Aug '18	1256	857	133	6583	7945
568054	Batman: Prelude to the Wedding - Robin vs Ras Al Ghul	one-shot	f	Jul '18	1239	793	131	6545	8116
568055	Batman: Preludes to the Wedding	0	f	Sep '18	1259	840	220	6519	8117
568056	Batman: Reign of Terror	one-shot	f	1999	1269	817	134	6598	8017
568057	Batman: Resurrection of Ra's Al Ghul	0	f	May '08	1246	827	171	6500	8105
568058	Batman: Riddler	one-shot	f	Mar '95	1229	848	140	6415	7899
568059	Batman: Rise and Fall of the Batmen - Omnibus	0	f	Dec '20	1266	866	221	6534	8079
568060	Batman: Road to No Man's Land Omnibus	0	f	Oct '20	1231	805	137	6365	8085
568061	Batman: Room Full of Strangers	one-shot	f	Apr '04	1261	806	178	6377	7847
568062	Batman: Scar of the Bat	one-shot	f	Mar '96	1246	809	159	6576	8125
568063	Batman: Scarecrow - Fear	one-shot	f	Jul '08	1265	809	135	6488	7981
568064	Batman: Scarecrow 3-D	one-shot	f	Dec '98	1248	853	147	6603	7798
568065	Batman: Scarecrow and Two-Face - Year One	0	f	May '09	1242	821	170	6484	8029
568066	Batman: Scarface - A Psychodrama	one-shot	f	Jun '01	1226	828	163	6560	7856
568067	Batman: Scottish Connection	one-shot	f	Jun '98	1253	815	199	6399	7834
568068	Batman: Second Chances	0	f	Jul '15	1270	857	185	6528	7967
568069	Batman: Seduction of the Gun	one-shot	f	Feb '92	1236	794	208	6407	7838
568070	Batman: Snow	0	f	2007	1250	850	196	6337	7960
568071	Batman: Son of the Demon	one-shot	f	Sep '06	1266	857	203	6478	8102
568072	Batman: Spoiler / Huntress - Blunt Trauma	one-shot	f	May '98	1233	795	211	6396	7825
568073	Batman: Strange Apparitions	0	f	Dec '98	1262	815	209	6485	7783
568074	Batman: Super Powers	0	f	Feb '18	1267	863	153	6402	8111
568075	Batman: TV Stories	0	f	Jan '14	1246	812	162	6556	8053
568076	Batman: Tales of the Man-Bat	0	f	Mar '18	1227	802	212	6324	8092
568077	Batman: Ten Nights of the Beast	one-shot	f	Dec '93	1247	841	162	6331	8055
568078	Batman: The Chalice	TPB/SC	f	Dec '99	1233	871	208	6430	7843
568079	Batman: The Court of Owls - Book & Mask Set	0	f	Oct '13	1230	825	165	6608	8071
568080	Batman: The Court of Owls Saga	0	f	Sep '18	1252	836	217	6584	8160
568081	Batman: The World	HC	f	Nov '21	1233	868	200	6505	8103
568082	Batman: Through the Looking Glass	0	f	Mar '12	1242	813	189	6593	8016
568083	Batman: Time and the Batman	0	f	Mar '11	1261	853	207	6533	7913
568084	Batman: Totino's Giveaway	one-shot	f	2008	1233	812	136	6524	7887
568085	Batman: Troika	0	f	Jan '19	1243	812	202	6371	7799
568086	Batman: Two Faces	one-shot	f	Nov '98	1264	859	195	6332	8049
568087	Batman: Under the Cowl	0	f	Jan '10	1229	801	178	6615	7971
568088	Batman: Under the Red Hood	0	f	2015	1262	821	124	6528	8145
568089	Batman: Vengeance of Bane II - Redemption	one-shot	f	Jan '95	1256	800	201	6404	7963
568090	Batman: War Crimes	0	f	Feb '06	1264	797	127	6563	8044
568091	Batman: War Drums	0	f	Nov '04	1241	827	164	6343	7905
568092	Batman: War on Crime	one-shot	f	Nov '99	1259	827	164	6359	8148
568093	Batman: Year One - Deluxe Edition	0	f	Sep '17	1250	811	214	6566	8088
568094	Batman: Year Two - 30th Anniversary Deluxe Edition	0	f	Nov '17	1270	854	200	6401	7849
568095	Batman: Year Two - Fear the Reaper	0	f	Jul '02	1261	847	208	6387	8000
568096	Batman: Zero Hour	0	f	Jun '17	1264	824	220	6404	7815
568097	Batman: Zero Year	TPB/SC	f	Sep '21	1249	814	180	6406	8057
568098	Batman: Zero Year - Director's Cut	one-shot	f	Sep '13	1221	805	192	6462	8089
568099	Battle Classics	one-shot	f	Oct '78	1256	817	211	6405	7937
568100	Batwoman - Omnibus	HC	f	Jun '20	1233	867	140	6540	7943
568101	Batwoman by Greg Rucka & JH Williams III	0	f	Jun '17	1241	863	135	6376	8129
568102	Batwoman: Elegy	0	f	Jul '10	1236	804	175	6375	8055
568103	Batwoman: Haunted Tides	0	f	Oct '19	1236	831	204	6329	7781
568104	Batwoman: Special Edition	one-shot	f	2019	1258	807	124	6463	8055
568105	Before Watchmen Omnibus	0	f	Dec '18	1247	812	205	6354	7965
568106	Before Watchmen: Comedian / Rorschach	0	f	Jul '13	1241	799	154	6391	8132
568107	Before Watchmen: Minutemen / Silk Spectre	0	f	Jun '13	1245	864	174	6346	8027
568108	Before Watchmen: Nite Owl / Dr. Manhattan	0	f	Jul '13	1232	805	180	6603	8048
568109	Before Watchmen: Ozymandias / Crimson Corsair	0	f	Jun '13	1269	811	211	6348	7779
568110	Best of Star Trek: Next Generation	0	f	May '94	1237	858	126	6502	8054
568111	Best of the Spirit	0	f	2005	1238	816	159	6580	7856
568112	Beyond the Fringe	one-shot	f	May '12	1240	792	197	6542	7899
568113	Bible	0	f	May '12	1271	789	214	6581	7799
568114	Big Book of Fun Comics	one-shot	f	Spring Dec '35	1229	855	157	6508	7860
568115	Bill & Ted's Excellent Adventure	one-shot	f	Dec '88	1244	825	172	6401	7839
568116	Birds Of Prey / Harley Quinn	TPB/SC	f	Jan '20	1237	836	184	6481	8004
568117	Birds of Prey: Black Canary	0	f	Jan '20	1222	802	209	6325	8157
568118	Birds of Prey: Black Canary / Batgirl	one-shot	f	Feb '98	1233	812	206	6543	8010
568119	Birds of Prey: Fighters by Trade	0	f	Sep '21	1250	827	137	6592	7805
568120	Birds of Prey: Huntress	0	f	Jan '20	1238	803	130	6492	7805
568121	Birds of Prey: Revolution	one-shot	f	Dec '96	1223	815	206	6546	8091
568122	Birds of Prey: Secret Files	one-shot	f	Aug '03	1251	788	152	6407	8141
568123	Birds of Prey: The Ravens	one-shot	f	Jun '98	1261	873	223	6454	7822
568124	Birds of Prey: Wolves	one-shot	f	Oct '97	1269	861	135	6608	8040
568125	Black Adam: Year of the Villain	one-shot	f	Dec '19	1242	871	191	6481	7855
568126	Black Canary / Oracle: Birds of Prey	one-shot	t	Jan '96	1258	869	143	6327	7866
568127	Black Canary and Zatanna: Bloodspell	0	f	May '14	1238	807	154	6458	7997
568128	Black Canary: Ignite	0	f	Oct '19	1242	845	168	6346	7793
568129	Black Canary: Wedding Planner	one-shot	f	Nov '07	1243	820	181	6614	7793
568130	Black Lightning / Hong Kong Phooey Special	one-shot	f	Jul '18	1225	801	137	6455	8103
568131	Black Lightning / Hong Kong Phooey Special	one-shot	f	Jul '18	1224	841	169	6327	8041
568132	Black Racer and Shilo Norman Special	one-shot	f	Oct '17	1269	815	181	6402	7916
568133	Blackest Night Omnibus	0	f	Jun '19	1232	839	181	6496	7784
568134	Blackest Night Saga	0	f	Jan '19	1271	864	186	6368	7990
568135	Blackest Night: Rise of the Black Lanterns	0	f	Jul '10	1236	837	199	6330	8068
568136	Blackest Night: Special Edition	one-shot	f	Jun '12	1229	871	190	6537	7989
568137	Blasters Special	one-shot	f	1989	1240	865	152	6597	7991
568138	Body Doubles: New Year's Evil	one-shot	f	Feb '98	1234	828	164	6575	7994
568139	Boo Bunny Plague	one-shot	f	Sep '14	1259	821	155	6375	7969
568140	Booster Gold: Future Lost	HC	f	Aug '20	1267	818	204	6597	7930
568141	Brightest Day: Omnibus	HC	f	Aug '14	1257	791	151	6438	7936
568142	Brightest Day: The Atom Special	0	f	Sep '10	1239	867	165	6432	7877
568143	Bruce Wayne: Road Home	0	f	Jul '11	1234	873	208	6386	8016
568144	Bruce Wayne: Road Home - Batgirl	one-shot	f	Dec '10	1227	834	216	6505	8015
568145	Bruce Wayne: Road Home - Batman & Robin	one-shot	f	Dec '10	1261	834	186	6405	7927
568146	Bruce Wayne: Road Home - Catwoman	one-shot	f	Dec '10	1244	838	175	6574	7974
568147	Bruce Wayne: Road Home - Commissioner Gordon	one-shot	f	Dec '10	1265	823	129	6587	8011
568148	Bruce Wayne: Road Home - Oracle	one-shot	f	Dec '10	1269	839	215	6456	7932
568149	Bruce Wayne: Road Home - Outsiders	one-shot	f	Dec '10	1234	829	150	6474	7840
568150	Bruce Wayne: Road Home - Ra's Al Ghul	one-shot	f	Dec '10	1244	827	175	6342	8029
568151	Bruce Wayne: Road Home - Red Robin	one-shot	f	Dec '10	1228	856	203	6500	7789
568152	Bugs Bunny and Friends: A Comic Celebration	0	f	Oct '98	1257	834	216	6335	7989
568153	Bugs Bunny: Philatelic Special	one-shot	f	May '97	1236	849	172	6492	8059
568154	Catwoman / Vampirella: Furies	one-shot	f	Feb '97	1227	841	174	6378	8146
568155	Catwoman Plus Scream Queen	one-shot	f	Nov '97	1256	834	132	6441	8142
568156	Catwoman: A Celebration of 75 Years	0	f	Nov '15	1228	861	153	6390	7825
568157	Catwoman: Nine Lives of a Feline Fatale	0	f	Jul '04	1264	854	179	6571	8082
568158	Catwoman: Secret Files & Origins	one-shot	f	Nov '02	1263	804	147	6621	8100
568159	Catwoman: Selina's Big Score	one-shot	f	Jul '02	1250	856	187	6373	8099
568160	Catwoman: Soulstealer	0	f	Jun '21	1229	845	198	6509	8080
568161	Catwoman: The Movie	one-shot	f	Jan '04	1248	818	178	6421	7905
568162	Cave Carson has a Cybernetic Eye / Swamp Thing Special	one-shot	f	Apr '18	1240	796	178	6441	7952
568163	Challengers of the Unknown Omnibus	0	f	Jun '12	1226	789	194	6591	8003
568164	Challengers of the Unknown by Jack Kirby	0	f	Nov '17	1235	831	124	6575	8044
568165	Christmas with the Super-Heroes	limited-series	f	1988	1240	854	160	6570	8175
568166	Christmas with the Super-Heroes	limited-series	f	1989	1223	858	186	6409	8126
568167	City People Notebook	0	f	2000	1222	864	153	6593	7787
568168	Claritin Syrup Presents: Looney Tunes	one-shot	f	Dec '97	1221	834	195	6478	8032
568169	Coloring DC: Batman: Mad Love featuring Harley Quinn	0	f	Mar '16	1238	826	162	6397	8031
568170	Coloring DC: Wonder Woman	0	f	Jun '16	1243	804	139	6426	8077
568171	Comic Cavalcade Archives	0	f	Apr '05	1253	815	215	6491	8083
568172	Commandos Ashcan	one-shot	f	Oct '42	1264	842	163	6542	8003
568173	Complete Frank Miller Batman	0	f	Dec '88	1253	834	144	6407	7922
568174	Complete Indigo Prime	0	f	Jun '05	1246	867	212	6423	7908
568175	Con Edison Presents: JLA starring Batman	one-shot	f	2002	1249	870	163	6355	8049
568176	Countdown Presents: Search for Ray Palmer - Red Rain	one-shot	f	Jan '08	1233	850	202	6406	8135
568177	Countdown Presents: Search for Ray Palmer - Red Son	one-shot	f	Feb '08	1260	861	150	6392	8161
568178	Countdown Presents: Search for Ray Palmer - Superwoman / Batwoman	one-shot	f	Feb '08	1252	794	144	6507	7847
568179	Countdown Presents: Search for Ray Palmer - Wildstorm	one-shot	f	Nov '07	1270	842	125	6545	8078
568180	Countdown Presents: The Search for Ray Palmer	0	f	Jul '08	1245	841	166	6546	8053
568181	Countdown Presents: The Search for Ray Palmer - Crime Society	one-shot	f	Dec '07	1252	788	124	6365	7899
568182	Countdown Presents: The Search for Ray Palmer - Gotham by Gaslight	0	f	Jan '08	1261	790	178	6324	8162
568183	Countdown Special: Flash - 80-Page Giant	one-shot	f	Dec '07	1261	840	166	6334	7980
568184	Countdown Special: Jimmy Olsen - 80-Page Giant	one-shot	f	Jan '08	1243	826	172	6458	7894
568185	Countdown Special: Kamandi - 80-Page Giant	one-shot	f	Jun '08	1268	865	163	6367	8012
568186	Countdown Special: New Gods - 80-Page Giant	one-shot	f	Mar '08	1257	873	151	6451	8177
568187	Countdown Special: Omac - 80-Page Giant	one-shot	f	Apr '08	1229	825	128	6436	7799
568188	Cover Run: DC Comics Art of Adam Hughes	0	f	Jun '10	1259	868	179	6523	7896
568189	Cover Story: DC Comics Art of Brian Bolland	0	f	Sep '11	1250	801	170	6483	7861
568190	Craftsman Bolt-On System Saves the Justice League	one-shot	f	2012	1257	869	184	6581	8009
568191	Crimson: Sourcebook	one-shot	f	Nov '99	1258	850	222	6494	8133
568192	Crisis On Multiple Earths	TPB/SC	f	Feb '21	1231	821	197	6460	7923
568193	Crisis on Infinite Earths: Paragons Rising	0	f	Jul '20	1256	861	211	6544	7865
568194	Crisis on Infinite Earths: Special Edition	one-shot	f	2019	1230	869	179	6473	7896
568195	Cursed Comics Cavalcade	0	f	Dec '18	1240	830	202	6464	7899
568196	DC / Looney Tunes: 100-Page Super Spectacular	one-shot	f	Aug '17	1246	873	181	6485	8075
568197	DC / Top Cow Crossovers	0	f	Aug '07	1227	848	145	6484	8136
568198	DC 10-Pack Comic Bundle	one-shot	f	2016	1228	834	144	6547	8016
568199	DC 2000	limited-series	f	Jul '00	1228	853	201	6561	8000
568200	DC 2000	limited-series	f	Aug '00	1247	870	210	6384	7882
568201	DC Beach Blanket Bad Guys Special	one-shot	f	Sep '18	1239	834	180	6571	7914
568202	DC Collectibles Showcase	one-shot	f	Mar '17	1240	856	153	6443	7998
568203	DC Comics / Dark Horse Comics Crossovers: Batman vs Predator	0	f	Jun '17	1242	858	141	6615	7817
568204	DC Comics Classics Library: Flash	0	f	Oct '09	1238	873	212	6471	7853
568205	DC Comics Classics Library: The Batman Annuals	0	f	Apr '09	1269	857	129	6328	7780
568206	DC Comics Essentials: Batman - Black Mirror	one-shot	f	Dec '14	1262	803	220	6411	8117
568207	DC Comics Essentials: Batman - Death of the Family	one-shot	f	Jun '16	1223	804	148	6422	8129
568208	DC Comics Essentials: Batman - Hush	one-shot	f	Dec '14	1260	835	187	6398	8139
568209	DC Comics Essentials: Batman - Year One Special Edition	one-shot	f	Jan '15	1237	840	161	6471	7978
568210	DC Comics Essentials: Batman and Robin	one-shot	f	May '16	1266	857	201	6517	7815
568211	DC Comics Essentials: Batman and Son	one-shot	f	Nov '14	1269	865	136	6548	8144
568212	DC Comics Essentials: DC - New Frontier	one-shot	f	Mar '16	1252	798	192	6592	7881
568213	DC Comics Presents: Batman - Arkham	one-shot	f	Jun '11	1253	799	157	6374	7839
568214	DC Comics Presents: Batman - Bad	one-shot	f	Jan '12	1229	807	201	6413	7796
568215	DC Comics Presents: Batman - Blaze of Glory	one-shot	f	Feb '12	1243	868	211	6406	8133
568216	DC Comics Presents: Batman - Blink	one-shot	f	Dec '11	1238	831	201	6486	8005
568217	DC Comics Presents: Batman - Dark Knight, Dark City	one-shot	f	May '11	1235	820	198	6431	7964
568218	DC Comics Presents: Batman - Demon Laughs	one-shot	f	Dec '11	1248	817	185	6459	8014
568219	DC Comics Presents: Batman - Don't Blink	one-shot	f	Jan '12	1230	810	188	6564	7846
568220	DC Comics Presents: Batman - Gotham Noir	one-shot	f	Sep '11	1221	805	203	6492	7917
568221	DC Comics Presents: Batman - Irresistible	one-shot	f	May '11	1241	824	210	6589	8039
568222	DC Comics Presents: Batman - Secret City	one-shot	f	Feb '12	1228	867	213	6447	7891
568223	DC Comics Presents: Batman - Urban Legends	one-shot	f	Feb '12	1223	873	146	6454	7855
568224	DC Comics Presents: Batman / Catwoman	one-shot	f	Dec '10	1248	868	144	6558	7954
568225	DC Comics Presents: Batman Adventures	one-shot	f	Sep '14	1239	826	162	6515	8177
568226	DC Comics Presents: Batman Beyond	one-shot	f	Feb '11	1244	841	177	6588	8089
568227	DC Comics Presents: Batman Conspiracy	one-shot	f	Apr '11	1238	807	223	6387	8009
568228	DC Comics Presents: Captain Atom	one-shot	f	Feb '12	1264	864	215	6352	8026
568229	DC Comics Presents: Catwoman - Guardian of Gotham	one-shot	f	Dec '11	1225	872	161	6352	8140
568230	DC Comics Presents: Chase	one-shot	f	Jan '11	1237	804	141	6562	7860
568231	DC Comics Presents: Demon - Driven Out	one-shot	f	Jul '14	1230	814	222	6617	8082
568232	DC Comics Presents: Elseworlds	one-shot	f	Jan '12	1221	859	155	6540	8016
568233	DC Comics Presents: Flash / Green Lantern	one-shot	f	Jan '11	1244	804	148	6547	7964
568234	DC Comics Presents: Green Lantern - Fear Itself	one-shot	f	Apr '11	1237	855	170	6386	7830
568235	DC Comics Presents: Green Lantern - Willworld	one-shot	f	Jul '11	1221	814	133	6402	8168
568236	DC Comics Presents: Hawkman	one-shot	f	Sep '04	1252	789	161	6524	7797
568237	DC Comics Presents: Impulse	one-shot	f	Aug '11	1227	862	184	6386	7813
568238	DC Comics Presents: JLA	one-shot	f	Feb '11	1266	802	182	6330	8149
568239	DC Comics Presents: JLA - Age of Wonder	one-shot	f	Dec '11	1240	857	168	6394	7871
568240	DC Comics Presents: JLA - Black Baptism	one-shot	f	Jun '11	1235	842	171	6422	8006
568241	DC Comics Presents: JLA - Heaven's Ladder	one-shot	f	Aug '11	1252	795	164	6487	7830
568242	DC Comics Presents: Jack Cross	one-shot	f	Dec '10	1246	823	207	6526	8119
568243	DC Comics Presents: Jack Kirby Omnibus Sampler	one-shot	f	Dec '11	1233	848	222	6418	8056
568244	DC Comics Presents: Justice League of America	one-shot	f	Oct '04	1221	857	188	6322	7782
568245	DC Comics Presents: Life Story of the Flash	one-shot	f	Jan '12	1237	817	137	6382	7779
568246	DC Comics Presents: Lobo	one-shot	f	Mar '11	1242	805	131	6557	7802
568247	DC Comics Presents: Metal Men	one-shot	f	Jul '11	1245	865	169	6545	7858
568248	DC Comics Presents: Mystery in Space	one-shot	f	Sep '04	1237	862	188	6333	8083
568249	DC Comics Presents: Night Force	one-shot	f	Jun '11	1270	839	202	6532	8076
568250	DC Comics Presents: Ninja Boy	one-shot	f	Jun '11	1261	829	156	6477	7870
568251	DC Comics Presents: Robin War	one-shot	f	Feb '16	1233	831	202	6325	7936
568252	DC Comics Presents: Son of Superman	one-shot	f	Jul '11	1240	863	146	6460	8070
568253	DC Comics Presents: Superboy's Legion	one-shot	f	Dec '01	1250	869	128	6373	7857
568254	DC Comics Presents: Superman - Infestation	one-shot	f	Aug '11	1266	816	124	6377	8124
568255	DC Comics Presents: Superman - Sole Survivor	one-shot	f	Mar '11	1241	860	213	6394	7984
568256	DC Comics Presents: Superman / Doomsday	one-shot	f	May '11	1226	831	140	6379	7974
568257	DC Comics Presents: Superman / Supergirl	one-shot	f	Jul '12	1258	804	202	6401	7975
568258	DC Comics Presents: Superman Adventures	one-shot	f	Aug '12	1247	855	149	6545	8174
568259	DC Comics Presents: T.H.U.N.D.E.R. Agents	one-shot	f	Feb '11	1236	808	199	6361	8074
568260	DC Comics Presents: Teen Titans	one-shot	f	Oct '11	1231	817	131	6504	8051
568261	DC Comics Presents: The Darkseid War	one-shot	f	Feb '16	1251	850	197	6371	8005
568262	DC Comics Presents: Titans Hunt	one-shot	f	Jan '16	1251	872	159	6325	8097
568263	DC Comics Presents: Wonder Woman	one-shot	f	Apr '11	1241	840	145	6467	7964
568264	DC Comics Presents: Wonder Woman Adventures	one-shot	f	Sep '12	1236	850	125	6482	8140
568265	DC Comics: Advertise in DC and Join the Stars	one-shot	f	1982	1228	789	219	6545	7985
568266	DC Comics: Art of Lee Bermejo	0	f	Jan '21	1239	863	158	6401	7946
568267	DC Comics: Astonishing Art of Amanda Conner	0	f	Mar '20	1246	860	197	6348	8169
568268	DC Comics: Generations	HC	f	Jun '21	1246	792	185	6452	8060
568269	DC Comics: New 52 - Zero Omnibus	0	f	Dec '12	1266	822	174	6410	7953
568270	DC Comics: The New 52	one-shot	f	Sep '11	1262	823	125	6342	8045
568271	DC Comics: The New 52 Presents - The Dark	one-shot	f	Jan '12	1250	790	148	6420	8024
568272	DC Comics: The Number Ones - Comic Cover Portfolio	0	f	Oct '11	1226	848	150	6421	7827
568273	DC Comics: Zero Year	0	f	Nov '14	1259	807	172	6505	7911
568274	DC Cybernetic Summer	0	f	Sep '20	1265	797	218	6617	8133
568275	DC Essential Edition: Flash - Starting Line	0	f	Oct '18	1254	818	162	6451	7815
568276	DC Essential Edition: Green Arrow - War of the Clans	0	f	Jan '19	1248	873	124	6435	7841
568277	DC Essential Edition: JLA - New World Order	0	f	Mar '19	1224	793	173	6522	8115
568278	DC Essential Edition: Justice League - Darkseid War	0	f	Oct '18	1231	803	200	6515	7997
568279	DC Essential Edition: Swamp Thing - Protector of the Green	0	f	May '19	1244	825	159	6558	7816
568280	DC Essential Graphic Novels 2016	one-shot	f	Jan '16	1231	855	210	6458	8103
568281	DC Essential Graphic Novels 2017	one-shot	f	Jan '17	1231	797	222	6469	7839
568282	DC Essential Graphic Novels 2018	one-shot	f	2018	1246	800	200	6400	8153
568283	DC Essential Graphic Novels 2019	one-shot	f	Oct '19	1270	864	167	6485	8053
568284	DC Essential Graphic Novels 2021	one-shot	f	Apr '21	1261	852	153	6567	7813
568285	DC First: Batgirl / Joker	one-shot	f	Jul '02	1246	860	123	6439	7786
568286	DC First: Green Lantern	one-shot	f	Jul '02	1242	850	149	6411	8000
568287	DC First: Superman / Lobo	one-shot	f	Jul '02	1269	842	128	6379	8081
568288	DC Goes Ape	0	f	2008	1242	811	154	6436	8061
568289	DC Goes to War	HC	f	Jun '20	1221	806	184	6617	8075
568290	DC Holiday Nightmares	0	f	Nov '19	1254	815	213	6430	7945
568291	DC House of Horror	0	f	Dec '17	1261	793	189	6390	8080
568292	DC Library: Legion of Super-Heroes	0	f	Mar '09	1254	839	193	6456	7866
568293	DC Meets Looney Tunes	0	f	Feb '18	1243	833	159	6410	7882
568294	DC Nation Super Sampler / Superman Family Adventures	one-shot	f	Jun '12	1229	864	187	6614	7989
568295	DC One Million Omnibus	0	f	Nov '13	1231	798	130	6438	7897
568296	DC Poster Portfolio: Clay Mann	TPB/SC	f	Dec '20	1251	821	168	6556	8009
568297	DC Poster Portfolio: DCeased	TPB/SC	f	Oct '20	1242	821	189	6541	7971
568298	DC Poster Portfolio: Greg Capullo	TPB/SC	f	Mar '21	1241	813	223	6358	8135
568299	DC Poster Portfolio: Jae Lee	TPB/SC	f	Aug '21	1231	811	141	6339	7943
568300	DC Poster Portfolio: The Complete Year Of The Villain Portrait Variants	TPB/SC	f	Apr '20	1240	856	172	6444	8113
568301	DC Primal Age Giant	one-shot	f	Mar '19	1243	873	149	6493	8068
568302	DC Promotional Comics	one-shot	f	1979	1243	857	171	6469	7834
568303	DC Rebirth Omnibus	0	f	Dec '16	1233	860	209	6503	8073
568304	DC Rebirth: Holiday Special	one-shot	f	Feb '17	1271	845	124	6393	8100
568305	DC Retroactive 1970s: Batman	one-shot	f	Sep '11	1264	844	157	6575	7823
568306	DC Retroactive 1970s: Flash	one-shot	f	Sep '11	1264	792	130	6580	7802
568307	DC Retroactive 1970s: Green Lantern	one-shot	f	Sep '11	1250	872	133	6585	8134
568308	DC Retroactive 1970s: Justice League of America	one-shot	f	Sep '11	1239	851	210	6437	8068
568309	DC Retroactive 1970s: Superman	one-shot	f	Sep '11	1271	812	207	6518	7799
568310	DC Retroactive 1970s: Wonder Woman	one-shot	f	Sep '11	1241	873	190	6530	8173
568311	DC Retroactive 1980s: Batman	one-shot	f	Oct '11	1243	816	200	6422	8063
568312	DC Retroactive 1980s: Flash	one-shot	f	Oct '11	1257	863	143	6356	7953
568313	DC Retroactive 1980s: Green Lantern	one-shot	f	Oct '11	1271	872	196	6321	8035
568314	DC Retroactive 1980s: Justice League of America	one-shot	f	Oct '11	1229	802	212	6511	7840
568315	DC Retroactive 1980s: Superman	one-shot	f	Oct '11	1247	813	174	6489	8153
568316	DC Retroactive 1980s: Wonder Woman	one-shot	f	Oct '11	1233	833	175	6369	7934
568317	DC Retroactive 1990s: Batman	one-shot	f	Oct '76	1262	838	194	6524	7979
568318	DC Retroactive 1990s: Flash	one-shot	f	Oct '11	1250	859	135	6385	7785
568319	DC Retroactive 1990s: Green Lantern	one-shot	f	Oct '11	1252	793	155	6486	8080
568320	DC Retroactive 1990s: Justice League of America	one-shot	f	Oct '11	1230	857	145	6497	7951
568321	DC Retroactive 1990s: Superman	one-shot	f	Oct '11	1253	788	187	6480	7999
568322	DC Retroactive 1990s: Wonder Woman	one-shot	f	Oct '11	1222	824	173	6493	7921
568323	DC Silver Age Classics: Action Comics #252	one-shot	f	Dec '91	1249	792	155	6510	8123
568324	DC Silver Age Classics: Adventure Comics #247	one-shot	f	Dec '91	1265	830	204	6511	8073
568325	DC Silver Age Classics: Brave and the Bold #28	one-shot	f	Dec '91	1246	831	203	6585	7837
568326	DC Silver Age Classics: Green Lantern #76	one-shot	f	Dec '91	1226	865	128	6571	7992
568327	DC Silver Age Classics: House of Secrets #92	one-shot	f	Jan '92	1239	842	195	6366	8017
568328	DC Silver Age Classics: Showcase	limited-series	f	Dec '91	1249	833	212	6614	7917
568329	DC Silver Age Classics: Showcase	limited-series	f	1992	1251	819	159	6595	8136
568330	DC Silver Age Classics: Sugar & Spike	one-shot	f	Mar '92	1235	863	216	6619	8140
568331	DC Silver Edition: House of Secrets	one-shot	f	1993	1231	853	169	6555	7954
568332	DC Sneak Preview	one-shot	f	Dec '90	1257	839	212	6603	8163
568333	DC Spotlight	one-shot	t	Dec '85	1257	852	142	6564	8030
568334	DC Super Hero Girls: Ghosting	0	f	Sep '21	1228	823	203	6497	8088
568335	DC Super Hero Girls: Midterms	TPB/SC	f	Sep '20	1262	806	132	6479	8153
568336	DC Super Hero Girls: Powerless	TPB/SC	f	Mar '20	1241	866	167	6332	8029
568337	DC Super Heroes: Good Health Activity Book	one-shot	f	1989	1236	849	131	6590	7842
568338	DC Super-Heroes: Best Western Giveaway	one-shot	f	1999	1241	823	186	6439	7969
568339	DC SuperHero Girls Box Set	0	f	Mar '18	1232	812	151	6443	7813
568340	DC SuperHero Girls: Batman Day Special Edition	one-shot	f	Oct '17	1259	855	152	6464	7836
568341	DC SuperHero Girls: Hits and Myths	0	f	Nov '16	1249	870	221	6397	7924
568342	DC SuperHero Girls: Out of the Bottle	0	f	Aug '18	1221	821	147	6373	7829
568343	DC SuperHero Girls: Past Times at Super Hero High	0	f	Sep '17	1237	867	162	6427	7961
568344	DC SuperHero Girls: Search for Atlantis	0	f	Sep '18	1267	829	137	6395	7906
568345	DC SuperHero Girls: Wonder Woman Day Special	one-shot	f	Jul '17	1241	859	201	6443	8177
568346	DC Universe Christmas	0	f	Nov '00	1241	819	192	6485	7825
568347	DC Universe Holiday Special 2017	0	f	Feb '18	1226	824	194	6550	7847
568348	DC Universe Illustrated	0	f	Dec '07	1261	792	132	6356	8093
568349	DC Universe Online	one-shot	f	Jan '10	1247	826	160	6575	7966
568350	DC Universe Special: Justice League of America	one-shot	f	Jul '08	1239	830	150	6348	7816
568351	DC Universe by Alan Moore	0	f	Mar '12	1229	867	202	6418	8162
568352	DC Universe by Len Wein	HC	f	Feb '19	1258	801	144	6373	7799
568353	DC Universe by Mike Mignola	0	f	May '17	1271	805	131	6504	8128
568354	DC Universe by Neil Gaiman	0	f	Oct '16	1224	828	172	6429	7984
568355	DC Universe: Bronze Age Omnibus by Jack Kirby	0	f	Jul '19	1255	820	171	6463	7962
568356	DC Universe: By Brian K Vaughan	TPB/SC	f	Apr '18	1269	860	174	6501	7838
568357	DC Universe: By John Byrne	HC	f	Dec '17	1260	826	196	6398	7821
568358	DC Universe: Origins	0	f	Feb '10	1245	832	153	6542	7943
568359	DC Universe: Rebirth Omnibus	0	f	Nov '17	1247	847	130	6620	8025
568360	DC Universe: Secret Origins	0	f	Feb '12	1261	789	199	6567	8152
568361	DC Universe: The Stories of Alan Moore	0	f	Jan '06	1222	852	198	6376	7900
568362	DC Young Animal: Milk Wars	0	f	Jun '18	1235	868	129	6440	8052
568363	DC's Greatest Detective Stories Ever Told	TPB/SC	f	Jan '21	1259	798	140	6617	7795
568364	DC's Nuclear Winter Special	one-shot	f	Jan '19	1227	806	217	6449	8094
568365	DC's Very Merry Multiverse	0	f	Feb '21	1258	795	167	6450	8002
568366	DC: Love is a Battlefield	0	f	Apr '21	1244	813	178	6481	8048
568367	DCU Heroes: Secret Files	one-shot	f	Feb '99	1223	814	137	6603	7803
568368	DCU Villains: Secret Files	one-shot	f	Apr '99	1254	866	175	6620	8143
568369	DCU: Brave New World	one-shot	t	Aug '06	1227	831	180	6418	7938
568370	DCU: Holiday Special 2008	one-shot	f	Feb '09	1237	795	171	6617	7827
568371	DCU: Holiday Special 2009	one-shot	f	Feb '10	1247	814	205	6440	8147
568372	DCU: Holiday Special 2010	one-shot	f	Feb '11	1247	844	145	6545	8173
568373	DCU: Infinite Halloween Special	one-shot	f	Dec '07	1227	867	199	6449	8022
568374	DCU: Infinite Holiday Special	one-shot	f	Feb '07	1255	843	222	6447	8142
568375	DCeased: Hope At Worlds End	HC	f	Jun '21	1256	873	126	6425	7881
568376	Daily Planet: Superman Returns	one-shot	f	Jun '06	1242	815	202	6435	8011
568377	Dark Days: Forge & the Casting - Director's Cut	one-shot	f	Jan '18	1229	800	179	6446	7912
568378	Dark Days: Road to Metal	0	f	May '18	1223	847	212	6528	7802
568379	Dark Knight Returns: Collector's Edition	0	f	Nov '16	1225	845	222	6477	8000
568380	Dark Knight: DVD Collector's Edition	one-shot	f	2008	1250	811	139	6533	7972
568381	Dark Knight: DVD Special Edition	one-shot	f	Dec '07	1259	789	156	6493	8051
568382	Dark Nemesis: New Year's Evil	one-shot	f	Feb '98	1243	807	204	6362	8016
568383	Dark Nights Metal: Dark Nights Rising	0	f	Jun '18	1249	852	179	6579	7878
568384	Dark Nights Metal: Resistance	0	f	Jun '18	1266	798	136	6496	7989
568385	Dark Nights: Death Metal - The Darkest Knight	TPB/SC	f	Apr '21	1266	834	137	6420	7840
568386	Dark Nights: Death Metal - The Multiverse Who Laughs	TPB/SC	f	May '21	1233	824	130	6621	8046
568387	Dark Nights: Death Metal - War Of The Multiverses	TPB/SC	f	May '21	1221	789	192	6546	7859
568388	Darkseid Special	0	f	Oct '17	1246	870	173	6345	7978
568389	Darkseid: New Year's Evil	one-shot	f	Feb '98	1259	818	213	6499	8147
568390	Day of Judgment: Secret Files & Origins	one-shot	f	Nov '99	1232	859	188	6523	8048
568391	Day of Vengeance: Infinite Crisis Special	one-shot	f	Mar '06	1256	868	171	6403	8155
568392	Deadman Omnibus	HC	f	Aug '20	1255	789	157	6366	7941
568393	Deadman by Kelley Jones	TPB/SC	f	Aug '17	1256	850	199	6331	7870
568394	Deadman: Lost Souls	0	f	Jan '95	1246	851	138	6379	8000
568395	Deadshot: Beginnings	0	f	Nov '13	1238	869	214	6458	8113
568396	Deadshot: Bulletproof	0	f	Apr '15	1227	845	174	6393	7806
568397	Dear DC Super-Villains	0	f	2021	1248	824	162	6564	8161
568398	Dear Justice League	fcbd	f	May '19	1234	803	146	6607	7963
568399	Death of Superman: Wake	0	f	Nov '19	1226	862	157	6555	8168
568400	Deathblow: Deluxe Edition	0	f	Mar '14	1226	792	130	6567	7838
568401	Deathstroke by Christopher Priest Omnibus	0	f	Oct '21	1265	809	153	6570	7987
568402	Deathstroke by Tony S. Daniel Omnibus	0	f	Oct '18	1241	794	213	6606	7979
568403	Deathstroke: Gods of War - Book & Mask Set	0	f	Oct '15	1266	817	207	6506	8109
568404	Demon by Jack Kirby	0	f	Oct '17	1234	817	166	6510	7993
568405	Detective Comics: 80 Years of Batman	0	f	Mar '19	1223	824	148	6576	7832
568406	Detective Comics: Endgame	0	f	May '15	1252	808	213	6592	8163
568407	Detention Comics	one-shot	f	Oct '96	1244	792	186	6475	8101
568408	Diablo: Sword of Justice	0	f	Mar '21	1266	861	147	6429	8137
568409	Diana: Princess of the Amazons	0	f	Oct '21	1242	835	148	6562	7837
568410	Different Ugliness, Different Madness	0	f	May '05	1250	802	209	6361	8121
568411	Disturbingly Awful MAD	0	f	Aug '13	1231	798	212	6430	7860
568412	Divine Right: The Adventures of Max Faraday	0	f	Dec '14	1267	844	216	6552	7853
568413	Dog Days of Summer	one-shot	f	Jul '19	1250	856	206	6455	7895
568414	Dong Xoai: Vietnam 1965	0	f	May '10	1255	811	171	6526	8110
568415	Doom Force Special	one-shot	f	Jun '92	1262	845	134	6329	7985
568416	Doom Patrol / JLA Special	one-shot	f	Apr '18	1223	839	185	6499	7847
568417	Doom Patrol and Suicide Squad	one-shot	f	Mar '88	1271	872	205	6520	8170
568418	Doom Patrol by John Byrne Omnibus	0	f	Feb '20	1266	809	132	6419	7834
568419	Doom Patrol: Bronze Age Omnibus	0	f	Nov '19	1245	800	213	6614	7987
568420	Doom Patrol: NYCC Special Edition	one-shot	f	2021	1253	844	157	6583	8136
568421	Doom Patrol: Silver Age Omnibus	0	f	Jun '17	1258	811	167	6539	7873
568422	Doomed and the Damned	one-shot	f	Dec '20	1255	870	133	6576	7916
568423	Doomsday	one-shot	f	1995	1235	834	187	6515	7941
568424	Dr. Happy Tooth	one-shot	f	1996	1230	838	166	6506	7841
568425	Driver: Crossing the Line	one-shot	f	Oct '11	1251	844	191	6529	7992
568426	Dynamic Classics	one-shot	f	Oct '78	1241	870	185	6452	7825
568427	Earth One - Box Set	TPB/SC	f	Dec '20	1244	818	186	6544	8176
568428	Eclipso: Music of the Spheres	0	f	2009	1268	837	206	6395	8018
568429	ElfQuest: 25th Anniversary Edition	one-shot	f	Dec '02	1242	854	201	6446	7879
568430	Elseworld's Finest: Supergirl & Batgirl	one-shot	f	Dec '97	1227	847	127	6400	8047
568431	Elseworlds: 80-Page Giant	one-shot	f	Aug '99	1235	815	171	6437	7916
568432	Enemy Ace Special	one-shot	f	1990	1222	807	210	6561	7931
568433	Enemy Ace: War Idyll	0	f	1990	1248	858	181	6511	8070
568434	Epic MAD	0	f	Apr '12	1264	852	164	6363	7968
568435	Essentials and Chronology 2014	0	f	Jul '14	1265	870	130	6334	7786
568436	Extremely Moronic MAD	0	f	Oct '12	1225	821	208	6494	8123
568437	Eye of the Storm Annual	one-shot	f	Sep '03	1269	868	198	6438	7889
568438	Faces of Evil: Deathstroke	one-shot	f	Mar '09	1256	859	186	6525	8026
568439	Faces of Evil: Kobra	one-shot	f	Mar '09	1262	832	191	6374	8065
568440	Faces of Evil: Prometheus	one-shot	f	Mar '09	1229	841	142	6480	8167
568441	Faces of Evil: Solomon Grundy	one-shot	f	Mar '09	1233	843	180	6446	7811
568442	Famous 1st (First) Edition: New Fun	0	f	Apr '20	1260	821	190	6602	7875
568443	Fifty Who Made DC Great	one-shot	f	Sep '85	1250	857	170	6598	8089
568444	Final Crisis: Companion	0	f	Jun '09	1229	820	154	6595	7781
568445	Final Crisis: Omnibus	HC	f	Sep '18	1250	843	141	6437	8078
568446	Final Crisis: Omnibus	HC	f	Dec '19	1223	852	154	6509	8004
568447	Final Crisis: Sketchbook	one-shot	f	Jul '08	1258	824	142	6427	8025
568448	Firestorm, the Nuclear Man: United We Fall	0	f	Dec '16	1243	869	127	6466	7820
568449	Flash / Green Lantern: Faster Friends	limited-series	f	Jan '97	1267	871	185	6518	8003
568450	Flash / Impulse: Runs in the Family	0	f	May '21	1229	804	209	6472	8152
568451	Flash Facts	TPB/SC	f	Feb '21	1227	862	209	6380	7927
568452	Flash Omnibus by Francis Manapul and Brian Buccellato	0	f	Nov '16	1265	813	198	6407	8068
568453	Flash Plus	one-shot	f	Jan '97	1236	846	133	6603	7830
568454	Flash Presents: Mercury Falling	0	f	May '09	1260	817	128	6545	7850
568455	Flash Unwrapped by Francis Manapul	0	f	Jul '17	1237	805	191	6467	7968
568456	Flash by Grant Morrison and Mark Millar	0	f	Apr '16	1267	873	223	6523	8173
568457	Flash of Two Worlds: Deluxe Edition	0	f	Feb '20	1257	859	151	6340	7983
568458	Flash vs the Rogues	0	f	Nov '09	1232	794	222	6565	7848
568459	Flash: 80 Years of the Fastest Man Alive	0	f	Nov '19	1257	832	180	6374	7965
568460	Flash: A Celebration of 75 Years	0	f	Apr '15	1223	853	186	6455	7792
568461	Flash: Greatest Stories Ever Told	0	f	Aug '07	1243	823	146	6406	7956
568462	Flash: Iron Heights	one-shot	t	Apr '01	1266	788	127	6407	8092
568463	Flash: Our Worlds at War	one-shot	f	Oct '01	1261	839	202	6576	8164
568464	Flash: Road to Flashpoint	0	f	Sep '11	1269	872	193	6475	7985
568465	Flash: Rogues - Captain Cold	0	f	Aug '18	1249	795	168	6589	7966
568466	Flash: Rogues - Reverse-Flash	0	f	Jan '19	1231	796	132	6569	7931
568467	Flash: Savage Velocity	0	f	Mar '20	1233	792	196	6398	7954
568468	Flash: Special Edition	one-shot	f	Dec '14	1233	859	170	6395	7886
568469	Flash: TV Special	one-shot	f	1991	1235	831	187	6563	8122
568470	Flash: Time Flies	one-shot	f	May '02	1236	820	206	6567	8055
568471	Flash: United They Fall	0	f	Jul '20	1258	803	169	6456	7900
568472	Flash: Year One	0	f	Nov '19	1252	857	175	6495	7894
568473	Flashpoint Unwrapped	0	f	Feb '18	1245	819	158	6386	7812
568474	Flashpoint: Green Arrow - Industries	one-shot	f	Aug '11	1254	819	145	6564	7853
568475	Flashpoint: Grodd of War	one-shot	f	Aug '11	1240	854	206	6597	8063
568476	Flashpoint: Reverse Flash	one-shot	f	Aug '11	1263	864	129	6566	8023
568477	Flashpoint: The 10th Anniversary - Omnibus	HC	f	Apr '21	1254	872	171	6615	7956
568478	Flashpoint: The Canterbury Cricket	one-shot	t	Aug '11	1230	871	184	6577	7853
568479	Forever Evil: Aftermath - Batman vs. Bane	one-shot	f	Jun '14	1226	850	171	6389	7941
568480	Forever Evil: Aftermath - Batman vs. Bane	one-shot	f	Jun '14	1226	859	216	6546	7901
568481	Forever Evil: Blight	0	f	Sep '14	1270	813	189	6572	7852
568482	Forged from Metal: New Age of DC Heroes	one-shot	f	Apr '17	1260	838	135	6518	8109
568483	Fourth World Gallery	one-shot	f	Sep '96	1231	846	135	6446	8152
568484	Fourth World by John Byrne - Omnibus	HC	f	Aug '21	1234	797	190	6406	7919
568485	Fringe: Beyond the Fringe	0	f	Sep '12	1224	806	127	6478	8032
568486	Fruit of the Loom Presents: Batman - Too Many Jokers	one-shot	f	1999	1268	829	138	6369	7792
568487	Funny Stuff: Stocking Stuffer	one-shot	f	Mar '85	1250	871	180	6477	8107
568488	Future State Batman: Dark Detective	TPB/SC	f	Jul '21	1250	859	138	6490	8015
568489	Future State: Superman	TPB/SC	f	2021	1256	800	217	6339	7873
568490	Future State: Teen Titans - Ruins	0	f	May '21	1253	850	223	6332	7973
568491	Futures End: Five Years Later Omnibus	0	f	Dec '14	1239	797	137	6595	7959
568492	Gatorade: The League of Captains - The Sheriff	one-shot	f	2014	1221	794	123	6342	7825
568493	Gears of War Special Edition	one-shot	f	Dec '10	1267	869	176	6390	8018
568494	Gen 13: I Love New York	0	f	Sep '99	1251	836	211	6572	8042
568495	Gen 13: Lost in Paradise	0	f	Jun '96	1234	850	154	6428	7842
568496	Gen 13: Starting Over	0	f	Jul '99	1271	792	161	6530	7949
568497	Generations Forged	0	f	Apr '21	1239	851	176	6395	8159
568498	Generations Forged	0	f	Apr '21	1266	857	217	6443	7914
568499	George Perez Portfolio	one-shot	f	1990	1238	813	139	6599	8159
568500	Giant Superman Annual Replica	one-shot	f	1998	1258	813	141	6538	7899
568501	Giant-Size Atom	one-shot	f	May '11	1235	834	130	6442	8115
568502	Giantkiller: A to Z	one-shot	f	Aug '99	1232	869	213	6459	7860
568503	Godzilla: Awakening	0	f	May '14	1258	836	188	6471	7921
568504	Gog	one-shot	f	Feb '98	1258	838	185	6324	7818
568505	Golden Age Hawkman: Archive	0	f	Dec '05	1232	841	127	6466	8094
568506	Golden Age: Secret Files	one-shot	f	Feb '01	1268	793	124	6474	8149
568507	Gotham Academy: Endgame	one-shot	f	Jun '15	1263	825	161	6591	7969
568508	Gotham Central Omnibus	0	f	May '16	1224	828	168	6394	7836
568509	Gotham Central: Special Edition	one-shot	f	Nov '14	1229	797	148	6354	8084
568510	Gotham City Sirens: Strange Fruit	0	f	Aug '11	1234	869	123	6562	7950
568511	Gotham Gazette: Batman Alive?	one-shot	f	Jul '09	1264	802	174	6567	7941
568512	Gotham Gazette: Batman Dead?	one-shot	f	May '09	1224	791	188	6403	7813
568513	Gotham High	0	f	Apr '20	1241	870	145	6608	7891
568514	Gotham by Gaslight	one-shot	f	Dec '17	1229	800	161	6494	8152
568515	Graphic Ink: DC Comics Art of Frank Quitely	0	f	Jun '14	1221	844	175	6392	7834
568516	Graphic Ink: The DC Comics Art of Ivan Reis	0	f	Dec '15	1271	814	141	6572	7899
568517	Greatest Batman Stories Ever Told	0	f	Dec '87	1251	807	132	6548	8132
568518	Greatest Flash Stories Ever Told	0	f	1991	1255	819	174	6358	8083
568519	Greatest Golden Age Stories Ever Told	0	f	1990	1254	852	197	6598	8036
568520	Green Arrow / Black Canary: For Better or Worse	0	f	Sep '07	1254	800	191	6563	8086
568521	Green Arrow / Black Canary: Till Death Do They Part	TPB/SC	f	May '21	1237	842	173	6462	7940
568522	Green Arrow by Jeff Lemire	0	f	Dec '15	1223	839	164	6368	8048
568523	Green Arrow by Kevin Smith	0	f	Jul '16	1252	867	201	6618	8157
568524	Green Arrow: 80 Years of the Emerald Archer	0	f	Mar '21	1260	837	209	6545	8172
568525	Green Arrow: A Celebration of 75 Years	0	f	Jul '16	1246	790	143	6337	7886
568526	Green Arrow: Archer's Quest	0	f	Aug '15	1222	837	142	6505	7897
568527	Green Arrow: Golden Age Omnibus	0	f	Dec '17	1264	847	140	6490	8074
568528	Green Arrow: Secret Files	one-shot	f	Dec '02	1258	852	199	6597	7886
568529	Green Lantern / Adam Strange	one-shot	f	Oct '00	1236	824	174	6368	7960
568530	Green Lantern / Atom	one-shot	f	Oct '00	1238	860	213	6497	8095
568531	Green Lantern / Firestorm	one-shot	f	Oct '00	1251	851	181	6615	8154
568532	Green Lantern / Flash: Faster Friends	limited-series	f	Jan '97	1263	852	159	6405	8095
568533	Green Lantern / Green Arrow Collection	0	f	May '00	1252	837	212	6526	8140
568534	Green Lantern / Green Arrow: Hard-Traveling Heroes	0	f	Jun '18	1234	848	211	6593	7802
568535	Green Lantern / Green Arrow: Space	HC	f	Jul '20	1237	837	194	6581	8117
568536	Green Lantern / Green Lantern	one-shot	f	Oct '00	1240	799	160	6462	7797
568537	Green Lantern / Plastic Man: Weapons of Mass Deception	one-shot	f	Feb '11	1261	816	162	6433	8100
568538	Green Lantern / Power Girl	one-shot	f	Oct '00	1263	866	161	6502	8038
568539	Green Lantern / Silver Surfer: Unholy Alliances	one-shot	f	Dec '95	1256	793	139	6417	7929
568540	Green Lantern / Superman: Legend of the Green Flame	one-shot	f	Oct '00	1270	811	213	6383	7904
568541	Green Lantern 3-D	one-shot	f	Dec '98	1240	815	222	6565	8151
568542	Green Lantern Corps: Beware Their Power	0	f	Feb '18	1271	812	191	6556	8069
568543	Green Lantern Corps: Revolt of the Alpha-Lanterns	0	f	Jun '12	1266	837	155	6369	7952
568544	Green Lantern Corps: Through the Ages	0	f	Aug '09	1249	830	156	6391	7834
568545	Green Lantern Corps: Weaponer	0	f	Oct '12	1259	836	179	6479	8107
568546	Green Lantern Gallery	one-shot	f	1996	1232	796	141	6611	8046
568547	Green Lantern Legacy	0	f	Jan '20	1264	815	148	6529	7988
568548	Green Lantern Plus+	one-shot	f	Dec '96	1267	821	176	6455	7781
568549	Green Lantern Special	limited-series	f	1988	1261	796	174	6511	7921
568550	Green Lantern Special	limited-series	f	Jan '89	1227	796	124	6578	8082
568551	Green Lantern: 1001 Emerald Nights	one-shot	f	Jan '01	1244	823	137	6491	8054
568552	Green Lantern: 80 Years of the Emerald Knight	0	f	Jun '20	1229	828	132	6355	7869
568553	Green Lantern: A Celebration of 75 Years	0	f	Oct '15	1253	818	204	6619	7942
568554	Green Lantern: Animated Series / Young Justice: Super Sampler / Superman...	one-shot	f	Jun '12	1248	825	153	6428	7825
568555	Green Lantern: Brightest Day Blackest Night	one-shot	f	2002	1260	831	176	6390	7887
568556	Green Lantern: Ganthet's Tale	one-shot	t	Nov '92	1236	818	209	6321	7821
568557	Green Lantern: Greatest Stories Ever Told	0	f	Aug '06	1265	793	208	6412	8142
568558	Green Lantern: Hal Jordan	0	f	Jan '17	1238	857	134	6533	7925
568559	Green Lantern: In Brightest Day	0	f	Oct '08	1248	793	220	6462	8027
568560	Green Lantern: John Stewart - A Celebration Of 50 Years	HC	f	Jun '21	1269	809	139	6482	8112
568561	Green Lantern: Lights Out	0	f	Jun '14	1240	802	173	6488	7802
568562	Green Lantern: Movie Prequel - Abin Sur	one-shot	f	Jul '11	1263	818	195	6592	7782
568563	Green Lantern: Movie Prequel - Hal Jordan	one-shot	f	Aug '11	1257	843	150	6617	7807
568564	Green Lantern: Movie Prequel - Kilowog	one-shot	t	Aug '11	1246	799	124	6491	7961
568565	Green Lantern: Movie Prequel - Sinestro	one-shot	f	Oct '11	1231	852	193	6403	7897
568566	Green Lantern: Movie Prequel - Tomar-Re	one-shot	t	Aug '11	1241	794	163	6397	7948
568567	Green Lantern: Movie Prequels	0	f	Oct '11	1262	789	207	6560	7965
568568	Green Lantern: Our Worlds at War	one-shot	f	Aug '01	1222	812	163	6614	8020
568569	Green Lantern: Power of Green	one-shot	f	2010	1244	850	202	6422	8074
568570	Green Lantern: Rise of the Third Army	0	f	Sep '13	1253	850	207	6579	7898
568571	Green Lantern: Sinestro Corps - Secret Files & Origins	one-shot	f	Feb '08	1270	818	161	6563	8015
568572	Green Lantern: Tales of the Sinestro Corps	0	f	Jun '08	1247	816	188	6414	7880
568573	Green Lantern: Traitor	one-shot	f	Nov '01	1253	869	126	6585	7787
568574	Green Lantern: War of the Green Lanterns	0	f	Nov '11	1233	791	158	6582	7854
568575	Green Lantern: Willworld	one-shot	f	2001	1226	851	220	6376	8152
568576	Green Lantern: Wrath of the First Lantern	0	f	Feb '14	1257	872	193	6417	8109
568577	Hard Time: Complete Series	0	f	Oct '20	1236	840	131	6340	7893
568578	Harlan Ellison's 7 Against Chaos	0	f	Jul '13	1252	789	223	6405	8056
568579	Harley & Ivy: Love on the Lam	one-shot	f	Dec '00	1227	856	124	6356	8113
568580	Harley Loves Joker by Paul Dini	0	f	Dec '18	1265	790	124	6406	7942
568581	Harley Quinn and the Gotham City Sirens Omnibus	0	f	Apr '18	1253	851	185	6591	7861
568582	Harley Quinn: A Celebration of 25 Years	0	f	Sep '17	1223	843	136	6613	8014
568583	Harley Quinn: Batman Day Special Edition	one-shot	f	Oct '17	1266	837	181	6373	7861
568584	Harley Quinn: No Good Deed	HC	f	Dec '21	1230	804	203	6486	8105
568585	Harley Quinn: Our Worlds at War	one-shot	f	Oct '01	1236	824	137	6579	7971
568586	Harleys Quinns: Greatest Hits	0	f	Jul '16	1267	865	164	6344	8072
568587	Hawk and the Dove: Silver Age	0	f	Mar '18	1231	790	140	6363	7993
568588	Hawkman Omnibus	0	f	Jan '12	1245	789	210	6351	7878
568589	Hawkman: Secret Files & Origins	one-shot	f	Oct '02	1235	864	222	6423	7879
568590	Hawkman: Special	one-shot	f	Oct '08	1252	841	209	6553	7878
568591	He-Man and the Masters of the Universe Omnibus	0	f	Feb '19	1270	858	142	6522	7880
568592	Helmet of Fate	0	f	Oct '07	1245	859	184	6453	8041
568593	Helmet of Fate: Detective Chimp	one-shot	f	Mar '07	1266	856	141	6491	8023
568594	Helmet of Fate: Ibis the Invincible	one-shot	f	Mar '07	1270	838	130	6359	8173
568595	Helmet of Fate: Sargon the Sorcerer	one-shot	f	Apr '07	1251	872	128	6546	7898
568596	Helmet of Fate: Zauriel	one-shot	f	Apr '07	1246	827	219	6576	8051
568597	Heroes Against Hunger	one-shot	f	Aug '86	1232	846	181	6384	7794
568598	Heroes in Crisis: Price and Other Tales	0	f	Oct '19	1260	792	151	6441	8163
568599	Hitman / Lobo: That Stupid Bastich	one-shot	f	Sep '00	1256	804	146	6543	7782
568600	Hitman's Greatest Hits	0	f	Aug '19	1229	835	167	6478	7936
568601	Human Target: Final Cut	0	f	May '02	1235	796	140	6568	8035
568602	Huntress: Origins	0	f	Jan '20	1262	840	191	6476	8150
568603	I Am Not Starfire	0	f	Jul '21	1269	856	129	6518	8052
568604	I Can't Believe it's Not the Justice League	0	f	Jan '06	1223	828	144	6394	7998
568605	I Vampire	0	f	Apr '12	1234	844	223	6538	8029
568606	Impulse / Atom: Double-Shot	one-shot	f	Feb '98	1237	812	175	6427	8069
568607	Impulse Plus	one-shot	f	Sep '97	1239	839	168	6466	7780
568608	Impulse: Reckless Youth	0	f	1997	1260	859	190	6374	7997
568609	Infinite Crisis Companion	0	f	Oct '06	1235	844	126	6359	7872
568610	Infinite Frontier: Secret Files	0	f	Aug '21	1222	851	148	6361	8084
568611	Injustice: Gods Among Us - Year Four Complete Collection	0	f	Jan '19	1222	831	153	6576	8074
568612	Injustice: Gods Among Us - Year One	0	f	Sep '18	1265	852	178	6522	8140
568613	Injustice: Gods Among Us - Year One: Complete Collection	0	f	Mar '16	1224	865	159	6338	7833
568614	Injustice: Gods Among Us - Year Two: Complete Collection	0	f	Jan '17	1271	834	205	6326	7861
568615	Injustice: Year Zero	HC	f	Jul '21	1260	842	161	6431	8104
568616	Insanely Awesome MAD	0	f	Aug '11	1269	867	132	6608	8146
568617	Intensely Dumb MAD	0	f	Oct '13	1228	842	134	6455	7781
568618	Iron Giant	one-shot	f	Aug '99	1241	871	195	6425	7911
568619	Ironwolf	one-shot	f	Dec '85	1244	864	146	6340	7910
568620	Ironwolf: Fires of the Revolution	0	f	1992	1259	827	211	6584	7809
568621	JLA / Cyberforce	one-shot	f	Dec '05	1241	854	154	6604	7918
568622	JLA / Doom Patrol Special	one-shot	f	Mar '18	1245	805	136	6553	7926
568623	JLA / Haven: Anathema	one-shot	f	Nov '02	1234	852	209	6369	8143
568624	JLA / Haven: Arrival	one-shot	t	Nov '01	1269	831	163	6526	7911
568625	JLA / JSA: Secret Files	one-shot	f	Jan '03	1250	802	208	6335	8063
568626	JLA / JSA: Virtue and Vice	0	f	Dec '02	1224	789	131	6427	8006
568627	JLA / WildC.A.T.S	one-shot	f	Jun '97	1251	857	177	6584	7805
568628	JLA / Witchblade	one-shot	f	Dec '00	1243	840	164	6372	7843
568629	JLA Gallery	one-shot	f	Jun '97	1253	816	179	6368	8071
568630	JLA Showcase: 80-Page Giant	one-shot	f	Feb '00	1250	853	124	6467	7890
568631	JLA in Crisis: Secret Files	one-shot	f	Nov '98	1265	864	210	6342	8049
568632	JLA vs Predator	one-shot	f	Dec '00	1229	832	203	6477	8062
568633	JLA: A League of One	0	f	Nov '00	1254	814	166	6324	7890
568634	JLA: By Grant Morrison - Omnibus	HC	f	2020	1270	797	166	6556	7798
568635	JLA: Foreign Bodies	one-shot	f	Jun '99	1224	801	154	6379	7785
568636	JLA: Heaven's Ladder	one-shot	f	Oct '00	1250	826	162	6324	8087
568637	JLA: Our Worlds at War	one-shot	f	Sep '01	1242	814	210	6410	7953
568638	JLA: Primeval	one-shot	f	1999	1257	825	219	6403	8026
568639	JLA: Riddle of the Beast	0	f	Nov '01	1236	792	200	6617	7960
568640	JLA: Secret Origins	0	f	Nov '02	1240	839	181	6491	8095
568641	JLA: Seven Caskets	one-shot	f	Oct '00	1222	825	167	6479	8062
568642	JLA: Superpower	one-shot	f	Nov '99	1257	830	125	6399	7907
568643	JLA: The Greatest Stories Ever Told	0	f	Feb '06	1238	803	136	6408	7877
568644	JLA: The Secret Society of Super-Heroes	0	f	Nov '00	1247	821	160	6324	8028
568645	JLA: The Secret Society of Super-Heroes	0	f	Dec '99	1245	822	216	6580	8032
568646	JLA: The Tower Of Babel	HC	f	Apr '21	1241	852	134	6386	7891
568647	JLA: Tomorrow Woman	one-shot	f	Jun '98	1227	788	204	6552	8174
568648	JLA: Welcome to the Working Week	0	f	Aug '03	1246	807	136	6375	7983
568649	JSA All Stars Archives	0	f	Oct '07	1245	788	159	6506	8106
568650	JSA: Kingdom Come Special - Superman	one-shot	f	Jan '09	1260	873	173	6393	8158
568651	JSA: Kingdom Come Special - Superman	one-shot	f	Jan '09	1257	865	166	6392	7897
568652	JSA: Our Worlds At War	one-shot	f	Sep '01	1238	863	179	6461	7824
568653	JSA: The Golden Age	TPB/SC	f	Mar '17	1250	858	131	6455	7877
568654	Jack Kirby's Demon Omnibus	0	f	Nov '08	1238	872	189	6415	7860
568655	Jack Kirby's Losers	0	f	Mar '09	1253	797	191	6408	8021
568656	Jack Kirby's Mister Miracle	0	f	1998	1237	836	162	6507	8067
568657	Jack Kirby's OMAC: One Man Army Corps	0	f	Jul '13	1224	828	192	6423	7936
568658	Jack Kirby's The Fourth World Omnibus	0	f	Dec '17	1267	815	214	6533	7783
568659	Jack Kirby's The Fourth World Omnibus	HC	f	Sep '21	1266	834	151	6512	8127
568660	Jack Kirby's The Fourth World featuring Mister Miracle	0	f	Jul '01	1243	849	125	6589	7855
568661	Jack Kirby's: New Gods	0	f	Dec '96	1231	830	185	6521	7795
568662	Jack Kirby: 100th Celebration Collection	0	f	Feb '18	1228	819	132	6433	7899
568663	Jackie Joyner-Kersee: High Hurdles	one-shot	f	1992	1271	831	213	6540	8133
568664	Jedlicka Shoes	one-shot	f	1961	1260	860	192	6384	7973
568665	Jimmy Olsen	one-shot	f	May '11	1223	825	196	6498	8080
568666	Joker's Asylum II: Clayface	one-shot	f	Aug '10	1261	822	186	6411	7936
568667	Joker's Asylum II: Harley Quinn	one-shot	f	Aug '10	1233	854	144	6518	8040
568668	Joker's Asylum II: Killer Croc	one-shot	f	Aug '10	1260	816	165	6496	7870
568669	Joker's Asylum II: Mad Hatter	one-shot	f	Aug '10	1260	807	183	6579	7972
568670	Joker's Asylum II: The Riddler	one-shot	f	Aug '10	1246	840	201	6366	8094
568671	Joker's Asylum: Poison Ivy	one-shot	f	Sep '08	1255	871	218	6327	7861
568672	Joker's Asylum: Scarecrow	one-shot	f	Sep '08	1271	790	146	6511	8028
568673	Joker's Asylum: The Joker	one-shot	f	Sep '08	1268	843	215	6588	8068
568674	Joker's Asylum: The Penguin	one-shot	f	Sep '08	1241	866	219	6564	7869
568675	Joker's Asylum: Two-Face	one-shot	f	Sep '08	1224	836	187	6417	7870
568676	Joker: A Celebration of 75 Years	0	f	Jul '14	1260	809	123	6422	7986
568677	Joker: Death of the Family	0	f	Oct '13	1252	833	218	6529	8164
568678	Joker: Endgame	0	f	Sep '15	1269	794	150	6483	8048
568679	Joker: His Greatest Jokes	TPB/SC	f	Sep '19	1247	853	209	6517	8002
568680	Joker: Last Laugh Secret Files	0	f	Dec '01	1228	820	175	6391	8034
568681	Joker: The Bronze Age - Omnibus	HC	f	Aug '19	1258	828	145	6359	7823
568682	Jonah Hex: No Way Back	0	f	Jun '10	1258	840	181	6371	8077
568683	Jonah Hex: Welcome to Paradise	0	f	May '10	1247	872	220	6601	7807
568684	Judas Coin	TPB/SC	f	Aug '12	1269	835	176	6474	8033
568685	Judge Dredd: Dredd vs Death	0	f	Mar '05	1240	803	194	6564	7843
568686	Judge Dredd: Judgement Day	0	f	Feb '05	1245	844	171	6563	8043
568687	Judge Dredd: Movie Adaptation	one-shot	f	Jul '95	1221	799	207	6393	8058
568688	Just Imagine Stan Lee Creating the DC Universe	TPB/SC	f	Dec '13	1237	866	217	6328	7973
568689	Just Imagine Stan Lee's Aquaman	one-shot	f	Jun '02	1269	793	156	6526	7794
568690	Just Imagine Stan Lee's Batman	one-shot	f	Sep '01	1260	852	159	6466	7795
568691	Just Imagine Stan Lee's Catwoman	one-shot	f	Jul '02	1233	827	193	6402	7887
568692	Just Imagine Stan Lee's Green Lantern	one-shot	f	Dec '01	1266	810	179	6611	8124
568693	Just Imagine Stan Lee's Robin	one-shot	f	Apr '02	1266	807	124	6375	7833
568694	Just Imagine Stan Lee's Sandman	one-shot	f	Aug '02	1253	792	217	6367	7849
568695	Just Imagine Stan Lee's Secret Files & Origins	one-shot	f	Mar '02	1262	804	131	6549	8105
568696	Just Imagine Stan Lee's Shazam!	one-shot	f	May '02	1256	808	219	6489	7790
568697	Just Imagine Stan Lee's Superman	one-shot	f	Nov '01	1243	846	190	6350	7911
568698	Just Imagine Stan Lee's Wonder Woman	one-shot	f	Oct '01	1246	795	216	6498	7927
568699	Just Imagine: Stan Lee's Flash	one-shot	f	Jan '02	1234	820	191	6572	7969
568700	Just Imagine: Stan Lee's JLA	one-shot	f	Jan '02	1256	861	171	6385	7813
568701	Justice League Adventures: Super Power Meets Horse Power	one-shot	f	Aug '04	1262	868	169	6445	8043
568702	Justice League Beyond 2.0	0	f	Oct '14	1229	813	196	6500	7823
568703	Justice League Beyond: In Gods We Trust	0	f	Mar '14	1250	788	187	6594	8025
568704	Justice League Beyond: Konstriction	0	f	May '13	1232	812	198	6395	7788
568705	Justice League Dark: The New 52 Omnibus	HC	f	Nov '21	1221	800	204	6515	8056
568706	Justice League Day: Special Edition	one-shot	f	Nov '17	1251	799	141	6454	8110
568707	Justice League Heroes: Falling Star	one-shot	f	2006	1260	824	166	6383	7973
568708	Justice League Spectacular	one-shot	t	Mar '92	1246	814	178	6371	7894
568709	Justice League Spectacular	one-shot	f	Mar '92	1226	869	184	6353	7893
568710	Justice League Unlimited: Galactic Justice	TPB/SC	f	Aug '20	1233	864	128	6521	8141
568711	Justice League Unlimited: Girl Power	TPB/SC	f	Jul '21	1235	828	147	6444	7834
568712	Justice League Unlimited: Hocus Pocus	0	f	Feb '21	1231	832	223	6497	8141
568713	Justice League Unlimited: Time After Time	0	f	Nov '20	1250	863	199	6349	8085
568714	Justice League Unwrapped by Jim Lee	0	f	Apr '17	1270	837	184	6391	8000
568715	Justice League of America by Brad Meltzer	0	f	Jun '20	1245	841	177	6335	7800
568716	Justice League of America: 100-Page Super Spectacular	one-shot	f	1999	1231	849	213	6576	8028
568717	Justice League of America: A Celebration of 60 Years	0	f	Apr '20	1261	803	196	6379	7967
568718	Justice League of America: Detroit Era Omnibus	0	f	Dec '17	1236	815	210	6335	8001
568719	Justice League of America: Last Survivors of Earth	0	f	Aug '19	1271	792	170	6427	8058
568720	Justice League of America: Monopoly Collector's Edition	one-shot	f	1999	1250	839	205	6563	8148
568721	Justice League of America: Nail	0	f	Oct '17	1244	856	151	6351	7903
568722	Justice League of America: Power and Glory	0	f	Mar '18	1223	835	125	6380	7995
568723	Justice League of America: Road to Rebirth	0	f	Jun '17	1238	843	208	6619	7865
568724	Justice League of America: Wedding Special	one-shot	f	Nov '07	1255	828	196	6379	7833
568725	Justice League of America: Wedding of the Atom & Jean Loring	0	f	Apr '20	1266	799	158	6545	8056
568726	Justice League of America: Zatanna's Search	0	f	Dec '03	1222	833	217	6592	8038
568727	Justice League: AMC / IMAX Special Edition	one-shot	f	Jan '18	1249	819	130	6420	7967
568728	Justice League: Darkseid War - Lex Luthor	one-shot	f	Feb '16	1223	816	209	6467	7820
568729	Justice League: Darkseid War Saga Omnibus	0	f	Oct '17	1250	806	147	6582	8165
568730	Justice League: Darkseid War: Superman	one-shot	f	Jan '16	1245	843	200	6426	7974
568731	Justice League: Darkseid War: Superman	one-shot	f	Jan '16	1224	845	141	6367	7969
568732	Justice League: Darskeid War: Power of the Gods	0	f	Apr '16	1222	871	193	6414	7868
568733	Justice League: Hunger Scare	one-shot	f	2016	1238	846	216	6399	7872
568734	Justice League: New Frontier Special	one-shot	f	May '08	1271	794	133	6425	8066
568735	Justice League: No Smoke Without Fire	one-shot	f	Dec '07	1244	872	221	6456	7880
568736	Justice League: Origin - Deluxe Edition	0	f	Mar '20	1237	802	189	6490	7929
568737	Justice League: Rise and Fall	0	f	Apr '11	1227	837	185	6527	8090
568738	Justice League: The New 52 - Omnibus	HC	f	Jun '21	1259	855	131	6413	7869
568739	Justice League: Their Greatest Triumphs	0	f	Oct '17	1252	810	172	6418	8133
568740	Justice League: Throne of Atlantis	0	f	Nov '15	1241	804	210	6519	7929
568741	Justice League: Trick... or Trick?	one-shot	f	Oct '09	1254	842	132	6463	8092
568742	Justice League: Trinity War	0	f	Mar '14	1255	852	129	6489	7884
568743	Justice League: Trinity War - Director's Cut	one-shot	f	Oct '13	1260	849	170	6353	7938
568744	Justice League: World's Greatest Superheroes by Alex Ross & Paul Dini	0	f	Nov '17	1248	859	165	6617	8112
568745	Justice Riders	one-shot	f	1997	1229	805	144	6522	7894
568746	Justice Society of America: 100-Page Super Spectacular	one-shot	f	2000	1257	808	149	6439	7998
568747	Justice Society of America: A Celebration of 75 Years	0	f	May '15	1241	797	142	6493	8040
568748	Justice Society of America: The Demise of Justice	0	f	Jan '21	1256	818	194	6503	8118
568749	KFC: Across the Universe	one-shot	f	Jun '17	1242	792	201	6397	8164
568750	KFC: Colonel of Two Worlds	one-shot	f	Oct '15	1244	817	136	6388	8125
568751	KFC: Crisis of Infinite Colonels	one-shot	f	Jul '16	1271	866	170	6499	7872
568752	Kamandi by Jack Kirby Omnibus	0	f	Mar '18	1227	814	176	6400	7879
568753	Kingdom: Kid Flash	one-shot	f	Feb '99	1224	808	203	6415	7858
568754	Kingdom: Nightstar	one-shot	f	Feb '99	1232	845	172	6447	7848
568755	Kingdom: Offspring	one-shot	f	Feb '99	1226	862	144	6445	7862
568756	Kingdom: Planet Krypton	one-shot	f	Feb '99	1228	826	220	6577	8073
568757	Kingdom: Son of The Bat	one-shot	f	Feb '99	1221	793	165	6345	8145
568758	Kissyfur	one-shot	f	Sep '89	1225	852	140	6480	7864
568759	Kobra: Resurrection	0	f	Feb '10	1247	794	188	6615	7814
568760	LEGO Batman: Riddle Me This, Joker	one-shot	f	Jan '17	1245	830	161	6500	7825
568761	LEGO Batman: Video Game	one-shot	f	2008	1262	808	195	6584	8098
568762	LEGO Ninjago Movie	one-shot	f	2017	1225	803	137	6545	8042
568763	Larry Harmon's Laurel and Hardy	one-shot	f	Jul '72	1235	791	207	6325	8020
568764	Last Days of the Justice Society Special	one-shot	f	Dec '85	1242	833	170	6436	7947
568765	Legend of Bionicle: Challenge of the Rahi	one-shot	f	2001	1228	809	129	6493	7790
568766	Legend of the Swamp Thing: Halloween Spectacular	one-shot	f	Dec '20	1261	848	160	6484	8106
568767	Legends of Tomorrow: Atom	0	f	Feb '18	1239	835	197	6380	8135
568768	Legends of the DC Universe: 3-D Gallery	one-shot	f	Dec '98	1240	872	153	6342	8069
568769	Legends of the DC Universe: Crisis on Infinite Earths	one-shot	f	Feb '99	1229	795	154	6543	8159
568770	Legends of the DC Universe: Doug Mahnke	0	f	Jan '21	1268	854	215	6597	8074
568771	Legends of the Dark Knight: Alan Davis	0	f	Oct '12	1221	798	168	6615	8032
568772	Legends of the Dark Knight: Marshall Rogers	0	f	Nov '11	1249	849	169	6411	8119
568773	Legends of the Dark Knight: Matt Wagner	0	f	Jun '20	1267	806	142	6599	8102
568774	Legends of the Dark Knight: Michael Golden	0	f	May '19	1241	798	138	6589	8056
568775	Legion of Substitute Heroes Special	one-shot	f	Jul '85	1268	834	207	6604	7873
568776	Legion of Super-Heroes: Before the Darkness	0	f	Feb '21	1223	824	158	6589	7968
568777	Legion of Super-Heroes: Curse	0	f	Oct '11	1245	809	131	6529	7978
568778	Legion of Super-Heroes: Five Years Later Omnibus	0	f	Sep '20	1252	808	136	6610	8036
568779	Legion of Super-Heroes: Great Darkness Saga	0	f	Nov '10	1236	812	135	6412	7914
568780	Legion of Super-Heroes: Silver Age	0	f	Aug '18	1233	820	146	6619	8115
568781	Legion of Super-Heroes: When Evil Calls	0	f	Apr '12	1265	867	187	6531	8013
568782	Legion of Super-Villains	one-shot	f	May '11	1228	854	221	6455	8148
568783	Leviathan Dawn	0	f	Apr '20	1227	837	199	6602	7894
568784	Lex Luthor: A Celebration of 75 Years	0	f	Dec '15	1236	870	155	6555	7862
568785	Lex Luthor: Unauthorized Biography	one-shot	f	Jun '89	1264	825	199	6368	8133
568786	Lex Luthor: Year of the Villain	one-shot	f	Nov '19	1248	792	219	6468	8067
568787	Life On Another Planet	one-shot	f	May '00	1262	853	182	6523	7956
568788	Life Story of the Flash	0	f	Dec '96	1263	824	139	6466	8143
568789	Little Shop of Horrors Special	one-shot	f	Feb '87	1250	817	151	6363	7901
568790	Lobo / Deadman: The Brave and the Bald	one-shot	f	Feb '95	1254	836	170	6581	7851
568791	Lobo / Demon: Helloween	one-shot	f	Dec '96	1223	856	193	6617	7784
568792	Lobo / Judge Dredd	one-shot	f	Nov '95	1255	818	130	6562	8165
568793	Lobo Gallery	one-shot	f	Sep '95	1258	812	222	6366	8016
568794	Lobo's Big Babe Spring Break Special	one-shot	f	Spring Mar '95	1246	801	169	6408	8125
568795	Lobo's Greatest Hits	0	f	Dec '90	1221	824	190	6394	8067
568796	Lobo: Blazing Chain of Love	one-shot	f	Sep '92	1236	840	221	6614	7970
568797	Lobo: Bounty Hunting for Fun and Profit	one-shot	f	1995	1232	841	128	6357	8149
568798	Lobo: Convention Special	one-shot	f	Dec '93	1260	832	219	6341	7968
568799	Lobo: Fragtastic Voyage	one-shot	f	Dec '97	1268	822	143	6435	8018
568800	Lobo: Goes to Hollywood	one-shot	f	Dec '95	1241	794	167	6619	7887
568801	Lobo: I Quit	one-shot	f	Dec '95	1234	837	201	6524	8161
568802	Lobo: In the Chair	one-shot	f	Aug '94	1236	826	138	6533	8176
568803	Lobo: Paramilitary - Christmas Special	one-shot	f	Dec '90	1271	804	223	6430	7981
568804	Lobocop	one-shot	f	Feb '94	1251	792	124	6482	8082
568805	Lois & Clark: The New Adventures of Superman	0	f	1994	1229	796	146	6356	7923
568806	Lois Lane and the Friendship Challenge	0	f	Dec '19	1236	845	125	6578	7910
568807	Lois Lane: A Celebration of 75 Years	0	f	Nov '13	1237	837	221	6465	7803
568808	Looney Tunes: Back in Action	one-shot	f	2003	1262	871	160	6472	7815
568809	Looney Tunes: Colgate Mini Comic	one-shot	f	1998	1246	869	177	6591	8005
568810	Looney Tunes: Special Edition	one-shot	f	2011	1270	830	132	6472	8064
568811	Looney Tunes: Stampers Special Issue	one-shot	f	1996	1265	863	171	6553	7840
568812	MAD About Comic Strips	0	f	2003	1230	817	209	6619	7978
568813	MAD About the Mob	0	f	2002	1221	812	149	6503	7836
568814	MAD About the Sixties	0	f	Sep '05	1223	848	135	6371	7862
568815	MAD Presents: Batman	one-shot	f	Sep '12	1228	800	152	6534	7827
568816	MAD Presents: Don't Let the Penguin Drive the Batmobile	0	f	Oct '18	1268	830	153	6381	8140
568817	MAD Presents: Goodnight Batcave	0	f	Oct '16	1227	861	216	6542	8052
568818	MAD Presents: Spy vs Spy - Fight to the Finish	0	f	Nov '13	1264	844	126	6618	7849
568819	MAD Presents: Spy vs Spy - The Top Secret Files	0	f	Jan '12	1260	806	135	6468	7868
568820	MAD Presents: Superman and the Miserable, Rotten, No Fun, Really Bad Day	0	f	Oct '17	1261	873	202	6572	7891
568821	MAD Super Spectacular: Superman - Man of Steel	one-shot	f	Summer Jul '13	1252	870	171	6505	7941
568822	MAD's Original Idiots: Jack Davis	0	f	Sep '15	1236	848	145	6588	7976
568823	MAD's Original Idiots: Wally Wood	0	f	Sep '15	1242	867	193	6392	8101
568824	MAD's Original Idiots: Will Elder	0	f	Sep '15	1249	871	182	6333	8059
568825	Magazineland USA	one-shot	f	Jun '77	1251	860	143	6615	7967
568826	Mail Fan: A Looney Tunes Comic Book Digest	one-shot	f	1997	1226	848	179	6560	7924
568827	Making of Hourman	0	f	1998	1255	840	173	6444	8166
568828	Man And Superman - Deluxe Edition	HC	f	Dec '20	1250	836	124	6346	8112
568829	Man and Superman 100-Page Super-Spectacular	one-shot	f	Apr '19	1236	872	147	6565	7964
568830	Manhunter Special	one-shot	f	Oct '17	1251	801	169	6339	8106
568831	Manhunter by Archie Goodwin and Walter Simonson: Deluxe Edition	0	f	Jan '21	1271	829	175	6326	7962
568832	Manhunter: Special Edition	0	f	1999	1236	853	169	6616	8110
568833	Mann and Superman	one-shot	f	2000	1230	801	183	6541	8132
568834	Many Deaths of the Batman	0	f	1989	1257	855	192	6556	8068
568835	Marshal Law: Deluxe Edition	0	f	Apr '13	1263	791	165	6391	8153
568836	Martian Manhunter Special	one-shot	f	1996	1247	806	162	6557	8030
568837	Martian Manhunter: Rings of Saturn	0	f	Sep '14	1227	824	198	6505	8011
568838	Masters of the Universe: Origin of He-Man	one-shot	f	Mar '13	1238	824	137	6594	7803
568839	Masters of the Universe: Origin of Hordak	one-shot	f	Aug '13	1271	800	139	6505	7820
568840	Masters of the Universe: Origin of Skeletor	one-shot	f	Dec '12	1234	790	147	6374	7954
568841	Masters of the Universe: Promotional Supplement	one-shot	f	1982	1243	794	178	6471	7822
568842	Meet Angel	0	f	Nov '69	1222	796	131	6384	7796
568843	Megalex	0	f	May '05	1250	872	205	6427	7909
568844	Metal Men: Full Metal Jacket	0	f	Dec '16	1228	866	222	6444	8073
568845	Metamorpho: Two Worlds, One Destiny	0	f	Dec '16	1245	856	165	6341	7992
568846	Metropolis Grove	TPB/SC	f	May '21	1224	871	160	6481	7801
568847	Midnighter: Complete Wildstorm Series	0	f	Jul '17	1239	860	165	6494	7872
568848	Mighty Love	0	f	2003	1260	863	169	6326	7870
568849	Millennium Edition: Action Comics # 1	one-shot	f	Mid Feb '00	1263	840	141	6541	8104
568850	Millennium Edition: Action Comics #252	one-shot	f	Jun '00	1257	804	160	6516	8164
568851	Millennium Edition: Adventure Comics #247	one-shot	f	Nov '00	1231	802	125	6435	7899
568852	Millennium Edition: Adventure Comics #61	one-shot	f	Dec '00	1254	798	166	6420	7916
568853	Millennium Edition: All Star Western #10	one-shot	f	Apr '00	1253	862	204	6610	7810
568854	Millennium Edition: Brave and the Bold #28	one-shot	f	Feb '00	1242	873	222	6471	7902
568855	Millennium Edition: Brave and the Bold #85	one-shot	f	Nov '01	1262	797	164	6547	7964
568856	Millennium Edition: Dark Knight Returns #1	one-shot	f	Oct '00	1243	832	141	6509	8172
568857	Millennium Edition: Detective Comics #1	one-shot	f	Jan '01	1254	859	140	6520	7811
568858	Millennium Edition: Detective Comics #225	one-shot	f	Jan '01	1228	790	186	6545	7859
568859	Millennium Edition: Detective Comics #27	one-shot	f	Jan '00	1258	827	200	6417	7947
568860	Millennium Edition: Detective Comics #327	one-shot	f	Mar '00	1244	816	212	6439	8146
568861	Millennium Edition: Detective Comics #359	one-shot	f	Oct '00	1222	850	125	6379	8074
568862	Millennium Edition: Detective Comics #38	one-shot	f	Apr '00	1253	833	171	6396	7862
568863	Millennium Edition: Detective Comics #395	one-shot	f	Jun '00	1231	801	155	6450	7853
568864	Millennium Edition: Flash #123	one-shot	f	May '00	1242	868	133	6427	7805
568865	Millennium Edition: Green Lantern #76	one-shot	f	Feb '00	1241	861	174	6502	7993
568866	Millennium Edition: House of Secrets  #92	one-shot	f	May '00	1271	861	162	6453	8057
568867	Millennium Edition: JLA #1	one-shot	f	Mar '00	1256	862	185	6389	7986
568868	Millennium Edition: More Fun Comics #101	one-shot	f	Nov '00	1231	870	151	6576	7909
568869	Millennium Edition: More Fun Comics #73	one-shot	f	Jan '01	1225	825	192	6330	8161
568870	Millennium Edition: Mysterious Suspense #1	one-shot	f	Jul '00	1262	818	160	6537	7960
568871	Millennium Edition: New Teen Titans #1	one-shot	f	Dec '00	1254	789	170	6465	7783
568872	Millennium Edition: Our Army at War #81	one-shot	f	Jun '00	1240	809	186	6612	8101
568873	Millennium Edition: Police Comics #1	one-shot	f	Sep '00	1243	819	175	6561	8108
568874	Millennium Edition: Sensation Comics #1	one-shot	f	Oct '00	1253	799	154	6450	8038
568875	Millennium Edition: Spirit #1	one-shot	f	Jul '00	1233	852	159	6592	7970
568876	Millennium Edition: Superboy #1	one-shot	f	Feb '01	1264	831	148	6352	7986
568877	Millennium Edition: Superman #233	one-shot	f	Jan '01	1256	804	158	6329	7980
568878	Millennium Edition: Superman #75	one-shot	f	Aug '00	1266	789	212	6414	8154
568879	Millennium Edition: Superman #76	one-shot	f	May '00	1253	832	129	6389	8162
568880	Millennium Edition: Superman's Pal Jimmy Olsen #1	one-shot	f	Apr '00	1241	847	187	6549	8001
568881	Millennium Edition: The Shadow #1	one-shot	f	Feb '01	1237	842	152	6377	7823
568882	Millennium Edition: Watchmen #1	one-shot	f	Mar '00	1248	808	214	6478	7885
568883	Millennium Edition: Whiz Comics #2	one-shot	f	Mar '00	1259	804	176	6460	7819
568884	Millennium Edition: Wonder Woman #1 (1987)	one-shot	f	May '00	1234	831	136	6373	7874
568885	Millennium Edition: World's Finest #71	one-shot	f	Aug '00	1236	858	214	6354	7847
568886	Millennium Edition: Young Romance #1	one-shot	f	May '00	1266	810	162	6403	7879
568887	Mister Miracle Special	one-shot	f	1987	1254	852	128	6386	7918
568888	Mister Miracle by Jack Kirby	0	f	Sep '17	1235	821	179	6551	8132
568889	Mister Miracle by Steve Englehart & Steve Gerber	0	f	Mar '20	1224	799	187	6570	8039
568890	More Secret Origins: 80-Page Giant	one-shot	f	Dec '98	1248	832	206	6483	7845
568891	More Weird Mystery Tales	one-shot	f	1996	1223	852	141	6467	7984
568892	Movie Cartoons	one-shot	f	Dec '44	1266	827	125	6379	7800
568893	Movie Fables	one-shot	f	Dec '44	1241	838	162	6539	7918
568894	Movie Gems	one-shot	f	Dec '44	1232	807	216	6350	7882
568895	Mr. Mxyzptlk	one-shot	f	Feb '98	1260	797	137	6607	7927
568896	My Video Game Ate My Homework	0	f	Apr '20	1264	798	173	6510	7974
568897	Mysteries of Love in Space	0	f	Mar '19	1229	868	186	6403	7878
568898	Mysterious Stranger	one-shot	f	Aug '52	1238	834	133	6563	7870
568899	Mystery Trail	one-shot	f	Feb '50	1263	868	194	6361	7840
568900	National Comics: Eternity	one-shot	f	Sep '12	1237	838	140	6322	8098
568901	National Comics: Looker	one-shot	f	Oct '12	1235	863	157	6563	8072
568902	National Comics: Madame X	one-shot	f	Dec '12	1244	814	187	6590	8156
568903	National Comics: Rose & Thorn	one-shot	f	Nov '12	1226	795	186	6598	7872
568904	Necessary Evil: Super-Villains of DC Comics	0	f	Sep '13	1262	849	223	6496	7805
568905	New Gods Special	0	f	Oct '17	1266	830	139	6485	7900
568906	New Gods by Jack Kirby	0	f	Sep '18	1237	817	201	6528	7835
568907	New Gods: By Gerry Conway	HC	f	Apr '20	1230	811	173	6507	8058
568908	New Gods: Secret Files & Origins	one-shot	f	Sep '98	1223	823	153	6564	8076
568909	New Talent Showcase 2017	one-shot	f	Jan '18	1233	870	222	6483	7870
568910	New Talent Showcase 2018	one-shot	f	Feb '19	1271	804	221	6437	8107
568911	New Teen Titans: Games	0	f	Sep '11	1233	807	149	6614	8082
568912	New Teen Titans: Judas Contract	0	f	Jan '18	1267	863	191	6546	7914
568913	New Teen Titans: Terra Incognito	0	f	Dec '06	1261	821	143	6404	8157
568914	New Teen Titans: Who is Donna Troy?	0	f	Jun '05	1233	864	189	6613	8003
568915	New Years Evil	0	f	Feb '20	1250	872	183	6323	7935
568916	Newsboy Legion and the Boy Commandos Special	one-shot	f	Oct '17	1243	857	143	6393	7797
568917	Newstime	one-shot	f	May '93	1236	831	180	6559	7952
568918	Night Force: The Complete Series by Marv Wolfman and Gene Colan	0	f	Oct '17	1237	843	186	6382	7788
568919	Nightmaster	one-shot	f	Jan '11	1238	841	178	6389	7962
568920	Nightwing by Peter J. Tomasi	0	f	Jan '20	1270	849	166	6509	8019
568921	Nightwing: 80-Page Giant	one-shot	f	Winter Dec '00	1239	837	223	6482	7825
568922	Nightwing: Alfred's Return	one-shot	f	Jul '95	1224	863	163	6495	8167
568923	Nightwing: Leaping Into The Light	0	f	Dec '20	1225	814	139	6427	8129
568924	Nightwing: Old Friends, New Enemies	0	f	Aug '13	1224	869	181	6562	7974
568925	Nightwing: Our Worlds at War	one-shot	f	2001	1270	789	208	6483	7971
568926	Nightwing: Secret Files	one-shot	f	Oct '99	1242	836	179	6438	8081
568927	Nightwing: Target	one-shot	f	2001	1246	810	217	6619	7852
568928	Nightwing: The Gray Son Legacy	0	f	May '20	1251	850	189	6452	8015
568929	Nightwing: The Prince Of Gotham - Omnibus	HC	f	Nov '20	1230	823	170	6453	8164
568930	Nightwing: Year One	HC	f	2020	1243	813	207	6487	7864
568931	Nolan Ryan: Winning Pitch	one-shot	f	1992	1221	795	154	6582	7845
568932	Nubia: Real One	TPB/SC	f	Feb '21	1242	851	127	6602	7847
568933	OMAC Project: Infinite Crisis Special	one-shot	f	May '06	1257	841	137	6469	7779
568934	OMAC Project: Infinite Crisis Special	one-shot	f	May '06	1222	853	149	6592	8165
568935	Ocean Master: Year of the Villain	one-shot	f	Feb '20	1269	830	221	6430	7963
568936	Old Glory Comics	one-shot	f	Dec '40	1223	849	194	6595	8064
568937	Orion Omnibus	0	f	Mar '15	1229	852	188	6518	8112
568938	Outsiders by Judd Winick	0	f	May '19	1245	803	196	6494	7826
568939	Outsiders: Double Feature	one-shot	f	Oct '03	1221	807	190	6471	7994
568940	Ozzie Smith: The Kid Who Could	one-shot	f	1992	1237	831	184	6350	7856
568941	People of Earth	one-shot	f	Sep '17	1242	843	139	6516	8077
568942	Planetary Omnibus	0	f	Jan '14	1235	849	160	6383	7794
568943	Plastic Man Special	one-shot	f	Aug '99	1245	838	147	6362	8036
568944	Poison Ivy: Thorns	0	f	Jun '21	1226	813	144	6478	7904
568945	Power Company: Manhunter	one-shot	f	Mar '02	1241	848	182	6586	7906
568946	Power Company: Skyrocket	one-shot	t	Mar '02	1263	873	218	6443	7851
568947	Power Company: Witchfire	one-shot	f	Mar '02	1249	795	131	6383	8054
568948	Power Girl: Power Trip	TPB/SC	f	Feb '14	1228	794	182	6477	7953
568949	Powerpuff Girls: Double Whammy	one-shot	f	Dec '00	1261	829	163	6411	8029
568950	Powerpuff Girls: Movie - Official Comic Book Adaptation	one-shot	f	Sep '02	1241	824	212	6488	8025
568951	Prelude to Infinite Crisis	one-shot	f	Jun '05	1256	806	222	6602	7794
568952	Prometheus	one-shot	t	Feb '98	1232	854	160	6383	8123
568953	Pryzm	one-shot	f	2002	1252	804	131	6508	7810
568954	Pulp Fiction Library: Mystery in Space	0	f	Sep '99	1230	798	149	6364	7934
568955	Quarantine Zone	HC	f	Mar '16	1260	812	125	6407	7945
568956	Ragman: Suit of Souls	one-shot	f	Dec '10	1242	788	123	6410	7922
568957	Rainbow Brite and the Star Stealer	one-shot	f	Dec '85	1246	858	190	6612	8026
568958	Rann-Thanagar War: Infinite Crisis Special	one-shot	f	Apr '06	1258	855	146	6439	7890
568959	Realworlds: Batman	one-shot	f	Mar '00	1241	864	196	6328	8034
568960	Realworlds: Justice League of America	one-shot	f	2000	1264	871	142	6616	8096
568961	Realworlds: Superman	one-shot	f	2000	1239	809	206	6467	7800
568962	Red Circle: Hangman	one-shot	f	Oct '09	1258	843	148	6413	7942
568963	Red Circle: Inferno	one-shot	f	Oct '09	1258	851	184	6413	7888
568964	Red Circle: Shield	one-shot	f	Oct '09	1251	866	180	6586	7869
568965	Red Hood and the Outlaws: Futures End	one-shot	f	Nov '14	1254	838	212	6424	7785
568966	Red Hood and the Outlaws: Futures End	one-shot	f	Nov '14	1244	823	184	6530	8033
568967	Red Hood and the Outlaws: New 52 Omnibus	0	f	Oct '18	1244	843	204	6539	8038
568968	Red Hot Comics: Post Cereal Mini-Comic	one-shot	f	1948	1252	816	184	6533	8091
568969	Red Robin: 7 Days of Death	0	f	Mar '12	1231	802	133	6582	8110
568970	Represent	0	f	Aug '21	1268	789	127	6328	7981
568971	Riddler: Year of the Villain	one-shot	f	Nov '19	1246	807	125	6546	7948
568972	Road to Doomsday Clock	one-shot	f	Dec '17	1238	797	181	6453	7978
568973	Robin / Argent	one-shot	f	Feb '98	1233	826	147	6406	8053
568974	Robin / Batgirl: Fresh Blood	0	f	Sep '05	1227	863	197	6438	8161
568975	Robin / Spoiler Special	one-shot	f	Aug '08	1226	857	166	6328	7866
568976	Robin 80 Years of the Boy Wonder	0	f	Sep '20	1243	846	155	6465	7925
568977	Robin the Boy Wonder: A Celebration of 75 Years	0	f	Apr '15	1226	825	142	6414	8103
568978	Robin: 80-Page Giant	one-shot	f	Sep '00	1252	797	201	6486	7799
568979	Robin: A Hero Reborn	one-shot	f	Apr '91	1254	833	126	6330	7926
568980	Robin: Teen Wonder	0	f	May '09	1240	804	174	6357	7989
568981	Robin: The Bronze Age Omnibus	HC	f	Apr '20	1253	791	153	6378	7885
568982	Robin: Tragedy and Triumph	one-shot	f	1993	1228	803	201	6604	8013
568983	Rock n' Roll Comics	one-shot	f	Jan '56	1239	792	159	6516	7845
568984	Rogues Gallery	one-shot	f	1996	1242	843	215	6436	7834
568985	Rogues: New Year's Evil	one-shot	t	Feb '98	1251	790	138	6601	7921
568986	SHAZAM!: A Celebration of 75 Years	0	f	Mar '15	1223	807	192	6451	7804
568987	SHAZAM: The Deluxe Edition	HC	f	Oct '20	1230	812	152	6570	8174
568988	Saga of Seven Suns: Veiled Alliances	0	f	Jan '04	1237	854	171	6527	8032
568989	Samurai Jack Special	one-shot	t	Jan '02	1249	812	211	6587	8127
568990	Samurai Jack Special	one-shot	f	Dec '05	1226	847	196	6533	8006
568991	San Francisco Giants: Super Heroes	one-shot	f	2001	1224	860	215	6558	7920
568992	Sandman Special: King of Dreams	0	f	Oct '17	1255	798	148	6372	7838
568993	Sasquatch Detective	0	f	Feb '19	1245	821	177	6566	8071
568994	Scarecrow: New Year's Evil	one-shot	f	Feb '98	1258	789	157	6554	8089
568995	Scooby-Doo: Mystery Card Game Caper	one-shot	f	2000	1266	805	196	6435	7834
568996	Scooby-Doos: Greatest Adventures	TPB/SC	f	Sep '19	1239	849	159	6583	8030
568997	Screen Cartoons	one-shot	f	Dec '44	1242	848	137	6609	7930
568998	Screen Comics	one-shot	f	Dec '44	1264	854	159	6562	7919
568999	Screen Fables	one-shot	f	Dec '44	1221	793	186	6387	8128
569000	Screen Funnies	one-shot	f	Dec '44	1262	864	151	6395	8171
569001	Screen Gems	one-shot	f	Dec '44	1254	867	158	6576	8085
569002	Secret Files: President Luthor	one-shot	f	Mar '01	1261	848	223	6485	8175
569003	Secret Origin of Aquaman	one-shot	f	1980	1252	868	218	6451	8004
569004	Secret Origin of Batman	one-shot	f	1980	1229	833	210	6425	8113
569005	Secret Origin of Green Lantern	one-shot	f	1980	1245	834	156	6610	7925
569006	Secret Origin of Hawkman	one-shot	f	1980	1256	827	141	6415	7809
569007	Secret Origin of the Flash	one-shot	f	Dec '80	1235	806	178	6408	8055
569008	Secret Origin of the Justice League	one-shot	f	Dec '80	1256	826	166	6569	8073
569009	Secret Origins featuring JLA	0	f	1999	1261	873	142	6345	7903
569010	Secret Origins of Super-Villains: 80-Page Giant	one-shot	t	Dec '99	1248	818	219	6429	7890
569011	Secret Origins: 80-Page Giant	one-shot	f	Dec '98	1257	841	174	6546	8013
569012	Secret of the Swamp Thing	0	f	Sep '05	1258	810	183	6450	8163
569013	Sergio Aragones Destroys DC	one-shot	f	Jun '96	1262	793	210	6594	7793
569014	Seven Soldiers by Grant Morrison Omnibus	0	f	Oct '18	1250	870	183	6533	7797
569015	Sgt Rock's Combat Tales	0	f	Sep '05	1227	802	162	6500	8164
569016	Shade the Changing Girl / Wonder Woman Special	one-shot	f	Mar '18	1228	813	207	6335	8065
569017	Shadow Of The Batgirl	TPB/SC	f	Jan '20	1271	857	218	6499	8081
569018	Shadowdragon	one-shot	f	1995	1238	853	202	6488	8004
569019	Shazam Visits Portland, Oregon in 1943	one-shot	f	1989	1222	813	157	6414	7864
569020	Shazam! and the Shazam Family!	one-shot	f	Jul '02	1242	867	135	6348	7800
569021	Shazam!: Origins	0	f	Feb '19	1261	850	165	6613	7843
569022	Shazam!: Power of Hope	0	f	Nov '00	1256	868	184	6594	8137
569023	Shell Collector Series: Superman	one-shot	f	1980	1255	797	216	6574	8050
569024	Showcase Presents: All-Star Comics	0	f	Sep '11	1244	825	197	6593	7834
569025	Showcase Presents: All-Star Squadron	0	f	Apr '12	1263	843	177	6372	8101
569026	Showcase Presents: Ambush Bug	0	f	Apr '09	1264	853	198	6503	7967
569027	Showcase Presents: Amethyst Princess of Gemworld	0	f	Sep '12	1253	810	186	6610	7895
569028	Showcase Presents: BatLash	0	f	Jul '09	1246	836	151	6538	7862
569029	Showcase Presents: Blackhawk	0	f	Oct '08	1229	841	195	6364	8021
569030	Showcase Presents: Blue Beetle	0	f	Feb '15	1234	837	188	6554	8125
569031	Showcase Presents: Captain Carrot and His Amazing Zoo Crew	0	f	Sep '14	1222	852	203	6327	7802
569032	Showcase Presents: Dial H for Hero	0	f	Apr '10	1271	807	144	6612	7884
569033	Showcase Presents: Doc Savage	0	f	Jul '11	1246	839	197	6372	7878
569034	Showcase Presents: Eclipso	0	f	Oct '09	1247	823	179	6376	7883
569035	Showcase Presents: Elongated Man	0	f	Jul '06	1255	864	209	6374	7977
569036	Showcase Presents: Ghosts	0	f	Jan '12	1245	833	134	6601	8110
569037	Showcase Presents: Great Disaster	0	f	Feb '14	1238	813	188	6582	8112
569038	Showcase Presents: Green Arrow	0	f	Jan '06	1221	857	196	6551	7905
569039	Showcase Presents: Losers	0	f	Apr '12	1264	790	178	6490	8138
569040	Showcase Presents: Men of War	0	f	Jan '14	1271	862	159	6538	8172
569041	Showcase Presents: Metamorpho	0	f	Oct '05	1226	808	199	6552	8128
569042	Showcase Presents: Rip Hunter, Time Master	0	f	Jul '12	1253	813	209	6462	8051
569043	Showcase Presents: Sea Devils	0	f	May '12	1259	859	183	6433	7988
569044	Showcase Presents: Secrets of Sinister House	0	f	Feb '10	1243	815	174	6426	7886
569045	Showcase Presents: Spectre	0	f	Apr '12	1222	824	138	6486	8170
569046	Showcase Presents: Super Friends	0	f	May '14	1221	850	129	6363	7995
569459	Mean Girls Club	one-shot	f	2015	1231	790	186	6459	7844
569047	Showcase Presents: Tales of the Unexpected	0	f	Aug '12	1259	816	205	6369	7835
569048	Showcase Presents: Trial of the Flash	0	f	Aug '11	1227	811	150	6523	7967
569049	Showcase Presents: Warlord	0	f	Sep '09	1232	828	196	6513	8101
569050	Showcase Presents: Weird War Tales	0	f	Jan '13	1240	799	148	6390	7877
569051	Showcase Presents: Young Love	0	f	Mar '12	1266	864	157	6494	7837
569052	Silly Putty Man Meets the Eggomeany	one-shot	f	1979	1229	833	159	6580	8009
569053	Silly Putty Man vs the Space Pirates	one-shot	f	1978	1230	871	159	6419	7963
569054	Silver Age	one-shot	t	Jul '00	1264	835	138	6592	7938
569055	Silver Age: 80-Page Giant	one-shot	f	Jul '00	1243	844	146	6522	8023
569056	Silver Age: Brave and the Bold	one-shot	f	Jul '00	1257	803	156	6589	7851
569057	Silver Age: Challengers of the Unknown	one-shot	f	Jul '00	1232	820	134	6448	8146
569058	Silver Age: Doom Patrol	one-shot	f	Jul '00	1236	826	144	6513	7818
569059	Silver Age: Flash	one-shot	f	Jul '00	1241	831	152	6502	7906
569060	Silver Age: Green Lantern	one-shot	f	Jul '00	1234	843	142	6608	7998
569061	Silver Age: Secret Files	one-shot	f	Jul '00	1233	840	200	6567	7823
569062	Silver Age: Showcase	one-shot	f	Jul '00	1263	828	128	6511	8022
569063	Silver Age: Teen Titans	one-shot	f	Jul '00	1238	788	163	6370	7860
569064	Sinestro: Year of the Villain	one-shot	f	Oct '19	1259	797	154	6412	7898
569065	Sins of Youth: Aquaboy / Lagoon Man	one-shot	f	May '00	1249	838	195	6554	7788
569066	Sins of Youth: Batboy and Robin	one-shot	f	May '00	1222	863	204	6416	7965
569067	Sins of Youth: JLA Jr.	one-shot	f	May '00	1271	798	142	6546	7976
569068	Sins of Youth: Kid Flash / Impulse	one-shot	f	May '00	1221	866	150	6519	7807
569069	Sins of Youth: Secret / Deadboy	one-shot	f	May '00	1229	833	173	6422	7883
569070	Sins of Youth: Secret Files	one-shot	f	May '00	1224	799	202	6480	8145
569071	Sins of Youth: Starwoman and the JSA	one-shot	f	May '00	1248	825	158	6367	7808
569072	Sins of Youth: Superman, Jr. / Superboy, Sr.	one-shot	f	May '00	1221	807	215	6447	7826
569073	Sins of Youth: Wonder Girls	one-shot	f	May '00	1244	864	190	6494	8091
569074	Smallville: The Comic	one-shot	f	Nov '02	1262	843	178	6356	7896
569075	Son of Superman	0	f	Nov '99	1223	814	166	6508	7870
569076	Soul Calibur IV	one-shot	t	Jul '08	1227	871	188	6363	7816
569077	Space Jam	one-shot	f	Dec '95	1244	833	147	6346	7836
569078	Space Jam: A New Legacy	TPB/SC	f	Jun '21	1238	864	151	6366	8123
569079	Special Olympics Coaches Manual	one-shot	f	1980	1243	825	220	6488	7781
569080	Spectre: Crimes and Punishment	0	f	Dec '92	1226	871	213	6529	8163
569081	Speed Force	one-shot	t	Nov '97	1267	857	173	6383	7797
569082	Spirit: Femme Fatales	0	f	Oct '08	1232	870	142	6533	8058
569083	Splat Presents: Suicide Squad - Suicide Blonde	one-shot	f	Jul '16	1239	826	218	6423	7860
569084	Spy vs Spy - Omnibus	0	f	Nov '11	1271	800	128	6527	8087
569085	Star Trek VI: Undiscovered Country	one-shot	f	Dec '91	1229	794	157	6336	7795
569086	Star Trek: All of Me	one-shot	f	Apr '00	1242	827	169	6601	7791
569087	Star Trek: Debt of Honor	0	f	Jul '92	1237	840	152	6501	8095
569088	Star Trek: Generations	one-shot	f	Dec '93	1267	805	209	6516	8138
569089	Star Trek: Generations	one-shot	f	Jan '95	1223	846	171	6394	7864
569090	Star Trek: Mirror Universe Saga	0	f	Dec '90	1222	830	129	6390	7827
569091	Star Trek: Movie Special	0	f	Dec '88	1244	873	163	6456	7808
569092	Star Trek: Tests of Courage	0	f	1994	1260	820	214	6449	8098
569093	Stargirl	0	f	May '20	1223	796	221	6411	7852
569094	Starman / Congorilla	one-shot	f	Mar '11	1253	814	168	6425	7802
569095	Starman Compendium	0	f	Aug '21	1243	844	154	6579	7892
569096	Starman: Mist	one-shot	f	Jun '98	1223	819	175	6516	8128
569097	Starman: Secret Files	one-shot	f	Apr '98	1222	855	149	6324	8092
569098	Static Shock Special	one-shot	f	Aug '11	1245	871	175	6429	7904
569099	Steampunk: Catechism	one-shot	f	Jan '00	1259	831	171	6504	7946
569100	Steel: Official Comic Adaptation	one-shot	f	1997	1269	844	133	6356	7914
569101	Strange Deaths of Batman	0	f	Jan '09	1230	851	148	6385	7833
569102	Street Fighter: Battle for Shadaloo	one-shot	f	1995	1238	839	147	6540	7858
569103	Sugar & Spike Archives	0	f	Sep '11	1248	854	175	6616	7798
569104	Sugar & Spike: Metahuman Investigations	0	f	Nov '16	1261	830	189	6322	7800
569105	Suicide Squad Unwrapped by Jim Lee	0	f	Oct '18	1222	800	149	6412	8012
569106	Suicide Squad: AMC Special Edition	one-shot	f	Aug '21	1248	821	200	6575	7846
569107	Suicide Squad: Amanda Waller	one-shot	f	May '14	1236	853	195	6497	7855
569108	Suicide Squad: Hell to Pay	0	f	2018	1246	805	195	6423	7780
569109	Suicide Squad: Katana - Revenge of Cobra	0	f	Jul '19	1262	839	144	6526	7829
569110	Suicide Squad: Secret Files	0	f	Apr '17	1234	830	205	6458	7798
569111	Suicide Squad: Silver Age	0	f	Jan '18	1229	870	180	6573	7858
569112	Suicide Squad: Silver Age Omnibus	0	f	Jul '16	1247	864	143	6584	7861
569113	Suicide Squad: Their Greatest Shots	TPB/SC	f	Jul '21	1256	841	210	6550	7899
569114	Suicide Squad: War Crimes Special	one-shot	f	Oct '16	1232	821	131	6534	7836
569115	Super Heroes Battle Super Gorillas	one-shot	f	Winter Dec '75	1256	838	164	6488	7905
569116	Super Powers by Jack Kirby	0	f	Jan '18	1230	835	190	6322	7822
569117	Super Powers: Good Health Activity Book	one-shot	f	1985	1221	842	146	6594	7898
569118	Superboy / Risk: Double-Shot	one-shot	f	Feb '98	1233	867	166	6531	7777
569119	Superboy Spectacular	one-shot	f	Jan '80	1242	794	194	6479	7940
569120	Superboy and the Legion of Super-Heroes: The Early Years	0	f	May '11	1248	835	138	6431	8031
569121	Superboy: A Celebration of 75 Years	0	f	Jul '20	1271	831	152	6615	7996
569122	Superboy: The Boy of Steel	0	f	May '11	1241	854	130	6442	8145
569123	Superboy: The Greatest Team-Ups Ever Told	0	f	Feb '10	1245	856	176	6341	7978
569124	Supergirl / Jesse Quick: Fastest Women Alive	one-shot	f	2017	1221	795	142	6403	8111
569125	Supergirl / Lex Luthor Special	one-shot	f	Jan '93	1246	799	169	6490	8061
569126	Supergirl / Prysm: Double-Shot	one-shot	t	Feb '98	1259	812	150	6544	8059
569127	Supergirl Adventures: Girl Of Steel	TPB/SC	f	Aug '21	1260	827	142	6411	8174
569128	Supergirl Plus	one-shot	f	Feb '97	1256	867	201	6504	7963
569129	Supergirl Special Edition	one-shot	f	Dec '15	1228	843	167	6605	7960
569130	Supergirl: An Adult Coloring Book	0	f	Sep '16	1253	794	170	6337	8121
569131	Supergirl: Many Happy Returns	0	f	Dec '02	1253	826	199	6437	8162
569132	Supergirl: Movie Special	one-shot	f	1985	1253	800	136	6491	7947
569133	Supergirl: The Girl of Steel	0	f	Feb '16	1246	856	154	6383	8104
569134	Superman & Batman: Generations - Omnibus	HC	f	Feb '21	1241	838	153	6401	7827
569135	Superman & Batman: World's Funnest	one-shot	f	Summer Jul '99	1248	859	138	6528	8063
569136	Superman & Savage Dragon: Metropolis	one-shot	f	Nov '99	1225	819	156	6482	7861
569137	Superman / Batman Omnibus	0	f	Jun '20	1256	856	218	6581	7975
569138	Superman / Batman: 80 Years	0	f	Nov '19	1269	841	133	6366	8124
569139	Superman / Batman: Alternate Histories	0	f	Apr '96	1225	857	140	6354	7902
569140	Superman / Batman: Batman v Superman - Dawn of Justice Day Special Edition	one-shot	f	Apr '16	1257	832	190	6395	8106
569141	Superman / Batman: Public Enemies	0	f	Nov '15	1261	835	185	6552	7885
569142	Superman / Batman: Secret Files	one-shot	f	Nov '03	1250	867	176	6334	7847
569143	Superman / Fantastic Four	0	f	Jun '99	1232	801	149	6482	7949
569144	Superman / Superhombre	one-shot	f	Sep '44	1255	843	133	6600	8008
569145	Superman 3-D	one-shot	f	Winter Dec '98	1269	838	199	6550	7797
569146	Superman Adventures: Lex Luthor Man Of Metropolis	0	f	Mar '21	1260	791	140	6434	8068
569147	Superman Adventures: Man of Steel	0	f	Nov '13	1254	833	185	6568	7994
569148	Superman Adventures: Man of Steel	TPB/SC	f	Dec '13	1260	859	179	6346	8047
569149	Superman Adventures: Titus Game Edition	one-shot	f	1998	1255	849	126	6495	8084
569150	Superman Beyond: Man of Tomorrow	0	f	Apr '13	1271	835	209	6547	8074
569151	Superman Blue	0	f	Jul '18	1251	852	198	6368	8049
569152	Superman IV: Movie Special	one-shot	f	Jul '87	1256	825	153	6407	7996
569153	Superman Meets the Motorsports Champions	one-shot	f	1999	1238	841	184	6603	7964
569154	Superman Meets the Quik Bunny	one-shot	f	Dec '86	1227	869	138	6442	7806
569155	Superman Returns: Movie and Other Tales of the Man of Steel	0	f	Jul '06	1235	834	185	6594	8170
569156	Superman Returns: The Movie Adaptation	one-shot	f	Jul '06	1267	819	184	6418	7962
569157	Superman Spectacular	one-shot	f	Jan '82	1226	804	181	6574	8172
569158	Superman Villains	0	f	May '20	1235	810	137	6522	8106
569159	Superman Vs Wonder Woman - Tabloid Edition	0	f	Aug '20	1225	819	192	6527	7811
569160	Superman Workbook	one-shot	f	1945	1267	860	209	6357	8153
569161	Superman and Wonder Woman: The Hidden Killer	one-shot	f	1998	1240	812	131	6433	7895
569162	Superman and the Great Cleveland Fire	one-shot	f	1948	1243	798	155	6555	8066
569163	Superman and the Legion of Super-Heroes	0	f	Jul '08	1229	833	137	6418	8058
569164	Superman at the Gilbert Hall of Science	one-shot	f	1948	1230	871	144	6366	7877
569165	Superman by Geoff Johns & John Romita Jr: Director's Cut	one-shot	f	Nov '14	1262	854	220	6338	7932
569166	Superman by Mark Millar	0	f	May '18	1259	858	149	6460	7816
569167	Superman in the Eighties	0	f	Apr '06	1253	811	148	6413	8161
569168	Superman in the Forties	0	f	Oct '05	1260	819	128	6383	7982
569169	Superman vs Brainiac	0	f	Nov '08	1257	859	192	6586	7999
569170	Superman vs Darkseid	0	f	Apr '15	1243	827	188	6341	7879
569171	Superman vs Lex Luthor	0	f	Jun '06	1253	820	180	6364	8016
569172	Superman vs Mongul	0	f	Dec '13	1260	788	197	6566	7896
569173	Superman vs Zod	0	f	Mar '13	1251	821	193	6476	7829
569174	Superman vs the Flash	0	f	Fall Apr '76	1253	833	178	6416	8130
569175	Superman's Girlfriend, Lois Lane Archives	0	f	Dec '11	1222	815	189	6326	8078
569176	Superman's Metropolis	one-shot	f	Dec '95	1260	791	191	6600	7901
569177	Superman's Pal Jimmy Olsen by Jack Kirby	0	f	Apr '19	1222	818	186	6575	7862
569178	Superman, Inc.	one-shot	f	Oct '99	1261	801	177	6616	7937
569179	Superman: 10 Cent Adventure	one-shot	t	Mar '03	1250	855	173	6362	7880
569180	Superman: 3-2-1 Action	0	f	Apr '08	1269	808	156	6362	8146
569181	Superman: A Celebration of 75 Years	0	f	Nov '13	1259	840	206	6574	7793
569182	Superman: A Nation Divided	one-shot	f	1999	1226	830	195	6342	7856
569183	Superman: Action Comics - Oz Effect: Deluxe Edition	0	f	Mar '18	1231	863	176	6362	7898
569184	Superman: Adventures of Nightwing and Flamebird	0	f	Oct '09	1255	820	178	6540	8079
569185	Superman: Amazing Transformations of Jimmy Olsen	0	f	Jul '07	1257	796	133	6574	7822
569186	Superman: At Earth's End	one-shot	f	1995	1237	846	155	6461	8025
569187	Superman: Back-to-School Pack	0	f	1993	1267	793	179	6456	7785
569188	Superman: Black Ring	0	f	Sep '11	1271	852	195	6442	7792
569189	Superman: Blank Comic	one-shot	f	Dec '18	1235	848	156	6586	8066
569190	Superman: Blood of My Ancestors	one-shot	f	Sep '03	1229	839	172	6340	7940
569191	Superman: Bottle City of Kandor	0	f	Oct '07	1247	797	190	6420	8130
569192	Superman: Bradman Family Special Edition	one-shot	f	Apr '88	1225	814	152	6603	7988
569193	Superman: Brainiac	0	f	Mar '09	1231	819	189	6608	7925
569194	Superman: By Grant Morrison - Omnibus	HC	f	Feb '21	1233	837	140	6364	7980
569195	Superman: By Peter J Tomasi & Patrick Gleason - Omnibus	HC	f	May '21	1224	807	161	6352	8071
569196	Superman: Codename Patriot	0	f	Apr '10	1250	826	147	6616	8077
569197	Superman: Coming of Atlas	0	f	Apr '09	1233	810	178	6606	8054
569198	Superman: Cover to Cover	0	f	Jun '06	1237	857	186	6607	7898
569199	Superman: Daily Planet	0	f	Mar '06	1228	818	158	6534	8121
569200	Superman: Daily Planet Replica	one-shot	f	Jun '15	1238	796	197	6616	7954
569201	Superman: Dark Knight Over Metropolis	0	f	Oct '13	1250	826	171	6480	7802
569202	Superman: Distant Fires	one-shot	f	Jan '98	1250	799	192	6498	7926
569203	Superman: Emperor Joker	one-shot	f	Oct '00	1242	829	149	6493	7953
569204	Superman: Ending Battle	0	f	May '09	1246	793	157	6390	8121
569205	Superman: Eradication	0	f	Nov '95	1221	797	212	6429	7954
569206	Superman: Exile	0	f	Jun '98	1248	840	158	6355	7875
569207	Superman: Exile and Other Stories Omnibus	0	f	Apr '18	1247	833	189	6346	8120
569208	Superman: Faster Than... With Jeff Gordon	one-shot	t	2006	1232	830	177	6536	8074
569209	Superman: For Earth	one-shot	f	1991	1248	861	170	6563	7913
569210	Superman: For the Animals	one-shot	f	2000	1269	804	151	6330	8102
569211	Superman: From the 30's to the 70's	0	f	Dec '70	1246	817	161	6364	7995
569212	Superman: Godfall	0	f	Sep '04	1270	865	129	6473	8167
569213	Superman: H'el on Earth	0	f	Dec '13	1235	872	127	6398	7815
569214	Superman: Heroes	0	f	Apr '20	1242	810	150	6589	7940
569215	Superman: In the Name of Gog	0	f	Dec '05	1255	862	129	6486	8083
569216	Superman: Infinite City	0	f	Jun '05	1239	854	141	6481	7789
569217	Superman: Infinite Crisis	0	f	Jul '06	1253	849	139	6355	7872
569218	Superman: Journey	0	f	Feb '06	1250	821	214	6504	7984
569219	Superman: Kal	one-shot	f	Dec '94	1241	859	185	6595	7971
569220	Superman: Kellogg's Special Edition	one-shot	f	1954	1258	865	191	6411	8123
569221	Superman: Krisis of the Krimson Kryptonite	0	f	1996	1262	849	143	6553	7812
569222	Superman: Krypton Returns	0	f	Feb '15	1266	797	195	6363	7886
569223	Superman: Kryptonite Nevermore	HC	f	Jan '21	1247	810	172	6409	8012
569224	Superman: Last God of Krypton	one-shot	t	1999	1246	849	214	6422	8162
569225	Superman: Last Son of Krypton	0	f	Jun '93	1267	867	124	6420	7824
569226	Superman: Lex 2000	one-shot	f	Jan '01	1251	853	215	6384	7907
569227	Superman: Lois Lane	one-shot	f	Apr '14	1270	792	203	6621	7864
569228	Superman: Lois Lane - Girlfrenzy!	one-shot	f	Jun '98	1231	832	160	6609	7826
569229	Superman: Man of Steel - Doomsday is Coming	one-shot	f	1995	1243	836	161	6555	7901
569230	Superman: Man of Steel - Superboy vs King Shark	one-shot	f	1996	1267	799	188	6335	7862
569231	Superman: Man of Steel - Target: Superman	one-shot	f	Dec '94	1258	852	197	6482	8102
569232	Superman: Man of Steel Gallery	one-shot	f	Dec '95	1241	855	193	6430	7909
569233	Superman: Many Worlds of Krypton	0	f	Mar '18	1238	872	177	6408	7878
569234	Superman: Metropolis Secret Files	one-shot	f	Jun '00	1264	832	146	6620	8016
569235	Superman: Mon-El	0	f	Feb '10	1231	792	185	6583	7974
569236	Superman: Mon-El	0	f	Nov '10	1245	794	125	6326	7881
569237	Superman: Monster	one-shot	f	1999	1271	843	167	6483	7980
569238	Superman: Our Worlds at War	0	f	Jul '06	1233	790	205	6497	7862
569239	Superman: Our Worlds at War - Secret Files	one-shot	f	Aug '01	1239	829	166	6608	8081
569240	Superman: Past and Future	0	f	Dec '08	1236	868	128	6321	7825
569241	Superman: Phantom Zone	0	f	Jul '13	1229	866	140	6419	8015
569242	Superman: President Luthor	0	f	Feb '18	1254	792	176	6380	7827
569243	Superman: Reborn	0	f	Sep '17	1266	872	198	6412	8007
569244	Superman: Reign of Doomsday	0	f	Feb '12	1229	812	138	6449	7873
569245	Superman: Return to Krypton	0	f	2004	1228	832	129	6457	7971
569246	Superman: Ruin Revealed	0	f	Apr '06	1241	851	137	6460	7859
569247	Superman: Savage Dawn	0	f	Oct '16	1224	873	128	6616	8126
569248	Superman: Secret Files	limited-series	f	Jan '98	1259	844	195	6403	7859
569249	Superman: Secret Files	limited-series	f	May '99	1246	838	218	6563	7808
569250	Superman: Secrets of the Fortress of Solitude	0	f	Apr '12	1222	790	148	6571	8159
569251	Superman: Strange Attractors	0	f	May '06	1239	812	136	6510	8074
569252	Superman: The Dailies 1941-1942	0	f	1999	1254	865	124	6600	8002
569253	Superman: The Final Days of Superman	0	f	Oct '16	1244	801	124	6518	7995
569254	Superman: The Kansas Sighting	limited-series	f	Nov '03	1241	861	145	6539	8117
569255	Superman: The Kansas Sighting	limited-series	f	Dec '03	1239	863	202	6374	7804
569256	Superman: The Odyssey	one-shot	f	Jul '99	1234	810	220	6373	8015
569257	Superman: The Power Within	0	f	Jan '15	1245	814	175	6560	7970
569258	Superman: The Return of Doomsday	0	f	Nov '11	1229	834	136	6399	8130
569259	Superman: The Return of Superman	one-shot	f	Dec '92	1247	797	177	6401	8154
569260	Superman: The Third Kryptonian	0	f	Oct '08	1259	858	203	6601	8104
569261	Superman: The Trial of Superman	0	f	Sep '97	1224	788	185	6594	7824
569262	Superman: They Saved Luthor's Brain	0	f	Feb '00	1252	818	163	6383	8108
569263	Superman: Through the Ages	one-shot	f	Jun '07	1245	868	128	6363	7826
569264	Superman: Til Death Do Us Part	one-shot	f	Apr '04	1240	864	213	6368	7943
569265	Superman: Time and Time Again	0	f	Jun '94	1233	816	126	6542	7883
569266	Superman: True Brit	0	f	Oct '04	1235	844	222	6520	7817
569267	Superman: Under a Yellow Sun	one-shot	f	Aug '94	1256	827	191	6371	7791
569268	Superman: Up, Up, and Away!	0	f	Sep '06	1270	802	124	6334	8061
569269	Superman: Villains Secret Files	one-shot	f	Jun '98	1236	851	201	6618	7853
569270	Superman: Whatever Happened to the Man of Tomorrow?	one-shot	f	Jan '97	1261	835	149	6346	8080
569271	Superman: Where is Thy Sting?	one-shot	f	2001	1238	868	184	6589	8141
569272	Superman: World Against Superman	TPB/SC	f	Apr '19	1241	849	146	6477	8098
569273	Superman: World Without a Superman	0	f	Dec '92	1239	835	181	6523	8030
569274	Superman: Wrath of Gog	0	f	May '05	1222	807	172	6481	7886
569275	Superman: Y2K	one-shot	t	Feb '00	1245	796	171	6446	8128
569276	Superman: Zero Hour	0	f	Jun '18	1225	854	179	6593	8070
569277	Supermans Greatest Team-Ups	0	f	Aug '20	1266	839	157	6541	8059
569278	Swamp Thing: Bronze Age Omnibus	0	f	Oct '17	1249	791	164	6394	7957
569279	Swamp Thing: Halloween Horror Giant	one-shot	t	Oct '18	1257	804	133	6616	7983
569280	Swamp Thing: New Roots	TPB/SC	f	Sep '21	1248	799	168	6613	8156
569281	Swamp Thing: Roots of Terror	0	f	2019	1242	803	160	6440	8000
569282	Swamp Thing: Tales from the Bayou	0	f	Feb '20	1241	826	195	6456	7806
569283	Swamp Thing: Twin Branches	0	f	Oct '20	1241	805	135	6579	8111
569284	TSR Worlds	one-shot	f	Dec '89	1229	855	124	6394	7968
569285	Tales From The Dark Multiverse	HC	f	Feb '20	1251	807	135	6342	8166
569286	Tales From The Dark Multiverse II	HC	f	Jun '21	1232	845	211	6620	7989
569287	Tales From the Dark Multiverse: Dark Nights - Metal	0	f	Feb '21	1268	814	173	6590	7782
569288	Tales From the Dark Multiverse: Flashpoint	0	f	Feb '21	1249	836	159	6604	7888
569289	Tales from the DC Dark Multiverse	0	f	Feb '21	1240	817	155	6424	8066
569290	Tales from the Dark Multiverse:  Crisis on Infinite Earths	0	f	Feb '21	1252	864	143	6581	7873
569291	Tales from the Dark Multiverse: Batman - Knightfall	0	f	Mid Oct '19	1248	860	160	6604	8135
569292	Tales from the Dark Multiverse: Batman Hush	0	f	Jan '21	1268	799	193	6351	8072
569293	Tales from the Dark Multiverse: Wonder Woman - War of the Gods	0	f	Feb '21	1236	812	173	6496	7971
569294	Tales of the Batman by Alan Brennert	0	f	Jul '16	1251	789	130	6586	8170
569295	Tales of the Batman by Archie Goodwin	0	f	Apr '13	1242	789	204	6462	7962
569296	Tales of the Batman by Carmine Infantino	0	f	Jun '14	1223	788	160	6432	7784
569297	Tales of the Batman by Don Newton	0	f	Dec '11	1263	837	210	6435	8135
569298	Tales of the Batman by JH Williams III	0	f	Jul '14	1255	792	148	6572	7778
569299	Tales of the Batman by Len Wein	0	f	Dec '14	1243	801	193	6459	7831
569300	Tales of the Batman by Marv Wolfman	0	f	Mar '20	1254	839	131	6601	8062
569301	Tales of the Batman by Steven Englehart	0	f	Apr '20	1261	863	125	6374	8029
569302	Tales of the Multiverse: Batman - Vampire	0	f	Jan '08	1262	849	177	6523	8009
569303	Tales of the Sinestro Corps: Cyborg Superman	one-shot	f	Dec '07	1253	830	211	6331	8043
569304	Tales of the Sinestro Corps: Ion	one-shot	f	Jan '08	1222	797	162	6503	7868
569305	Tales of the Sinestro Corps: Superman-Prime	one-shot	t	Dec '07	1246	870	124	6372	7964
569306	Talos of The Wilderness Sea	0	f	Dec '86	1258	868	189	6550	7783
569307	Tarzan Digest	0	f	Sep '72	1230	788	147	6617	7876
569308	Taz's 40th Birthday Blowout	one-shot	f	1994	1258	856	215	6491	8048
569309	Team Superman	one-shot	f	Jul '99	1239	822	184	6585	8136
569310	Team Superman: Secret Files	one-shot	f	May '98	1230	865	131	6612	8153
569311	Team-Ups of the Brave and the Bold	0	f	Aug '10	1227	872	140	6448	7787
569312	Teen Beam	0	f	Feb '68	1259	801	210	6380	7778
569313	Teen Beat	0	f	Dec '67	1240	800	200	6458	8126
569314	Teen Titans / Legion Special	one-shot	f	Nov '04	1234	791	184	6600	7938
569315	Teen Titans / Outsiders: Death and Return of Donna Troy	0	f	Feb '06	1267	796	167	6537	8116
569316	Teen Titans / Outsiders: Insiders	0	f	Jan '06	1228	834	193	6493	8161
569317	Teen Titans Annual	one-shot	f	Feb '82	1231	804	137	6605	7898
569318	Teen Titans Go! / DC Super Hero Girls Giant	one-shot	f	Jul '20	1265	822	172	6606	8126
569319	Teen Titans Go! / Scooby-Doo! Team-Up: FCBD Special Edition	one-shot	f	May '15	1242	822	187	6352	8170
569320	Teen Titans Go! Giant	one-shot	f	Jan '20	1263	796	138	6548	8065
569321	Teen Titans Go! Giant	one-shot	f	Dec '19	1251	851	159	6553	8066
569322	Teen Titans Go! to Camp	0	f	Aug '20	1256	848	203	6593	7929
569323	Teen Titans Go! to the Movies	one-shot	f	Sep '18	1253	854	170	6464	8132
569324	Teen Titans Go!: Roll with It	0	f	Nov '20	1228	795	193	6571	7977
569325	Teen Titans Go!: Their Greatest Hijinks	0	f	Jul '18	1251	833	128	6524	8077
569326	Teen Titans Spotlight: Cyborg	0	f	Mar '09	1229	864	155	6331	8015
569327	Teen Titans Spotlight: Wonder Girl	0	f	Jul '08	1241	828	125	6567	7949
569328	Teen Titans by Geoff Johns Omnibus	0	f	Feb '13	1259	836	219	6504	8101
569329	Teen Titans: A Celebration of 50 Years	0	f	Nov '14	1258	865	203	6576	7991
569330	Teen Titans: Beast Boy	0	f	Jun '21	1233	834	159	6353	8140
569331	Teen Titans: Beast Boy Loves Raven	fcbd	f	Oct '21	1262	844	190	6612	8100
569332	Teen Titans: Bronze Age Omnibus	0	f	Jun '17	1241	848	215	6421	8006
569333	Teen Titans: Cold Case	one-shot	f	Feb '11	1236	862	149	6385	8037
569334	Teen Titans: Lost Annual	one-shot	f	Mar '08	1260	840	128	6603	8094
569335	Teen Titans: Raven	TPB/SC	f	Mar '21	1270	868	153	6530	8094
569336	Teen Titans: Silver Age Omnibus	0	f	Nov '16	1264	823	162	6607	8089
569337	Teen Titans: SparkTop Giveaway	one-shot	f	2006	1243	828	127	6336	8139
569338	Teeny Titans	one-shot	f	2016	1230	854	216	6613	7846
569339	Tell Me, Dark	one-shot	f	1992	1227	822	208	6375	7819
569340	The Adventures of Superboy	0	f	2010	1231	831	181	6583	7783
569341	The Amazing Adventures of the JLA	one-shot	f	Jun '06	1255	833	207	6371	7875
569342	The Black Canary: Bird Of Prey	TPB/SC	f	Mar '21	1225	842	153	6438	7821
569343	The Blackhawk Archives	0	f	Sep '01	1224	824	221	6582	7782
569344	The Brave and the Bold: 1969 Annual	one-shot	f	Nov '82	1242	810	220	6505	8134
569345	The Brave and the Bold: Team-Up Archives	0	f	Jun '05	1226	831	128	6600	8093
569346	The Creeper by Steve Ditko	0	f	Mar '10	1244	861	217	6548	7939
569347	The Culling: Rise of the Ravagers	0	f	Jan '13	1262	824	183	6380	8014
569348	The Deadman Collection	0	f	Dec '01	1234	868	211	6507	7911
569349	The Flash: The Death Of Iris West	HC	f	Jun '21	1255	833	197	6581	7880
569350	The Story Of Jezebel	GN	f	Aug '17	1255	842	193	6345	8168
569351	Tinderella	0	f	Feb '20	1242	854	157	6442	8161
569352	Truth is Fragmentary: Travelogues & Diaries	0	f	Feb '19	1224	873	140	6561	7910
569353	Voyeurs	HC	f	Aug '12	1250	837	215	6354	8005
569354	A.B.C. Warriors: The Mek-Nificent Seven	0	f	Jan '02	1271	807	203	6589	7960
569355	Albion Origins	one-shot	f	Oct '07	1264	819	173	6520	8002
569356	Alien: 40 Years 40 Artists	0	f	Mar '20	1257	837	222	6602	8169
569357	Aliens Infiltrator	0	f	Apr '21	1241	839	125	6613	7948
569358	Art of Blue Sky Studios' Ice Age	0	f	Jul '16	1248	796	183	6334	7831
569359	Assassin's Creed: Ankh of Isis Trilogy	0	f	Nov '13	1241	813	214	6552	7792
569360	Assassin's Creed: Brahman	0	f	Jan '14	1260	808	158	6602	8052
569361	Assassin's Creed: Chain	0	f	2013	1258	798	191	6567	8061
569362	Assassin's Creed: El Cakr	0	f	Nov '14	1222	813	137	6564	8175
569363	Assassin's Creed: Hawk	0	f	Nov '13	1251	831	184	6419	7987
569364	Assassin's Creed: Hawk Trilogy	0	f	Oct '17	1238	806	134	6354	8066
569365	Assassin's Creed: Leila	0	f	Nov '15	1240	848	179	6609	7907
569366	Assassin's Creed: Where's the Assassin?	0	f	Sep '21	1254	842	185	6413	7997
569367	Batman: Frightened City	0	f	May '90	1265	794	130	6465	7808
569368	Batman: Joker's Revenge	0	f	May '90	1271	864	132	6346	7990
569369	Batman: Killing Joke	0	f	Apr '08	1235	859	147	6454	7897
569370	Batman: Red Water, Crimson Death	0	f	May '90	1271	834	158	6491	7943
569371	Best of Simon and Kirby	0	f	May '09	1269	800	184	6352	7939
569372	Black Widow: Official Movie Special	0	f	May '20	1264	815	152	6497	7811
569373	Blade Runner: 2049 - The Storyboards	HC	f	Apr '21	1266	830	141	6398	7996
569374	Chronicles of Judge Dredd: Block Mania	0	f	Sep '84	1227	798	166	6614	7920
569375	Chronicles of Judge Dredd: City of the Damned	0	f	Nov '86	1265	796	203	6324	7904
569376	Complete James Bond: Dr. No - Classic Collection	0	f	Nov '16	1254	854	204	6619	7992
569377	Cream of Tank Girl	0	f	Oct '08	1228	862	134	6491	7944
569378	Dark Souls: Breath of Andolus - Artist's Edition	0	f	Sep '17	1249	849	185	6368	7836
569379	Dead Space: Collected Edition	0	f	Feb '13	1235	844	167	6572	7799
569380	Duck Feet: A Heartbreak Soup Graphic Novel	0	f	1988	1261	855	129	6455	7964
569381	Fathom featuring Tomb Raider: Child of Two Worlds	0	f	Apr '01	1266	810	157	6583	8043
569382	Feeding Hannibal: A Connoisseur's Cookbook	0	f	Oct '16	1248	811	164	6438	8118
569383	Firefly: Artbook	HC	f	Mar '21	1233	802	149	6490	8134
569384	Firefly: Generations	0	f	Oct '19	1269	816	140	6450	7799
569385	Flash Gordon: Storm Queen of Valkir	0	f	Sep '15	1262	792	197	6529	7886
569386	Frank Miller: Art of Sin City	0	f	Nov '02	1252	821	144	6473	7961
569387	Hard Case Crime: Big Hoax	0	f	Aug '20	1223	845	128	6390	8099
569388	Hole of Tank Girl	0	f	Sep '12	1260	837	198	6497	8036
569389	James Bond: Spectre - Complete Collection	0	f	Jan '16	1226	788	205	6460	7802
569390	London's Dark	0	f	1989	1250	825	173	6330	7815
569391	Lost Planet: First Colony	0	f	Jan '14	1259	840	184	6418	7981
569392	Making of Tank Girl	0	f	May '95	1257	843	165	6499	7798
569393	Marada the She-Wolf	0	f	Nov '13	1256	825	175	6560	8135
569394	Marvel Comics: The First 80 Years	0	f	Nov '20	1251	791	218	6547	7850
569395	Marvel Spider-Man: Miles Morales - Art of the Game	0	f	Feb '21	1247	848	197	6538	7970
569396	Marvel's Captain America: The First 80 Years	TPB/SC	f	Jun '21	1268	789	215	6566	8112
569397	Marvel's Falcon and the Winter Soldier	0	f	Dec '21	1260	820	199	6432	8026
569398	Max Payne 3: The Complete Series	one-shot	f	Dec '12	1260	832	196	6334	8148
569399	Nemi	0	f	Nov '07	1257	873	148	6440	7912
569400	Official Marvel Studios' Collectors Special	0	f	Jun '21	1253	809	123	6417	7888
569401	Philosophy of Venom	0	f	Jul '21	1235	854	138	6618	8074
569402	RazorJack: Collected Edition	0	f	May '13	1252	872	163	6327	7824
569403	Return to the Amalgam: Age of Comics - The Marvel Comics Collection	0	f	Jan '98	1248	852	169	6323	7908
569404	Rick and Morty: Official Coloring Book	0	f	Aug '17	1245	867	127	6353	7923
569405	Sharky: When Titans Clash	0	f	Oct '13	1222	853	146	6321	7796
569406	Simon & Kirby Library: Crime	0	f	Nov '11	1257	872	201	6374	8171
569407	Simon & Kirby Library: Horror!	0	f	Mar '14	1258	801	170	6537	8150
569408	Simon & Kirby Library: Science Fiction	0	f	Jun '13	1230	864	207	6408	7864
569409	Simon & Kirby: Superheroes	0	f	Sep '10	1262	828	208	6431	7815
569410	Sirens: Pin-Up Art of David Wright	0	f	Oct '13	1271	843	211	6591	8033
569411	Spandex: Fast and Hard	0	f	Jun '12	1222	871	170	6546	7841
569412	Star Trek: Villains	0	f	Aug '21	1229	852	135	6463	7983
569413	Star Wars: Age of Resistance - Official Collector's Edition	0	f	Feb '21	1266	849	162	6516	7966
569414	Star Wars: Empire Strikes Back Anniversary Special	0	f	Apr '20	1246	828	155	6540	7795
569415	Tales from the Sea of Thieves	0	f	Mar '18	1264	840	182	6512	7842
569416	Taxidermied: The Art of Roman Dirge	0	f	Sep '11	1271	822	156	6587	8150
569417	The Art and Making of Hotel Transylvania	0	f	Oct '12	1269	839	170	6559	7870
569418	The Art of Neil Gaiman and Charles Vess's Stardust	0	f	Sep '21	1232	873	157	6612	7860
569419	Transformers: Aspects of Evil	0	f	May '05	1233	814	168	6322	7956
569420	Transformers: Dinobot Hunt	0	f	Feb '04	1230	864	218	6452	7931
569421	Transformers: Earthforce	0	f	Nov '05	1236	798	184	6557	8145
569422	Transformers: Perchance to Dream	0	f	Feb '06	1268	815	200	6541	7972
569423	Transformers: Way of the Warrior	0	f	Jul '05	1251	796	197	6460	7790
569424	Wika Illustrated	0	f	Dec '20	1239	797	142	6599	7918
569425	Wizard of Id: Daily & Sunday Strips	0	f	Sep '13	1237	822	177	6453	7988
569426	X-Files: Haunting	0	f	Dec '96	1266	845	171	6346	7798
569427	Ingress: Niantic Project Begins	0	f	Nov '15	1256	855	135	6613	7944
569428	Ingress: Origins	0	f	Nov '15	1239	826	140	6578	7877
569429	Art of Darkwatch	0	f	Aug '05	1258	835	140	6560	8094
569430	Trail of Steel: 1441 AD	0	f	Sep '12	1253	800	171	6546	8142
569431	Blister	0	f	Jun '09	1222	846	203	6487	7905
569432	101 Artists to Listen to Before You Die	0	f	Nov '15	1224	819	166	6618	7933
569433	101 Movies to Watch Before You Die	0	f	Nov '17	1259	865	128	6338	7833
569434	Adventures Of Leeroy And Popo	GN	f	Sep '12	1224	831	180	6456	8032
569435	Akissi: More Tales of Mischief	0	f	Jul '19	1228	820	146	6478	7820
569436	Akissi: Tales of Mischief	0	f	May '18	1270	834	134	6484	7817
569437	Americana	0	f	Aug '19	1226	804	177	6385	7940
569438	Audubon: On the Wings of the World	0	f	Mar '17	1244	849	204	6601	7839
569439	Behold the Dinosaurs and Some Non-Dinosaurs	0	f	Nov '14	1271	845	171	6505	7960
569440	Curveball	GN	f	Nov '15	1228	842	192	6567	7942
569441	Dalston Monsterzz	0	f	May '18	1242	803	220	6567	7927
569442	Darwin: An Exceptional Voyage	0	f	Feb '19	1231	817	136	6359	8135
569443	Eileen Gray: A House Under the Sun	0	f	Jun '19	1254	807	135	6576	7949
569444	Einstein	HC	f	Jun '16	1225	864	211	6467	7799
569445	Fight 2!	GN	f	Sep '12	1256	842	131	6556	7894
569446	Garbage Night	0	f	Jun '17	1234	801	169	6382	7992
569447	Geis: A Game Without Rules	0	f	Nov '17	1223	816	220	6583	8052
569448	Geis: A Matter of Life & Death	0	f	Jul '16	1252	819	208	6357	8098
569449	Hilda and the Bird Parade	0	f	Apr '13	1230	805	146	6485	8156
569450	Hilda and the Midnight Giant	0	f	Jul '13	1266	870	221	6573	7877
569451	Hilda and the Stone Forest	0	f	May '16	1228	849	167	6445	8008
569452	Hilda's Back	fcbd	f	May '17	1264	843	158	6577	7928
569453	Hildafolk	0	f	Nov '10	1257	798	180	6404	7826
569454	How To Pick A Fight	0	f	Oct '21	1224	808	171	6595	8024
569455	How To Survive in the North	0	f	Nov '16	1260	827	153	6424	8089
569456	In A Sense: Lost & Found	GN	f	Jul '14	1253	873	182	6380	8051
569457	Marx	0	f	Oct '14	1267	868	153	6603	8160
569458	Marx, Freud & Einstein: Heroes of the Mind	0	f	Aug '17	1261	822	207	6388	7804
569460	Mean Girls Club: Pink Dawn	0	f	May '18	1243	813	148	6395	8059
569461	Megaskull	0	f	Dec '12	1235	828	184	6561	7902
569462	Moonhead and the Music Machine	0	f	Sep '17	1239	815	172	6438	7917
569463	Nobrow 10	0	f	Jun '18	1240	854	159	6472	7804
569464	Nobrow 7	0	f	Sep '12	1224	800	212	6608	7863
569465	Out of Nothing	0	f	May '18	1258	853	169	6487	8155
569466	Pablo & Jane and the Hot Air Contraption	0	f	Oct '15	1257	861	199	6466	8116
569467	Pantheon: The True Story of the Egyptian Deities	HC	f	Aug '17	1239	810	150	6602	8110
569468	Robert Moses: Master Builder of New York City	0	f	Nov '14	1265	811	175	6429	8157
569469	SP4RX	GN	f	Dec '16	1262	854	219	6620	7934
569470	Skip	0	f	Jul '19	1222	830	141	6488	8028
569471	Spectators	GN	f	Feb '15	1239	812	179	6551	7850
569472	Summer Spirit	0	f	Jul '20	1241	848	156	6343	7936
569473	The Senses	HC	f	Dec '17	1270	819	218	6377	7910
569474	Through a Life	HC	f	Feb '19	1253	829	149	6614	7948
569475	Calculus Cat: Death to Television	0	f	1987	1238	859	132	6491	7920
569476	Leo Baxendale's Thrrp!	0	f	1987	1240	854	193	6366	8163
569477	Space Bananas	one-shot	f	Jul '95	1224	871	195	6342	7844
569478	Bard Tales: The Trial of Dark Archer	one-shot	f	Jan '11	1260	835	128	6425	7953
569479	Abraham Lincoln: From the Log Cabin to the White House	0	f	Jan '13	1232	823	160	6534	8107
569480	Beatles: All Our Yesterdays	0	f	Feb '17	1237	846	179	6383	7833
569481	Campfire Classics: 20,000 Leagues Under the Sea	0	f	2010	1230	849	133	6587	8007
569482	Campfire Classics: Jungle Book	0	f	Dec '10	1251	864	179	6434	8061
569483	Campfire Classics: Kim	0	f	2011	1231	842	212	6485	7869
569484	Campfire Classics: Master of the World	0	f	Dec '10	1230	811	211	6507	8005
569485	Campfire Classics: The Call of the Wild	0	f	Nov '10	1244	868	131	6354	7967
569486	Conquering Everest	0	f	Feb '11	1253	826	180	6585	7862
569487	Count of Monte Cristo	0	f	2012	1236	848	216	6329	8156
569488	Draupadi: Fire-Born Princess	0	f	Oct '14	1242	836	222	6441	8006
569489	Krishna: Defender of Dharma	0	f	Oct '14	1262	820	125	6321	7910
569490	Martin Luther King Jr.: Let Freedom Ring	0	f	Jan '13	1238	840	222	6349	8118
569491	Sinbad: The Legacy	0	f	Oct '14	1237	871	213	6559	7811
569492	Sita: Daughter of the Earth	0	f	Jul '11	1239	854	148	6496	8033
569493	Stolen Hearts: The Love of Eros and Psyche	0	f	Feb '11	1245	866	179	6400	8145
569494	World War One: 1914-1918	TPB/SC	f	Oct '14	1248	811	161	6582	7825
569495	Wright Brothers	0	f	Aug '11	1255	872	203	6563	7801
569496	Fancy Adventures of Jack Cannon	0	f	2010	1229	801	156	6460	7848
569497	100 Watts: James Watt Memorial Cartoon Collection	0	f	May '83	1271	788	214	6495	7905
569498	Jordanoff's Illustrated Aviation Dictionary	0	f	1942	1235	799	170	6361	8078
569499	Know-How Family: Story of the Usefulness of Soda	one-shot	f	1957	1240	819	136	6540	8153
569500	Disney's Tangled the Series: Write Story	0	f	Jun '18	1236	803	135	6438	7938
569501	Fairest of All: Tale of the Wicked Queen	0	f	Oct '09	1235	813	219	6602	7906
569502	Gravity Falls: Dipper and Mabel and the Curse of the Time Pirates' Treas...	0	f	Jul '16	1271	791	153	6615	8009
569503	Gravity Falls: Dipper's and Mabel's Guide to Mystery and Nonstop Fun!	0	f	Oct '14	1266	831	185	6489	7911
569504	Gravity Falls: Journal 3	0	f	Jul '16	1226	820	168	6374	8064
569505	Gravity Falls: Lost Legends	0	f	Aug '18	1255	806	129	6595	7917
569506	Gravity Falls: Tales of the Strange and Unexplained - Bedtime Stories Ba...	0	f	Feb '21	1252	850	188	6597	7940
569507	High School Musical	0	f	Sep '08	1242	829	173	6522	7801
569508	Star vs the Forces of Evil: Magic Book of Spells	0	f	Dec '18	1233	811	145	6396	7967
569509	Tales from the Haunted Mansion	0	f	Jul '19	1253	872	185	6420	8005
569510	Conchy on the Half-Shell	0	f	1973	1231	873	176	6497	8110
569511	Tales of the Spooky-Natural and Vampire Jokes	0	f	Sep '80	1250	873	169	6471	7959
569512	The Best of Creepy	0	f	Dec '70	1239	871	223	6483	7797
569513	Adventures on Space Station Freedom	one-shot	f	1989	1245	821	199	6367	7872
569514	Blue Flame: Breaks the Record!	one-shot	f	1971	1232	851	198	6525	8105
569515	Bobby and the Pirates	one-shot	f	1957	1222	835	215	6349	7924
569516	Bobby in King Arthur's Court	one-shot	f	1957	1230	805	177	6430	8069
569517	Bobby in Sherwood Forest	one-shot	f	1957	1264	851	186	6603	8115
569518	Gold Peanut	one-shot	f	1993	1244	821	217	6558	8040
569519	Harlem Youth Report	one-shot	f	1964	1232	830	205	6404	7860
569520	McGruff's Surprise Party	one-shot	f	1989	1263	800	218	6551	8034
569521	More Power to You	one-shot	f	1968	1236	836	135	6601	8024
569522	Moving with Mr. Mouse	one-shot	f	1989	1239	862	181	6442	7975
569523	Natural Gas... the Modern Fuel	one-shot	f	1969	1239	845	138	6584	7947
569524	Other Town: Prevent Fires, Save Lives	one-shot	f	1965	1225	807	138	6458	7921
569525	Science of Life	one-shot	f	1997	1255	836	123	6600	7778
569526	Smokey Bear: Friend of the Forest	one-shot	f	1997	1222	844	161	6501	7828
569527	Story of Meat	one-shot	f	1955	1240	820	153	6445	8138
569528	Time to Sleep with P.J. Bear	one-shot	f	2013	1229	847	161	6448	8063
569529	Tale of the Concubine	one-shot	f	May '06	1247	870	213	6446	7859
569530	Acidboy	one-shot	f	Jan '96	1226	836	170	6377	7923
569531	Diva	0	f	1994	1258	807	186	6334	8147
569532	Diva: Graphix and Stories	0	f	Nov '93	1252	816	175	6579	7814
569533	Dr. Zomb's House of Freaks	one-shot	f	1993	1231	805	138	6592	7875
569534	Planet of Geeks	0	f	Jan '94	1239	852	169	6592	7790
569535	Testosterone City	one-shot	f	1994	1255	811	178	6511	8037
569536	The Amazing Adventures of Ace International	0	f	1993	1263	835	184	6513	7939
569537	Hagar the Horrible: Roman Holiday	0	f	Nov '86	1245	831	201	6598	7871
569538	We Are All in the Same Boat, Beetle Bailey	0	f	Dec '86	1241	860	219	6492	8092
569539	Ginger-Stein: Hunt for the Undead	one-shot	f	May '12	1259	827	222	6343	7850
569540	Amused to No End	one-shot	f	1986	1238	873	140	6341	7909
569541	Elegant Ladies	one-shot	f	Jun '88	1229	794	161	6327	8113
569542	Jabberwocky Portfolio	one-shot	f	Jan '81	1222	839	185	6328	7876
569543	Spunki e' Babbett	one-shot	f	1995	1251	826	134	6540	7898
569544	The Insipid Six	0	f	Oct '81	1260	841	221	6418	7782
569545	Harvey Horrors: Collectors Pack - Black Cat Mystery	0	f	Aug '14	1225	865	141	6476	7893
569546	Harvey Horrors: Collectors Pack - Witches Tales	0	f	Jan '14	1236	838	147	6457	7825
569547	PS Artbooks Presents: Anarcho - Dictator of Death	magazine	f	Aug '20	1251	829	143	6469	7969
569548	PS Artbooks Presents: Eerie Tales	magazine	f	Mar '20	1245	826	136	6479	7867
569549	PS Artbooks Presents: Weird Mysteries	magazine	f	Mar '20	1227	799	217	6349	8057
569550	PS Artbooks Softee: Amazing Ghost Stories	0	f	Jul '20	1232	863	160	6477	7840
569551	PS Artbooks Softee: Ghost Stories	0	f	May '21	1259	846	210	6549	8006
569552	PS Artbooks Softee: Weird Adventures	0	f	Oct '20	1232	869	219	6582	7972
569553	Pre-Code Classics: Voodoo	0	f	Mar '18	1240	863	136	6387	7793
569554	Pre-Code Classics: Voodoo	HC	f	Mar '18	1226	789	200	6354	7964
569555	Pre-Code Classics: Weird Thrillers	0	f	Feb '17	1251	868	126	6491	8036
569556	Pre-Code Classics: Weird Thrillers	HC	f	Feb '17	1225	858	203	6374	7860
569557	Roy Thomas Presents: Classic Phantom Lady - The Collected Works	0	f	Nov '13	1236	864	221	6387	8047
569558	Silver Age Classics: Ghost Stories	0	f	May '21	1248	804	210	6514	7826
569559	Silver Age Classics: Ghost Stories	HC	f	May '21	1248	855	123	6455	8121
569560	Tomorrow Revisited	0	f	Dec '10	1221	810	125	6393	7938
569561	Tomorrow Revisited	HC	f	Dec '10	1259	854	126	6392	7854
569562	Winning Team	one-shot	f	2013	1258	838	163	6394	8142
569563	Adventures of Toppie: Top Value Elephant	one-shot	f	Jan '58	1254	818	167	6407	8080
569564	Halloween: Autopsis	one-shot	f	2005	1269	796	166	6471	7936
569565	Albert Einstein and the Theory of Relativity	0	f	Jan '20	1237	830	128	6343	7993
569566	Artie and the Wolf Moon	0	f	Sep '21	1247	872	124	6454	8171
569567	Atalanta: Race Against Destiny	0	f	2007	1263	816	125	6467	7777
569568	Book of Secrets	0	f	2020	1226	826	173	6363	7881
569569	Charles Darwin and the Theory of Evolution	0	f	Jan '20	1268	826	136	6448	7840
569570	Dead Max Comix	GN	f	Jan '20	1228	869	142	6523	7832
569571	Glorious Wrestling Alliance	0	f	Oct '21	1246	824	220	6363	7933
569572	Hercules: Twelve Labors	0	f	2007	1265	866	191	6523	7823
569573	Isaac Newton And The Laws Of Motion	GN	f	Jan '20	1256	813	197	6573	7943
569574	Lizard in a Zoot Suit	0	f	May '20	1240	830	142	6601	8171
569575	Marie Curie And Radioactivity	GN	f	Jan '20	1222	861	148	6321	7837
569576	Marie Curie: A Life of Discovery	GN	f	Aug '19	1248	824	148	6437	8112
569577	Mega-Dogs of New Kansas	0	f	Oct '20	1242	848	188	6378	7902
569578	Monkey & Robot	0	f	Oct '19	1229	870	184	6478	7874
569579	Seekers of the Aweto	0	f	Mar '21	1261	815	182	6465	7782
569580	Sincerely Harriet	GN	f	May '19	1237	836	154	6489	8152
569581	Stage Dreams	0	f	Sep '19	1261	803	171	6582	7899
569582	Sunjata: Warrior King of Mali	0	f	Feb '08	1250	798	187	6473	8173
569583	The Spy Who Raised	GN	f	Apr '21	1246	840	183	6499	8162
569584	Theseus: Battling the Minotaur	0	f	2008	1234	844	202	6488	7810
569585	Topside	0	f	Oct '19	1250	812	163	6617	7947
569586	Trojan Horse: Fall of Troy	0	f	Mar '07	1261	806	186	6556	7887
569587	Wolf in Underpants at Full Speed	0	f	2021	1270	804	147	6447	7864
569588	As the Crow Flies	0	f	Nov '17	1247	820	155	6364	8176
569589	Banned Book Club	0	f	Jun '20	1240	823	203	6401	7999
569590	Chancellor and the Citadel	0	f	Jan '19	1237	815	126	6333	7811
569591	Complete Girls with Slingshots	0	f	Jun '18	1247	807	131	6374	8119
569592	Complete Penultimate Quest	0	f	Jul '20	1271	792	213	6442	7958
569593	Crossroads At Midnight	GN	f	Oct '20	1268	789	201	6575	7784
569594	FTL, Y'All!	GN	f	Oct '18	1239	822	143	6606	7796
569595	Five Years Ago and Three Thousand Miles Away	0	f	Nov '16	1229	790	203	6542	8116
569596	Fortunate Beasts: Letters for Lucardo	0	f	Apr '19	1240	856	186	6617	7974
569597	Girl Who Married a Skull and Other African Stories	0	f	Oct '18	1256	803	221	6391	8077
569598	Harrowing of Hell	0	f	Aug '20	1237	838	166	6457	7966
569599	It's Your Funeral	GN	f	Jul '20	1259	833	216	6368	8170
569600	Julian in Purgatory	GN	f	Feb '21	1248	840	138	6576	7814
569601	Last Dance	0	f	Sep '20	1229	826	209	6584	7978
569602	Letters For Lucardo	GN	f	Oct '17	1257	846	164	6358	7983
569603	Meal	GN	f	Oct '18	1260	808	186	6416	7845
569604	Minus	GN	f	Jun '19	1252	873	198	6542	8105
569605	Nixie of the Mill-Pond and other European Stories	GN	f	Jun '20	1241	837	188	6432	8150
569606	Poorcraft: Wish You Were Here	0	f	Feb '17	1256	796	220	6581	7958
569607	Sleep of Reason	0	f	Feb '14	1270	823	186	6409	8061
569608	Student Ambassador	0	f	Jul '20	1239	820	198	6424	7908
569609	Tamamo: The Fox Maiden and Other Asian Stories	0	f	Apr '19	1236	793	161	6381	7804
569610	The Complete Curvy	GN	f	Nov '19	1225	813	202	6456	7789
569611	The Less Than Epic Adventures of TJ and Amal	0	f	Apr '15	1269	832	211	6376	7980
569612	The Lonesome Era	GN	f	Nov '19	1238	821	172	6373	7838
569613	The Night Marchers & Other Oceanian Tales	GN	f	Apr '21	1237	795	173	6521	8036
569614	Yes, Roya	0	f	Nov '21	1242	864	134	6615	8075
569615	Adam Among the Gods	one-shot	f	Apr '08	1242	870	174	6386	8009
569616	Number One	one-shot	f	Jun '14	1240	862	141	6396	7898
569617	Tales of Fear	one-shot	f	Mar '13	1270	812	159	6354	7883
569618	The Envy	0	f	Jul '13	1235	818	187	6464	8083
569619	Loony Bin Chronicles: Drugs	one-shot	f	2010	1224	862	184	6355	7891
569620	Born To Draw Comics	HC	f	Sep '19	1235	867	138	6322	7862
569621	Bugs Bunny: Fifty Years and Only One Grey Hare	0	f	Jan '91	1252	858	181	6469	8081
569622	Comic Relief: Drawings from the Cartoonists Thanksgiving Day Hunger Project	0	f	1986	1251	789	188	6376	8117
569623	Doonesbury: A Musical Comedy	0	f	1984	1268	873	140	6416	8015
569624	Fitz and Cleo	HC	f	May '21	1261	813	208	6472	8088
569625	Flamer	TPB/SC	f	Sep '20	1261	839	198	6440	8035
569626	Great Art Caper	0	f	Oct '17	1252	791	182	6441	8142
569627	Great Pet Escape	0	f	Sep '16	1257	845	222	6436	8016
569628	Hammy and Gerbee: Mummies at the Museum	0	f	Jan '18	1246	806	219	6409	8016
569629	Joey Fly, Private Eye	0	f	Apr '09	1268	804	203	6330	8100
569630	Joey Fly, Private Eye	0	f	Nov '10	1229	840	202	6462	8096
569631	One Shoe Fits All	0	f	1987	1243	873	173	6395	8160
569632	Pawcasso	0	f	May '21	1242	840	147	6536	7977
569633	Peanuts Classics: A Kiss on the Nose Turns Anger Aside	0	f	Jul '92	1234	850	176	6598	7898
569634	Peanuts Classics: Always Stick Up for the Underbird	0	f	1992	1264	820	135	6349	8000
569635	That's All Folks!: Art of Warner Bros. Animation	0	f	1988	1231	854	192	6370	8028
569636	All Duck	one-shot	f	1972	1252	838	180	6353	8148
569637	Hee Hee Comics	one-shot	f	1970	1243	805	182	6621	8145
569638	Honky Tonk	one-shot	f	Dec '69	1261	861	174	6373	8121
569639	Cartoon Art Of Mike Deodato Jr	TPB/SC	f	Aug '13	1240	871	209	6381	8148
569640	Medusa's Daughter	0	f	Mar '12	1231	830	180	6330	8101
569641	Batman vs the Joker	0	f	May '66	1250	870	211	6615	7994
569642	Batman vs the Penguin	0	f	May '66	1255	810	123	6542	7843
569643	The Portable MAD	one-shot	f	Apr '70	1244	845	143	6421	7922
569644	A Man Named Stevenson	one-shot	f	1952	1228	836	172	6413	8074
569645	Cancer the Killer	one-shot	f	1954	1249	870	186	6395	7876
569646	Elect David Clark: Democratic Candidate for Congress	one-shot	f	1958	1249	850	208	6457	7904
569647	Elect Harrison A. Williams: U.S. Senator	one-shot	f	1958	1232	798	154	6569	8074
569648	Elect Howell Your Senator	one-shot	f	1954	1239	794	131	6559	7856
569649	Forest Fire	one-shot	t	Dec '48	1237	859	155	6334	7990
569650	George C. Wallace for the Big Job	one-shot	f	1962	1247	833	209	6470	8001
569651	Grenada	one-shot	f	1983	1223	827	143	6564	8031
569652	H-Bomb and You	one-shot	f	1955	1226	802	178	6496	8106
569653	Happiness and Healing for You	one-shot	f	1955	1264	802	192	6490	7958
569654	Have More Fun by Playing Safe	one-shot	f	1965	1221	844	184	6353	8018
569655	History of Gas	one-shot	f	Mar '47	1247	812	186	6593	8033
569656	How Kids Enjoy New York	one-shot	f	1966	1250	841	143	6429	8026
569657	Jack and Chuck Learn the Hard Way	one-shot	f	1950	1253	824	181	6344	7789
569658	Jingle Bells Christmas Book	one-shot	f	Dec '71	1227	843	184	6402	8167
569659	Knowing's Not Enough	one-shot	f	1956	1236	798	201	6444	7826
569660	Little Alonzo	one-shot	f	Dec '38	1224	808	153	6577	7804
569661	Magic of Vitamins	one-shot	f	1960	1229	812	172	6497	7864
569662	Naked Force!	one-shot	f	1958	1265	844	145	6382	7825
569663	Re-Elect America's Number 1 Senator: Paul H. Douglas	one-shot	f	1961	1242	868	173	6545	7975
569664	Seeing Washington: Our Nation's Capital	one-shot	f	1957	1226	857	207	6585	8056
569665	Stan Smith's Tennis Tips	one-shot	f	1971	1221	811	144	6508	7814
569666	Stepping Stones to Success	one-shot	f	Jan '65	1269	825	196	6596	8061
569667	The Return of Joe, the Genie of Steel	one-shot	f	1951	1224	825	211	6332	8039
569668	The True Adventures of Capt. Max	one-shot	f	Jan '65	1266	843	185	6609	8122
569669	The Will to Win	one-shot	f	Jan '54	1268	864	172	6443	8011
569670	What if They Call Me Chicken?	one-shot	f	Dec '69	1239	829	220	6537	7940
569671	Where There's Smoke...	one-shot	f	Jan '65	1222	834	186	6532	7883
569672	Your Governor Chet Bowles	one-shot	f	Jan '50	1267	788	148	6378	7932
569673	Brielle and the Horror	0	f	Oct '13	1245	869	192	6452	8052
569674	Big Hitters	1	f	Jun '15	1239	835	202	6486	7809
569675	Bring on the Bad Guys	0	f	1976	1261	868	132	6563	7921
569676	Marvel's Greatest Superhero Battles	0	f	1978	1232	861	123	6496	8075
569677	Mighty Marvel Superheroes: Cookbook	one-shot	f	1977	1266	845	177	6405	8155
569678	Mighty Marvel Team-Up Thrillers	0	f	May '83	1242	846	218	6446	7811
569679	Silver Surfer: Ultimate Cosmic Experience	0	t	1978	1222	824	149	6359	8023
569680	Son of Origins of Marvel Comics	0	f	1975	1237	836	169	6361	8166
569681	Don't Be Cruel: Akira Takanashi's Story	0	f	Mar '17	1248	826	220	6417	7808
569682	Don't Be Cruel: plus	TPB/SC	f	Jun '17	1228	846	210	6579	7942
569683	False Memories	0	f	Jul '13	1228	816	202	6570	8122
569684	Jackass!	0	f	Oct '17	1267	804	198	6406	7902
569685	Liquor & Cigarettes	0	f	Jan '20	1221	801	184	6476	7778
569686	Man of Tango	0	f	Sep '13	1229	807	166	6464	8112
569687	Nights	0	f	Mar '14	1260	818	159	6369	7900
569688	Sayonara Game	0	f	Nov '21	1249	806	150	6559	8012
569689	Seven Days: Monday-Sunday	0	f	Jan '20	1245	872	137	6490	8041
569690	Tableau Numero 20	0	f	Oct '13	1230	832	184	6530	7808
569691	Therapy Game Restart	0	f	Dec '21	1229	869	187	6525	8078
569692	Cry for Dawn: Compilation Prevue	one-shot	f	Jul '93	1255	844	183	6492	7814
569693	Daimons	0	f	Jul '93	1268	833	172	6552	7931
569694	Danger Funnies	one-shot	f	1993	1249	813	139	6416	7972
569695	Villain & Hero	one-shot	f	1993	1244	868	174	6420	8005
569696	Drawing Furries	0	f	May '21	1239	799	190	6449	8171
569697	Monsters University: Movie Special	0	f	Jun '13	1234	793	155	6576	7890
569698	Bob and Betty and Santa's Wishing Whistle	one-shot	f	Dec '41	1246	847	219	6572	8152
569699	Katy and Ken Visit Santa with Mister Wish	one-shot	f	Dec '48	1226	803	132	6330	7930
569700	Chroma: Art of Alex Schomburg	0	f	Jun '86	1267	850	147	6327	8140
569701	A Batpig Book	0	f	2021	1249	796	133	6460	8131
569702	All's Faire in Middle School	0	f	Jan '18	1250	804	135	6584	8078
569703	Chronicles of Vladimir Tod	0	f	Dec '12	1256	849	193	6566	8048
569704	Cookie & Broccoli	0	f	Jul '20	1221	868	133	6549	7914
569705	Cookie & Broccoli	0	f	Oct '21	1242	836	140	6430	7836
569706	Cosmic Commandos	GN	f	Jul '17	1264	836	208	6498	7955
569707	Dancing at the Pity Party	0	f	2020	1264	826	129	6573	7907
569708	I Am Frida Kahlo	HC	f	Mar '21	1270	850	137	6437	7787
569709	I am Oprah Winfrey	0	f	Oct '21	1266	807	139	6411	7963
569710	Little Dee and the Penguin	0	f	Jan '18	1237	822	196	6488	8014
569711	Ordinary People Change the World: I am Abraham Lincoln	0	f	Jan '14	1264	827	155	6355	7986
569712	Ordinary People Change the World: I am Albert Einstein	0	f	Sep '14	1246	846	157	6563	8120
569713	Ordinary People Change the World: I am Amelia Earhart	0	f	Jan '14	1258	864	194	6435	7780
569714	Ordinary People Change the World: I am Anne Frank	0	f	Oct '20	1268	860	128	6450	7934
569715	Ordinary People Change the World: I am Benjamin Franklin	0	f	Oct '20	1257	862	175	6557	8119
569716	Ordinary People Change the World: I am Billy Jean King	0	f	Feb '19	1227	852	185	6464	7853
569717	Ordinary People Change the World: I am Curious - A Little Book About Alb...	0	f	Jul '20	1251	836	155	6433	7782
569718	Ordinary People Change the World: I am Gandhi	0	f	Oct '17	1267	859	210	6334	8163
569719	Ordinary People Change the World: I am Gandhi	0	f	Mar '19	1269	792	157	6351	7870
569720	Ordinary People Change the World: I am George Washington	0	f	Sep '16	1269	790	223	6476	7896
569721	Ordinary People Change the World: I am Harriet Tubman	0	f	Jan '18	1244	836	128	6467	8129
569722	Ordinary People Change the World: I am Helen Keller	0	f	Sep '15	1235	862	165	6452	7808
569723	Ordinary People Change the World: I am Jackie Robinson	0	f	Jan '15	1260	800	191	6571	8052
569724	Ordinary People Change the World: I am Jane Goodall	0	f	Sep '16	1223	812	188	6603	7998
569725	Ordinary People Change the World: I am Jim Henson	0	f	Jan '17	1271	801	174	6357	8037
569726	Ordinary People Change the World: I am Leonardo Da Vinci	0	f	May '20	1256	801	209	6614	8155
569727	Ordinary People Change the World: I am Lucille Ball	0	f	Jul '15	1230	791	154	6370	7805
569728	Ordinary People Change the World: I am Martin Luther King, Jr.	0	f	Dec '15	1250	806	126	6506	7922
569729	Ordinary People Change the World: I am Neil Armstrong	0	f	Sep '18	1233	802	137	6370	7822
569730	Ordinary People Change the World: I am Rosa Parks	0	f	Jun '14	1266	810	185	6489	7839
569731	Ordinary People Change the World: I am Sacagawea	0	f	Oct '17	1245	837	177	6498	8122
569732	Ordinary People Change the World: I am Sonia Sotomayor	0	f	Nov '18	1265	809	149	6478	7895
569733	Ordinary People Change the World: I am Strong - A Little Book About Rosa...	0	f	Jul '20	1228	870	167	6577	8143
569734	Otto: A Palindrama	0	f	2021	1227	868	176	6511	7799
569735	Roller Girl	0	f	Apr '15	1236	867	203	6613	7979
569736	Saving Sorya: Chang and the Sun Bear	0	f	Sep '21	1230	824	206	6588	7952
569737	The Giggles are Coming	HC	f	Jul '21	1264	824	185	6369	7915
569738	When Stars Are Scattered	0	f	May '20	1250	851	186	6474	8001
569739	Radio Patrol: Lightning Strikes Twice	0	f	Sep '99	1235	832	137	6420	7812
569740	Radio Patrol: Roads of Destiny	0	f	1999	1246	816	143	6475	8123
569741	The Phantom: The Inexorables - 1942/43 Daily Strips	0	f	1993	1264	846	170	6561	7874
569742	The Phantom: The Phantom's Treasure	0	f	Jan '76	1234	789	139	6421	7905
569743	Walt Disney's Mickey Mouse Tales	0	f	Apr '13	1263	820	131	6582	7964
569744	Dames in the Atomic Age	0	f	Summer Jul '12	1259	843	194	6409	7778
569745	Beauty Queen: Story of Esther	one-shot	f	2010	1235	841	156	6501	8019
569746	Christ	TPB/SC	f	Aug '12	1229	864	213	6354	7914
569747	The Lamb and the Fuhrer	GN	f	Jun '14	1238	848	169	6498	8135
569748	Vladimir: Prince of Russia	0	f	Sep '12	1260	806	212	6347	7779
569749	Happiness is a Warm Gun	one-shot	f	Oct '10	1247	824	167	6527	8089
569750	Swipe	GN	f	Jul '13	1271	859	220	6477	8044
569751	Drunk Comix	one-shot	f	Jan '81	1265	793	181	6446	8029
569752	Dot and Dash and the Lucky Jingle Piggie	one-shot	f	Dec '42	1263	841	165	6368	7844
569753	Merry Christmas from Sears Toyland	one-shot	f	Dec '39	1264	868	202	6367	7976
569754	Santa's Christmas Comic Variety Show	one-shot	f	Dec '43	1230	796	200	6586	7907
569755	Deathsheart	one-shot	f	1994	1232	850	151	6358	7959
569756	Archives	one-shot	f	2012	1259	861	135	6368	7947
569757	Chronographer	one-shot	f	2013	1231	851	137	6375	8139
569758	Complete (So Far) Tales of Lightning Triangle	one-shot	f	2014	1249	830	195	6584	8087
569759	Dunes	one-shot	f	2012	1225	807	168	6448	8098
569760	Living with Death: Murder at Oxford	one-shot	f	Sep '13	1262	801	200	6464	7891
569761	Of Wolf and Woman	one-shot	f	2011	1255	866	146	6559	8025
569762	Tales from the Abyss	one-shot	f	2012	1260	826	146	6591	8163
569763	Test Drive	one-shot	f	2014	1254	873	154	6516	7888
569764	You Are Not Alone	0	f	2014	1246	856	129	6398	7827
569765	You Are Not Alone	0	f	2015	1248	849	131	6573	8051
569766	Chocolate Thunder	one-shot	f	Feb '98	1226	841	146	6336	7855
569767	Chocolate Thunder: Code of the Streets	one-shot	f	2000	1262	862	141	6477	7789
569768	Bernie Wrightson: The Lost Frankenstein Pages	0	f	Aug '93	1265	822	176	6407	7849
569769	Medal of Honor Comics	one-shot	f	Spring Mar '46	1236	788	127	6350	7978
569770	A Shoe for All Seasons	0	f	1983	1244	836	178	6383	7794
569771	Best of Li'l Abner	0	f	Jan '78	1247	845	131	6454	8003
569772	Doonesbury Book: Ask for May, Settle for June	0	f	1982	1265	833	208	6403	8075
569773	Doonesbury Book: But the Pension Fund was Just Sitting There	0	f	1979	1234	823	223	6441	8046
569774	Doonesbury Book: Guilty, Guilty, Guilty!	0	f	1974	1268	840	163	6481	7897
569775	Doonesbury Book: Guilty, Guilty, Guilty!	TPB/SC	f	1974	1255	835	188	6502	7916
569776	Doonesbury Book: Wreck of the Rusty Nail	0	f	1983	1229	796	147	6449	7840
569777	On With the Shoe	0	f	1982	1253	802	171	6443	8034
569778	Peanuts Book: But We Love You, Charlie Brown	0	f	Aug '59	1249	871	165	6338	7929
569779	Rudy in Hollywood	0	f	1984	1233	829	214	6431	7944
569780	Shoe Must Go On	0	f	1984	1259	861	190	6386	8072
569781	Snoopy's Tennis Book	0	f	May '79	1247	804	151	6608	7863
569782	Hairy Polarity and the Sinister Sorcery Satire	one-shot	f	2004	1259	818	161	6529	7859
569783	All Girl Thrills	0	f	Mar '71	1268	829	187	6585	7979
569784	Book of Raziel	one-shot	f	Dec '69	1238	869	223	6570	8141
569785	Energized Comics: Truckin'	0	f	1972	1257	858	150	6435	7989
569786	Guano Comix	one-shot	f	Jan '72	1259	829	142	6559	7909
569787	Kukawy Comics	one-shot	f	1969	1244	816	166	6485	8063
569788	Lemme Outa Here	one-shot	f	Jan '78	1231	868	215	6358	7982
569789	Light	one-shot	f	Jun '71	1241	812	208	6371	7882
569790	Mean Bitch Thrills	0	f	Sep '71	1229	793	166	6428	7901
569791	Mean Bitch Thrills	0	f	Sep '71	1233	819	211	6579	8085
569792	Occult Laff-Parade	one-shot	f	Jan '73	1242	850	157	6323	8138
569793	Softcore	one-shot	f	1973	1259	794	135	6611	7828
569794	Truckin'	0	f	1972	1244	858	208	6456	7956
569795	Big Apple Shorts	one-shot	f	Oct '06	1228	863	153	6526	7998
569796	Blind Squirrel	0	f	Dec '98	1242	850	161	6550	7903
569797	Convent of Hell	0	f	Mar '98	1243	850	203	6584	7946
569798	Foreplay: The Art of Kevin J. Taylor	one-shot	f	Jan '00	1262	802	196	6461	7964
569799	Llisica	0	f	Feb '02	1264	833	137	6386	8145
569800	Lumenagerie	one-shot	f	Jan '96	1258	822	192	6338	7972
569801	Return to the Neverhood	one-shot	f	Dec '11	1257	803	127	6324	7847
569802	Adventures @ eBay	one-shot	f	2000	1244	815	199	6426	8004
569803	Marvel's Heroes Return Special	one-shot	f	Oct '97	1233	822	157	6582	8141
569804	The Situation	one-shot	f	Jul '12	1222	807	137	6538	8054
569805	Aberrant Press: Super Retailer Preview	one-shot	f	2007	1248	844	186	6390	8161
569806	And Then Emily Was Gone: Free Comic Book Day	one-shot	f	May '15	1247	832	124	6430	7850
569807	Scam: Crosswords	one-shot	f	May '14	1257	801	179	6397	8000
569808	She: At the Tower of All That is Known	0	f	Jan '21	1265	818	148	6542	7914
569809	Aftershock: Artists Respond to Disaster in Japan	GN	f	Oct '11	1225	792	213	6390	8097
569810	Alone in Kyoto	one-shot	f	Mar '15	1244	867	148	6558	8083
569811	Life In Japan	GN	f	2013	1239	807	183	6599	7805
569812	The Rule	0	f	Mar '15	1264	851	220	6322	8073
569813	Three Stories by Victor Edison	one-shot	f	Sep '15	1248	805	149	6414	7936
569814	Alex Rider: Eagle Strike	0	f	Sep '17	1238	843	199	6491	8016
569815	Alex Rider: Scorpia	0	f	Sep '17	1265	803	151	6436	7790
569816	Baba Yaga's Assistant	0	f	Aug '15	1259	796	126	6397	7824
569817	Chick and Brain: Smell My Foot	0	f	Sep '19	1222	806	128	6555	8057
569818	Eternal: Zacharys Story	GN	f	Feb '13	1229	832	144	6580	8064
569819	Great Gatsby: A Graphic Novel Adaptation	0	f	Jan '21	1243	802	138	6437	8023
569820	Honor Girl	0	f	Sep '15	1238	802	190	6366	7808
569821	Joe Quinn's Poltergeist	0	f	Nov '19	1231	868	192	6504	7820
569822	Lost Soul, Be at Peace: A Graphic Memoir	0	f	Oct '18	1248	825	160	6539	7903
569823	Messenger: The Legend of Joan of Arc	0	f	Oct '15	1258	803	191	6381	8050
569824	Pirate Queen: Legend of Grace O`Malley	0	f	Apr '19	1239	829	164	6604	8059
569825	Poe: Stories And Poems	GN	f	Aug '17	1259	827	136	6336	7999
569826	Smash	0	f	May '18	1253	866	176	6598	7944
569827	Snow White: A Graphic Novel	0	f	Sep '16	1229	803	176	6328	8052
569828	Timmy Failure	0	f	Mar '13	1225	806	135	6380	8050
569829	Yvain: Knight of the Lion	0	f	Mar '17	1253	797	135	6546	8017
569830	Alice at Monkey Island	0	f	1946	1263	803	203	6392	7968
569831	Michael Midas: Champion	0	f	Aug '15	1226	798	136	6591	7910
569832	Ravens Child	GN	f	Aug '15	1261	865	164	6527	8047
569833	Starling	0	f	Dec '13	1267	866	154	6415	7951
569834	The Raven's Child	0	f	Aug '15	1258	831	199	6329	8030
569835	Unforgotten	HC	f	Nov '13	1230	845	201	6564	7797
569836	Halliday & Hoppe's: Peanut	GN	f	Dec '12	1234	792	202	6399	8091
569837	Only Child	GN	f	Dec '15	1242	855	220	6608	7975
569838	Steve Jobs: Insanely Great	0	f	Jul '15	1269	830	200	6334	8002
569839	Marbles: Mania, Depression, Michelangelo & Me	0	f	Nov '12	1247	826	141	6415	8130
569840	A Chinese Life	0	f	2012	1236	854	215	6335	7792
569841	ABC of Typography	0	f	Sep '19	1238	840	168	6556	7982
569842	Agatha: The Real Life of Agatha Christie	0	f	Jan '17	1230	852	148	6621	8055
569843	Altitude	0	f	Apr '20	1227	848	146	6381	8053
569844	An Olympic Dream: Story of Samia Yusuf Omar	0	f	Jan '17	1266	795	128	6457	8032
569845	Andy: Life and Times of Andy Warhol	0	f	Dec '18	1235	864	136	6447	7975
569846	Apollo	HC	f	Aug '18	1248	790	143	6546	8127
569847	Blossoms In Autumn	GN	f	May '19	1243	819	152	6522	7818
569848	Book of Forks	0	f	Mar '20	1260	818	166	6385	7883
569849	Bunuel in the Labyrinth of the Turtles	0	f	Nov '20	1237	825	201	6430	7902
569850	But I Really Wanted to be an Anthropologist	0	f	May '12	1242	798	154	6544	8166
569851	Celeste	HC	f	Oct '15	1222	795	213	6394	7877
569852	Cigar that Fell in Love with a Pipe	0	f	Oct '15	1240	828	188	6521	7886
569853	Communist Manifesto	0	f	Jun '18	1269	867	223	6603	8154
569854	Dancing Plague	0	f	Apr '21	1243	789	187	6500	7864
569855	Filmish: A Graphic Journey Through Film	0	f	Nov '15	1224	817	172	6502	7839
569856	Frink and Freud	0	f	Nov '20	1240	845	221	6495	8117
569857	Graphic Freud: Hysteria	0	f	Nov '15	1240	838	196	6544	7807
569858	Guantanamo Kid: True Story of Mohammed El-Gharani	0	f	Apr '19	1237	818	198	6328	7960
569859	Haddon Hall: When David Invented Bowie	HC	f	Feb '17	1263	838	173	6565	7818
569860	Hair Shirt	0	f	Mar '13	1224	845	206	6520	8158
569861	Hellraisers: A Graphic Biography	0	f	Apr '12	1242	864	140	6342	7912
569862	Herman by Trade	0	f	Apr '18	1239	856	140	6565	8071
569863	I Feel Love	GN	f	Feb '21	1229	797	187	6431	7870
569864	I Feel Machine	0	f	Dec '18	1242	854	182	6326	8173
569865	Irmina	HC	f	Jan '17	1261	793	172	6331	8093
569866	Isadora	GN	f	Sep '19	1265	795	210	6395	7981
569867	Josephine Baker	GN	f	Apr '18	1226	863	157	6585	8012
569868	Klaxon	GN	f	Nov '15	1268	842	179	6569	7983
569869	Knock Out!: The True Story of Emile Griffith	0	f	Sep '20	1235	864	168	6382	8093
569870	Lip Hook: A Tale of Rural Unease	0	f	Dec '18	1236	831	134	6480	8022
569871	Lovecraft: Four Classic Horror Stories	0	f	Dec '18	1255	830	170	6534	7787
569872	Maggy Garrison	GN	f	Jun '19	1251	792	201	6605	7924
569873	Master And Margarita	GN	f	Nov '19	1265	852	138	6358	7835
569874	Medicine: A Graphic History	0	f	Apr '20	1270	826	179	6461	7929
569875	Memoirs of a Book Thief	0	f	May '19	1225	843	207	6352	8115
569876	Mikel	HC	f	Jan '20	1225	856	146	6429	7800
569877	Motherless Oven	0	f	Dec '15	1251	847	192	6403	8005
569878	Mozart in Paris	0	f	Sep '19	1221	836	140	6466	7796
569879	Nao of Brown	0	f	Jul '19	1235	817	200	6480	7885
569880	Nick Cave: Mercy on Me	0	f	Apr '18	1227	789	222	6584	7869
569881	Orwell	0	f	Oct '20	1235	859	143	6389	7986
569882	Out in the Open	HC	f	Jun '18	1268	871	164	6389	7891
569883	Outburst	HC	f	Apr '18	1251	846	213	6456	8173
569884	Pachyderme	0	f	Nov '13	1223	812	215	6431	8131
569885	Park	0	f	Oct '15	1238	836	139	6597	8138
569886	Rebetiko	HC	f	Sep '13	1237	805	222	6437	7995
569887	Return of the Honey Buzzard	0	f	Oct '16	1237	820	166	6532	7883
569888	Room for Love	0	f	Oct '15	1254	809	152	6438	8124
569889	Sandcastle	0	f	May '13	1239	867	127	6379	8146
569890	Siberian Haiku	HC	f	Mar '20	1263	859	223	6353	8082
569891	Smell of Starving Boys	0	f	Apr '18	1241	800	159	6370	7895
569892	Stardust Nation	0	f	Apr '18	1261	792	154	6431	8134
569893	Summer Of Her Life	0	f	May '20	1223	808	215	6374	7891
569894	The Boxer: The True Story of Holocaust Survivor Harry Haft	0	f	Oct '15	1262	819	180	6344	8161
569895	The Can Opener's Daughter	0	f	Mar '17	1244	842	172	6561	8041
569896	The Complete Don Quixote	HC	f	May '13	1228	835	164	6511	8100
569897	The Man Who Laughs	GN	f	Oct '15	1229	814	158	6450	7777
569898	The Ragged Trousered Philanthropists	0	f	Sep '20	1232	872	209	6467	7882
569899	Thoreau & Me	0	f	May '20	1229	854	223	6540	7841
569900	Trial of Roger Casement	0	f	Jan '17	1240	864	209	6449	8002
569901	Tumult	HC	f	Sep '18	1252	853	190	6602	7873
569902	We Won't See Auschwitz	GN	f	Oct '15	1232	804	203	6539	7910
569903	Weapons of Mass Diplomacy	0	f	Oct '15	1252	867	196	6418	8027
569904	When I Came Out	HC	f	Sep '20	1251	833	201	6574	7845
569905	Wine: A Graphic History	0	f	May '20	1233	822	183	6325	7925
569906	Zatopek	0	f	Oct '20	1243	827	128	6530	7893
569907	Delirium	one-shot	f	Jan '87	1236	845	141	6360	7964
569908	Bushido: Soul of the Samurai	0	f	Jan '18	1269	805	149	6324	7850
569909	Cold Mountain	0	f	Apr '15	1248	836	156	6533	7997
569910	Demon's Sermon on the Martial Arts	0	f	Mar '13	1246	850	171	6386	8153
569911	Faceless Ghost and Other Macabre Tales from Japan	0	f	Nov '15	1266	795	164	6414	8157
569912	Musashi	0	f	Sep '14	1226	828	154	6573	7872
569913	Living With Viola	0	f	Dec '21	1234	861	192	6422	8070
569914	War Brothers: Graphic Novel	0	f	Jan '13	1268	790	154	6567	7975
569915	Our Valued Customers: Conversations from the Comic Book Store	0	f	Jul '12	1269	790	165	6367	8055
569916	Area 51: Graphic History of America's Most Secret Military Installation	0	f	Nov '14	1251	866	173	6611	8037
569917	Bombing Nazi Germany	0	f	Oct '13	1253	873	198	6487	7997
569918	Gettysburg	GN	f	Apr '13	1241	800	186	6372	7965
569919	Grant vs Lee: Graphic History	0	f	Oct '13	1246	822	211	6510	7893
569920	Red Baron: Graphic History of Richthofen's Flying Circus and the Air War...	0	f	Jun '14	1271	836	205	6347	8032
569921	The Wonderful World of Girls	one-shot	f	1960	1248	858	223	6552	8163
569922	Comix: The Underground Revolution	0	f	Apr '04	1251	801	143	6571	7913
569923	Dreams: Art of Boris Vallejo	0	f	1999	1241	789	158	6615	8047
569924	2200: Adventures of Fran and Picky	0	f	Jan '19	1250	837	166	6532	8027
569925	Astronaut	0	f	Aug '18	1221	803	204	6362	8118
569926	Beast No More: Metamorphosis	one-shot	f	Jan '18	1224	850	138	6606	8144
569927	Cloe and the Cloud	0	f	Jul '18	1261	815	186	6586	7791
569928	Magpie World	0	f	Jul '18	1227	803	192	6571	7796
569929	Mateo and the Flower of the Rain	0	f	Aug '18	1243	852	135	6582	7796
569930	Nancy in Hell: Hell Gates	one-shot	f	Jul '20	1241	790	169	6507	7957
569931	Nancy: A Dragon in Hell!	one-shot	f	Feb '14	1254	810	142	6416	7988
569932	Pico Pico Adventures	GN	f	Apr '19	1265	799	209	6532	8150
569933	Sidney Hammer	one-shot	f	Jun '15	1227	829	130	6548	8011
569934	Sidney Hammer vs Wicked Wolf	one-shot	f	Jul '16	1238	845	132	6607	8028
569935	Sky Masters of the Space Force: Complete Sunday Strips in Color 1959-1960	0	f	Oct '18	1227	836	144	6505	7825
569936	Tales from the Suicide Forest	one-shot	f	Nov '16	1270	802	186	6595	8092
569937	Tree that Grew on My Wall	0	f	Nov '18	1256	824	137	6405	8108
569938	Welcome Home	one-shot	f	Nov '18	1222	808	125	6587	7961
569939	Amelia Rules! Collection	0	f	Nov '16	1239	824	165	6359	8038
569940	Amelia Rules: Her Permanent Record	0	f	May '17	1257	837	155	6375	7990
569941	Amelia Rules: Meaning of Life and Other Stuff	0	f	May '17	1265	797	143	6321	7870
569942	Beetle & the Hollowbones	0	f	Aug '20	1257	818	177	6360	8076
569943	Chiggers	0	f	Jun '08	1251	839	189	6620	7787
569944	Fred's Big Feelings: The Life and Legacy of Mister Rogers	0	f	Jan '20	1245	869	180	6338	7959
569945	Long Way Down	0	f	Oct '20	1261	841	208	6555	8040
569946	Stuntboy, in the Meantime	0	f	Nov '21	1242	873	215	6574	8060
569947	Tiny Dancer	0	f	Oct '21	1264	821	217	6501	8094
569948	To Dance: Special Edition	0	f	Oct '19	1264	797	158	6406	8032
569949	Who Is AC	TPB/SC	f	Apr '13	1244	833	194	6434	8005
569950	FCBD 2021-Zom 100: Bucket List of the Dead & Demon Slayer	0	f	Aug '21	1270	833	141	6400	8097
569951	Star Wars: The High Republic - Edge of Balance / Guardians of Whills	fcbd	f	Aug '21	1270	816	174	6492	8045
569952	Black + Calexit: Free Comic Book Day	fcbd	f	Aug '21	1246	872	145	6598	8120
569953	Black AF: America's Sweetheart	0	f	Jan '18	1246	864	170	6381	8099
569954	Forevers Magazine	0	f	Nov '16	1234	808	153	6614	8097
569955	Godkiller: Walk Among Us - Complete Collection	0	f	Nov '16	1259	807	222	6388	7923
569956	Loud!	0	f	Feb '20	1257	796	125	6327	8005
569957	We Can Never Go Home / Young Terrorists	one-shot	f	May '16	1260	809	180	6594	8009
569958	Anne Bonnie: Spyrates	one-shot	f	Sep '19	1224	857	196	6485	8167
569959	Christmas Annual	one-shot	f	1974	1243	844	210	6473	7930
569960	DC Super Friends: A Little Golden Book Treasury	0	f	Sep '20	1227	792	208	6599	8020
569961	Disney / Pixar's Soul	0	f	May '20	1246	801	194	6494	8143
569962	Disney's Encanto	0	f	Oct '21	1254	820	184	6586	8116
569963	Star Wars: An Ewok Adventure	0	f	1997	1264	791	181	6570	8102
569964	The Lone Ranger: A Little Golden Book Classic	one-shot	f	May '13	1226	869	208	6440	7831
569965	Tom and Jerry: A Little Golden Book Classic	0	f	Jan '21	1239	792	204	6410	8043
569966	John Carpenter Presents: Storm Kids - The Grimms Town Terror Tales	0	f	Feb '21	1237	810	180	6579	7878
569967	John Carpenter's Night Terrors: 13 Horsemen	0	f	Mar '21	1229	818	219	6361	8005
569968	John Carpenter's Night Terrors: Black Sparrow	0	f	Jul '21	1239	833	210	6592	7950
569969	John Carpenter's Night Terrors: Second Nature	0	f	Aug '21	1235	835	202	6444	8102
569970	John Carpenter's Tales for a HalloweeNight	0	f	Oct '16	1255	823	142	6602	7959
569971	Credence	0	f	Feb '15	1244	865	152	6419	7909
569972	North End Of The World	HC	f	Sep '12	1249	866	168	6455	8168
569973	Metro Man	one-shot	f	May '13	1236	841	126	6612	7807
569974	Zombie Dawn: Safe House	one-shot	f	Oct '12	1228	860	123	6428	7780
569975	Specs Team Go!	one-shot	f	2011	1256	829	223	6616	8120
569976	Cloud Comics	0	f	1972	1248	851	204	6511	8064
569977	Fuktup Funnies	one-shot	f	Jan '72	1237	862	136	6518	8170
569978	Roxy Funnies	one-shot	f	1972	1227	865	186	6388	7808
569979	27 Club: A Comic Anthology	0	f	Dec '15	1247	868	137	6502	8113
569980	Black Betty: Halloween ComicFest	one-shot	t	Oct '17	1258	797	173	6518	8109
569981	Chainsaw Reindeer	one-shot	f	Sep '19	1230	831	190	6345	7787
569982	Danger Doll: Amalgama Lives	one-shot	f	Oct '18	1242	794	125	6419	8031
569983	Itty Bitty Bunnies in Rainbow Pixie Candyland: Friendgasm	0	f	Jun '16	1251	829	201	6340	7972
569984	Itty Bitty Bunnies: Cavalcade of Contraband	0	f	Jan '15	1267	829	138	6409	7831
569985	Puppet Master: Halloween Special	one-shot	f	Oct '15	1269	831	190	6500	7944
569986	SubCulture Omnibus	0	f	Jun '13	1237	849	219	6336	7942
569987	The Trip	0	f	May '13	1270	797	183	6340	8008
569988	Vampblade: Halloween ComicFest	one-shot	f	Oct '15	1242	817	213	6561	7890
569989	Zombie Tramp / Ehmm Theory: Free Comic Book Day Edition	one-shot	f	May '14	1236	795	145	6336	7853
569990	Zombie Tramp vs Dollface: Halloween ComicFest	one-shot	f	Oct '16	1256	827	182	6424	8031
569991	Zombie Tramp: Does the Holidays	0	f	May '16	1243	802	173	6500	7873
569992	Zombie Tramp: Taint Train of Terror	0	f	May '14	1270	788	170	6363	7947
569993	Zombie Tramp: Year 1	0	f	Oct '16	1252	805	163	6398	7791
569994	Zombie Tramp: Year 1	HC	f	Oct '16	1221	860	147	6432	8062
569995	First Day Of Groot	HC	f	Jul '19	1251	796	185	6592	7784
569996	Night Night, Groot	HC	f	Apr '18	1240	818	130	6500	7964
569997	Shang-Chi: Tie-In Picture Book	HC	f	Sep '21	1269	870	213	6551	8025
569998	Snow Day for Groot	HC	f	Sep '20	1241	857	209	6385	7902
569999	Spider-Man Doodles	one-shot	f	Jun '17	1246	812	167	6345	8001
570000	Spider-Man: No Way Home - Spider-Man's Very Strange Day	0	f	Nov '21	1230	831	212	6407	8096
570001	Spidey And His Amazing Friends: Meet Team Spidey	HC	f	Aug '21	1245	803	190	6368	7948
570002	Spidey And His Amazing Friends: Panther Patience	0	f	Aug '21	1270	820	130	6442	7829
570003	Spidey And His Amazing Friends: Super Hero Hiccups	TPB/SC	f	Aug '21	1257	789	204	6337	7892
570004	Summer Adventure For Groot	HC	f	Apr '21	1259	823	223	6567	8137
570005	This is Wolverine: Level 1 Reader	one-shot	f	Jun '13	1234	832	139	6515	7801
570006	A Die Hard Christmas	0	f	Oct '19	1243	800	133	6577	7910
570007	Ain't Got Time to Bleed	0	f	Nov '17	1244	815	179	6452	7972
570008	Angry Birds: Hatching a Universe	0	f	May '13	1236	818	172	6392	7820
570009	Art of Mr. Peabody and Sherman	0	f	Feb '14	1267	811	162	6420	8019
570010	Art of Rise of the Guardians	0	f	Oct '12	1227	861	141	6323	7893
570011	Art of the Jungle Book	0	f	Apr '16	1251	819	206	6394	7835
570012	BOWIE: A Michael Allred Coloring Book	0	f	Nov '20	1259	837	206	6398	8129
570013	Back to the Future: Delorean Time Machine - Doc Brown's Owner's Workshop...	0	f	Aug '20	1227	797	187	6471	7856
570014	Barnstormers!	0	f	Sep '21	1223	840	196	6524	8097
570015	Batman: The Animated Series - The Phantom City Creative Collection	0	f	Sep '20	1254	841	142	6513	7901
570016	Before Houdini	0	f	Jul '19	1249	839	128	6539	8062
570017	Court of the Dead: Mortal Rising	one-shot	f	Dec '18	1267	841	205	6387	8077
570018	Court of the Dead: Rise of the Reaper General	0	f	Aug '21	1258	826	156	6616	7864
570019	DC Comics: Batman - The Official Gotham City Cocktail Book	0	f	Apr '21	1223	850	216	6423	8028
570020	DC Comics: Exploring Gotham City	0	f	Mar '21	1229	832	221	6592	7947
570021	DC: Collecting the Multiverse - Art of Sideshow	0	f	Nov '20	1223	830	163	6607	8102
570022	Deadpool: Drawing the Merc with a Mouth	0	f	Oct '16	1224	815	140	6343	7963
570023	Disney: The Mini Art of Disney Villains	0	f	Jul '21	1231	814	200	6607	8044
570024	Fraggle Rock: The Ultimate Visual History	0	f	Sep '21	1232	832	220	6560	7871
570025	Grampa Simpson's Guide to Aging	0	f	Nov '15	1240	848	128	6367	7955
570026	Gremlins: Gizmo's 12 Days of Christmas Storybook	0	f	Oct '20	1235	818	186	6543	7857
570027	Harry Potter: Coloring Wizardry	0	f	Oct '20	1236	836	142	6471	7944
570028	Harry Potter: Magical Creatures - A Movie Scrapbook	0	f	Sep '21	1262	803	145	6381	7954
570029	Homer Simpson's Little Book of Laziness	0	f	Sep '13	1234	853	210	6509	7994
570030	Jurassic Park: The Ultimate Visual History	0	f	Nov '21	1269	822	150	6395	8135
570031	Kevin Smith's Secret Stash: The Definitive Visual History	0	f	Sep '21	1231	871	154	6530	7916
570032	Life is a Pic-A-Nic: Yogi Bear's Tips and Tricks for the Smarter than Av...	0	f	Nov '10	1266	866	139	6470	8157
570033	Marvel Comics: Cooking With Deadpool	HC	f	Feb '21	1228	840	202	6535	7930
570034	Marvel Comics: The Variant Covers	0	f	Mar '21	1242	803	222	6545	7987
570035	Marvel Mini Book of Heroes	0	f	Jan '21	1234	839	169	6465	8012
570036	Marvel Mini Book of Villains	0	f	Jan '21	1257	804	155	6579	7907
570037	Marvel's Spider-Man: From Amazing to Spectacular	0	f	Oct '19	1242	810	161	6340	8121
570038	Mean Girls: Senior Year	fcbd	f	May '20	1269	809	159	6396	8063
570039	Sideshow: Fine Art Prints	0	f	Sep '20	1237	847	158	6385	8022
570040	Sideshow: Fine Art Prints	0	f	Nov '21	1264	789	200	6536	8142
570041	SpongeBob SquarePants Experience	0	f	Sep '13	1228	836	218	6509	7908
570042	Star Wars: Lightsaber Collection	0	f	Oct '20	1243	813	217	6428	7914
570043	Star Wars: Poster Collection	0	f	Oct '20	1247	822	206	6427	7911
570044	The Art and Making of Star Wars: Force Unleashed	0	f	Aug '08	1270	827	198	6560	7869
570045	The Art and Soul of Dune	0	f	Oct '21	1229	812	177	6549	8171
570046	The Art of Jock	0	f	Sep '16	1249	832	153	6409	8044
570047	The Art of the Strain	0	f	Jun '16	1265	836	142	6586	7817
570048	The Walking Dead: The Poster Collection	0	f	Jun '13	1271	857	194	6369	8096
570049	Tobin's Spirit Guide: Official Ghostbusters Edition	0	f	2016	1259	861	222	6597	8020
570050	Beast of Wolfe's Bay	0	f	Apr '13	1247	799	194	6575	7837
570051	Big Plans: Collected Mini-Comics and More	0	f	Jun '13	1255	866	212	6602	7906
570052	Dylan Dog: Chess of Death	0	f	Oct '18	1245	833	136	6424	8044
570053	Dylan Dog: Mater Dolorosa	0	f	Nov '17	1247	840	210	6501	7938
570054	Dylan Dog: Mater Morbi	0	f	Aug '16	1243	839	214	6355	8029
570055	Dylan Dog: The Long Goodbye	0	f	May '18	1245	868	139	6436	7862
570056	Magic Wind	fcbd	f	May '14	1224	873	222	6395	8045
570057	Magic Wind: Vultur	0	f	Dec '18	1225	843	168	6576	8126
570058	Slate: Last American Superhero	0	f	Aug '16	1268	807	156	6514	7922
570059	Tex the Magnificent Outlaw	0	f	Sep '21	1246	831	207	6458	7854
570060	Tex: Patagonia	fcbd	f	May '17	1241	811	184	6393	7801
570061	Z Factor	0	f	Sep '16	1253	800	133	6552	8086
570062	Zagor versus Supermike	0	f	Mar '17	1227	849	143	6548	8132
570063	Zagor: 1000 Faces of Fear	0	f	Aug '17	1224	873	210	6435	8106
570064	Zagor: In the Jaws of Madness	HC	f	Jan '20	1252	834	176	6594	7838
570065	Zagor: Red Sand	0	f	Feb '16	1236	794	164	6360	7893
570066	Zagor: The Alien Saga	fcbd	f	May '19	1250	826	155	6421	7838
570067	Zagor: The Lost World	0	f	Sep '18	1261	832	166	6542	8148
570068	Zagor: The Origins	0	f	May '18	1270	794	202	6499	7874
570069	Zagor: Voodoo Vendetta	0	f	Sep '16	1242	811	152	6324	8103
570070	Cats of Ostia Antica	0	f	Oct '20	1248	854	180	6360	7946
570071	Goiter	0	f	Oct '20	1232	802	151	6525	7956
570072	Homesick	0	f	Jun '13	1230	826	209	6471	7939
570073	Jumbo Mumbo	0	f	Oct '18	1224	839	218	6601	7927
570074	Short And Merciless Stories	GN	f	Feb '15	1239	836	137	6461	8132
570075	The Seeker	GN	f	Dec '19	1265	817	143	6483	8125
570076	Theth: Tomorrow Forever	0	f	Jan '20	1254	873	134	6615	7918
570077	Drago Bentley: Space Detective	0	f	Jul '13	1255	862	140	6462	8016
570078	Yours in Music: A Graphic Autobiography of Pandit Ravi Shankar	0	f	May '13	1252	862	173	6341	7997
570079	The Unforgivable: Experiment 1134	0	f	Apr '12	1252	857	136	6434	8136
570080	Blackmail	one-shot	f	Mar '17	1253	793	167	6386	8172
570081	Breaking In	one-shot	f	Sep '16	1221	844	214	6439	8128
570082	Capture Me	one-shot	f	Mar '17	1221	835	149	6376	7830
570083	Forbidden Colors	0	f	Feb '17	1231	793	135	6619	8170
570084	Girl Play	one-shot	f	Sep '16	1239	797	157	6485	8025
570085	How To Make Him My Master	one-shot	f	Jul '13	1260	814	199	6354	7882
570086	Idolhouse	GN	f	Jul '13	1241	872	216	6525	7899
570087	Knock Me Up	GN	f	Apr '13	1225	842	213	6391	7799
570088	Love Hair	0	f	Jul '13	1238	815	185	6490	7863
570089	Meeting You	one-shot	f	Nov '08	1241	806	221	6540	8001
570090	Milliard: Slave Story	one-shot	f	Mar '17	1229	791	155	6411	7875
570091	NTR: Netorare	one-shot	f	Sep '16	1269	848	144	6579	7901
570092	Passionate Lovers	one-shot	f	Sep '16	1232	809	162	6509	7854
570093	Peachy Triangle	one-shot	f	Mar '17	1228	814	169	6557	8065
570094	Pretty Mangaka & Her Slutty Assistants	one-shot	f	Mar '17	1224	868	151	6389	7812
570095	Puru Puru Hearts	one-shot	f	Apr '16	1257	833	197	6346	8095
570096	Range of Love	0	f	Jul '13	1222	854	144	6585	8091
570097	Stop Quibbling About Love	0	f	Jun '20	1246	798	198	6530	7796
570098	Sweet Dreams	one-shot	f	Mar '17	1265	830	211	6325	8014
570099	Sweet Ladies	one-shot	f	Mar '21	1258	838	177	6570	7777
570100	Swordswoman Shino	one-shot	f	Mar '17	1266	825	184	6499	7867
570101	Tale Of My Sister's Exposed Breasts	one-shot	f	Dec '20	1231	855	150	6604	7843
570102	Tight Encounters	one-shot	f	Feb '17	1228	793	127	6563	7959
570103	Totally Exposed	0	f	Apr '16	1247	801	131	6365	8021
570104	Buz Sawyer, CIA	one-shot	f	1965	1223	788	196	6594	7833
570105	Look in on Blondie and Family	one-shot	f	1936	1267	816	203	6390	8084
570106	Mutts Treasury: Call of the Wild	0	f	Aug '08	1245	810	172	6404	7961
570107	Animated Features and Silly Symphonies	0	f	Oct '80	1267	842	168	6585	7829
570108	Deliverer	one-shot	f	Oct '94	1252	857	152	6594	7852
570109	Deathstorm	one-shot	t	1994	1234	822	132	6578	8038
570110	Vixen 9	one-shot	f	1997	1222	846	184	6362	8092
570111	Sabrina Lopez: Mamacita	one-shot	f	1995	1265	825	142	6401	7887
570112	Chiron: Sorceress of Ioutrell	one-shot	f	Apr '95	1267	809	152	6444	7968
570113	Butterfly Gate	0	f	May '16	1225	812	180	6578	8166
570114	Knight & Dragon	0	f	May '16	1254	873	205	6368	8143
570115	Night Post	0	f	Dec '15	1244	790	129	6321	8125
570116	Courage Party: Helping Our Resilient Children Understand and Survive Sex...	0	f	Jul '20	1228	850	132	6382	8122
570117	Hardcore Anxiety	0	f	2019	1267	867	172	6341	7851
570118	Manor Threat: Snakepit Comics 2013-2015	0	f	Jul '16	1261	806	197	6546	7819
570119	Manspressions: Decoding Men's Behavior	0	f	Jun '15	1241	798	203	6409	8108
570120	My Life in a Jugular Vein	0	f	Aug '07	1267	850	150	6479	7942
570121	On the Books	0	f	Oct '14	1269	872	185	6538	8123
570122	Six Days In Cincinnati	GN	f	Jan '17	1224	873	159	6393	8073
570123	Soviet Daughter: A Graphic Revolution	0	f	Feb '17	1257	808	127	6412	7893
570124	Teenage Rebels: Stories of Successful High School Activists	0	f	Jul '15	1222	806	214	6449	7965
570125	Threadbare: Clothes, Sex & Trafficking	0	f	Jun '16	1226	839	217	6535	8142
570126	Why We Drive: The Past Present and Future	0	f	Aug '13	1233	838	223	6350	7928
570127	Al Williamson: Strange World Adventures	0	f	Jun '21	1270	836	210	6388	8130
570128	Art of Gary Gianni: George R.R. Martin's Seven Kingdoms	0	f	Sep '19	1222	818	127	6458	7909
570129	Covenant: The Art of Allen Williams	0	f	Aug '21	1245	835	171	6620	8092
570130	Familiars	0	f	Jun '18	1267	838	187	6482	7923
570131	Flora & Fauna	0	f	Jun '18	1263	805	137	6580	7965
570132	Frank Cho: Pencil and Ink	0	f	Aug '21	1265	841	133	6615	7837
570133	Hallucinations	0	f	Jul '10	1249	849	210	6479	8119
570134	Hellboy: Into the Silent Sea	0	f	Jun '18	1266	806	150	6580	8017
570135	Illustrated Call of Cthulhu	0	f	Jun '18	1230	813	169	6457	8014
570136	Imagery from the Bird's Home: Art of Bill Carman	0	f	Nov '15	1242	798	167	6593	8159
570137	Jim Silke: Sketchbook	0	f	Nov '12	1257	826	131	6362	7782
570138	Naughty and Nice: Good Girl Art of Bruce Timm	0	f	Dec '11	1266	824	184	6360	7950
570139	Portfolio: The Complete Various Drawings	0	f	Aug '15	1228	868	129	6558	7861
570140	Spectrum 27: Best in Contemporary Fantastic Art	0	f	Nov '20	1247	848	167	6618	8061
570141	The Call of Cthulhu: A Mystery in Three Parts	0	f	Sep '21	1251	867	218	6589	8047
570142	The Drawings of Edwin Austin Abbey	0	f	Aug '21	1226	814	148	6618	8006
570143	The Nexus Chronicles	0	f	Aug '16	1242	845	134	6440	8129
570144	Thousand Demon Tree	0	f	Oct '18	1238	809	157	6551	7886
570145	Tribes Of Kai	HC	f	Oct '15	1262	800	210	6413	7852
570146	Viscera	0	f	Jun '18	1258	809	147	6341	7831
570147	Sustah-Girl: Queen of the Black Age	one-shot	f	1993	1225	869	216	6597	8127
570148	Pamela Anderson Uncovered	one-shot	f	1995	1230	853	190	6527	7872
570149	Shaquille O'Neal Story	one-shot	f	1995	1250	812	162	6588	7786
570150	Shades of Silhouette	0	f	Nov '97	1223	837	185	6412	7970
570151	Shatterforce	one-shot	f	Feb '94	1267	822	207	6545	8119
570152	Brother Billy: Pain from Plains	one-shot	f	1979	1267	803	150	6552	7920
570153	Complete Guide to the Deadly Arts of Kung Fu and Karate	one-shot	f	1974	1258	832	126	6423	7907
570154	Sensuous Streaker	one-shot	f	1974	1262	873	215	6475	7798
570155	Wit and Wisdom of Watergate	magazine	f	1973	1246	844	133	6480	8082
570156	Children of the Dead	one-shot	f	Oct '98	1247	837	206	6423	7829
570157	Doctor Boogie	0	f	1987	1255	837	194	6596	7935
570158	Alone in the Shade	one-shot	f	1990	1257	832	213	6322	8049
570159	Dragons!	one-shot	f	Mar '91	1251	864	166	6414	8080
570160	Flint Armbuster Jr. Special	one-shot	f	Jan '90	1241	827	126	6591	8086
570161	Claus & Simon	one-shot	f	1998	1235	845	132	6325	8018
570162	100 Months	0	f	Jun '12	1256	844	127	6549	8115
570163	Hero Envy	0	f	Jan '13	1251	857	126	6339	7796
570164	Techno Maniacs	one-shot	f	1994	1229	818	133	6324	7863
570165	Greasers In Greece	GN	f	Oct '13	1251	835	134	6480	7905
570166	GryphonKnights Comics Anthology	0	f	Jun '16	1268	812	217	6513	7944
570167	Gun: Fighting is My Monday	one-shot	f	Nov '16	1222	827	172	6446	7792
570168	Professor Dark	one-shot	f	Nov '16	1267	791	221	6481	8051
570169	Sherbet	TPB/SC	f	Dec '16	1263	802	150	6520	7845
570170	Tales of the Night Watchman	one-shot	f	Nov '16	1243	804	149	6558	8137
570171	Tales of the Night Watchman Presents: It Came from the Gowanus Canal	one-shot	f	Nov '16	1235	797	214	6515	8160
570172	Tales of the Night Watchman Presents: Night Collector	one-shot	f	Nov '16	1229	848	205	6526	7927
570173	Angie Bongiolatti	0	f	Apr '14	1240	843	221	6483	7875
570174	Flocks	0	f	Sep '18	1235	795	211	6402	7845
570175	Get Over It	0	f	Jun '14	1247	846	135	6598	7955
570176	I Will Bite You and Other Stories	0	f	Apr '11	1231	819	147	6420	8025
570177	Iron Bound	0	f	Sep '13	1243	794	181	6437	8041
570178	Marchenoir Library	0	f	Jun '20	1241	808	187	6567	7900
570179	Palefire	0	f	Sep '15	1254	840	197	6566	8160
570180	Persephone's Garden	0	f	Oct '19	1235	792	209	6354	8113
570181	Recidivist IV	0	f	Sep '20	1267	852	191	6567	7849
570182	Rust Belt	0	f	May '19	1260	851	141	6523	8118
570183	Understanding Monster	0	f	Oct '12	1252	794	141	6448	7972
570184	Pow! Biff! Pops!	one-shot	f	Jul '78	1268	845	193	6374	8157
570185	Blue is the Warmest Color	0	f	Oct '13	1252	842	174	6489	8175
570186	Body Music	0	f	Nov '17	1232	802	187	6522	7921
570187	Castro	0	f	Sep '15	1256	841	153	6352	7832
570188	Forward	GN	f	Apr '18	1221	797	136	6549	8075
570189	Saigon Calling: London 1963-1975	0	f	Sep '17	1240	791	165	6449	8106
570190	Such a Lovely Little War	0	f	Oct '16	1226	813	192	6584	7987
570191	Swimming in Darkness	0	f	Oct '19	1262	857	129	6577	8047
570192	Black Cat Mystery	0	f	Nov '15	1260	845	164	6371	7839
570193	Complete Golden Age Airboy & Valkyrie	0	f	Jun '13	1235	862	214	6323	7827
570194	Is This Tomorrow	0	f	Aug '16	1235	805	177	6394	8004
570195	Teenage Romances	0	f	Mar '16	1237	795	153	6340	8018
570196	Shifter	0	f	Jul '13	1255	818	222	6438	7948
570197	Pork Knight: This Little Piggy	one-shot	f	Jul '86	1257	869	203	6557	8031
570198	Assassin's Creed: Subject 4	0	f	2012	1268	852	185	6329	7843
570199	Blood and Honor: Foreworld Graphic Novels Saga	0	f	Jul '15	1239	839	221	6601	7958
570200	Cimarronin	0	f	Sep '15	1269	816	153	6567	7992
570201	Forager	GN	f	Jun '15	1266	813	155	6473	8154
570202	Meathouse Man	one-shot	f	Oct '14	1226	833	140	6503	7982
570203	Children of Captain Grant	0	f	Jul '16	1246	817	161	6500	8078
570204	Neil Gaiman's Lady Justice: Free Comic Book Day	one-shot	f	May '15	1261	820	124	6397	7849
570205	Tales From The Crypt	GN	f	Dec '17	1251	842	212	6599	8148
570206	The Joe Shuster Story: The Artist Behind Superman	0	f	May '18	1231	846	173	6586	8146
570207	Trish Trash: Rollergirl of Mars - Collected Edition	0	f	Jan '19	1244	854	202	6458	7809
570208	Truth, Justice, and the American Way: Joe Shuster Story	0	f	Jun '18	1245	836	196	6410	7824
570209	Billy Ray Cyrus	one-shot	f	1995	1224	870	124	6466	7996
570210	Break the Chain	one-shot	f	1994	1266	807	172	6410	8028
570211	Marty Stuart	one-shot	f	1995	1246	828	160	6452	8113
570212	Onyx: Fight	one-shot	f	Apr '95	1223	836	128	6585	7836
570213	Woodstock	one-shot	f	1994	1262	806	182	6429	7935
570214	Transition	0	f	Oct '08	1223	848	171	6523	8091
570215	Fairy Quest: Outlaws - Deluxe Edition	0	f	2011	1251	862	210	6578	8074
570216	J. Scott Campbell Presents: Ravishing Red Collection	0	f	Mar '13	1247	806	216	6587	7909
570217	Hello Kitty: Hello 40	0	f	Oct '14	1242	863	189	6460	8176
570218	Hello Kitty: It's About Time	0	f	Feb '15	1263	837	167	6472	8032
570219	Hello Kitty: Just Imagine	0	f	Aug '14	1264	863	153	6516	7827
570220	Hello Kitty: Surprise - Free Comic Book Day	one-shot	f	May '14	1221	833	139	6541	8092
570221	Captive of Friendly Cove	0	f	Sep '16	1239	788	216	6472	7841
570222	Dickgirl Bride	0	f	Sep '01	1253	829	208	6598	8148
570223	Bun-Buns	one-shot	f	Apr '09	1261	823	161	6594	7986
570224	Foxxxies	one-shot	f	Aug '06	1265	797	202	6499	7966
570225	Ice Queens	one-shot	f	Jan '06	1238	789	133	6332	7790
570226	Skunkworks: Reflections	one-shot	f	Jul '02	1227	813	130	6338	7965
570227	Precious Metal	one-shot	f	Dec '90	1242	861	173	6593	8007
570228	Bent Comix	0	f	2009	1228	836	124	6330	7790
570229	Feral and the Ghost Skater	one-shot	f	Spring 2011	1246	849	184	6429	8162
570230	Girls of Terra-XXX: Alien Encounter	0	f	1998	1255	826	183	6363	7796
570231	Oz: Primer	one-shot	f	May '11	1271	814	200	6544	8059
570232	Wonderful Wizard of Oz Sketchbook	one-shot	f	Jan '09	1245	845	217	6496	7814
570233	Wolves	0	f	Dec '10	1260	813	192	6558	8064
570234	Android Angels	0	f	May '14	1252	837	144	6459	7812
570235	Anomal	GN	f	Jun '14	1263	803	152	6547	8106
570236	Sorako	GN	f	Feb '14	1253	822	173	6535	7843
570237	USNA: United States of North America	0	f	Feb '14	1250	793	154	6522	7863
570238	FUBAR	fcbd	f	May '13	1250	834	163	6420	7907
570239	FUBAR: Devil's Dance Floor	fcbd	f	May '12	1253	789	197	6355	7778
570240	FUBAR: Guts and Glory	one-shot	f	Feb '14	1260	825	198	6351	7819
570241	FUBAR: Winter Special	one-shot	f	Summer Dec '12	1257	835	184	6463	8156
570242	Above Top Secret Comics	0	f	Mar '95	1222	791	145	6453	8003
570243	Galaxy Girl	0	t	1991	1253	847	134	6493	8173
570244	Bionic Commando: Chain of Command	one-shot	f	2009	1221	825	198	6341	8014
570245	Final Fight: Streetwise	one-shot	f	2006	1268	856	133	6329	7872
570246	Chop Shop	one-shot	f	2000	1263	849	190	6375	8089
570247	Link Lizard Defeats Evolution	one-shot	f	Dec '67	1234	811	123	6617	8114
570248	Cynical Girl	0	f	Summer Jul '00	1242	870	200	6361	8080
570249	Digging for the Truth	one-shot	f	2006	1263	794	210	6321	7788
570250	Adventures of Kaome as the Tomatonator	one-shot	f	Dec '13	1231	799	223	6414	7821
570251	13 Samurai	0	f	Oct '17	1224	816	126	6329	8032
570252	The Mick	TPB/SC	f	2014	1222	853	213	6408	8114
570253	Webcomic Underdogs: The Anthology	one-shot	f	Mar '14	1236	863	183	6498	7827
570254	Red Right Hand	one-shot	f	2014	1230	814	132	6374	8011
570255	Drunk	one-shot	f	Mar '04	1223	818	167	6472	7799
570256	Dragon Slayers: Enter the Vampire	one-shot	f	2018	1223	817	158	6409	8001
570257	Giant-Size Action: Wayword Sons / Tesla	one-shot	f	May '14	1260	797	136	6471	7810
570258	Giant-Size Adventure: First Daughter / Magika	one-shot	f	May '14	1262	790	189	6412	7923
570259	Giant-Size Fantasy: Duel Identity / Pandora's Blogs	one-shot	f	May '14	1222	867	146	6545	8011
570260	Giant-Size Thrills: Darchon / Shadow Children	one-shot	f	May '14	1259	820	213	6327	8071
570261	Mike Deodato Jr. Sketchbook	0	f	Jun '15	1228	864	200	6540	8109
570262	Porcelain	one-shot	f	May '13	1261	857	135	6611	7885
570263	The Villain	0	f	Nov '17	1223	855	130	6390	7851
570264	Boy Scout Adventure	one-shot	f	Dec '53	1251	830	162	6421	8058
570265	You Can be a Boy Scout and a Winner	one-shot	f	1972	1248	806	206	6620	7997
570266	Breeder	one-shot	f	Sep '93	1248	791	213	6587	8116
570267	Breeder: Certain Revolutions	one-shot	f	1996	1269	793	220	6370	8172
570268	Batman: Bumper Book	0	f	1970	1234	831	188	6402	7857
570269	Captain Action & Action Boy	one-shot	t	1967	1258	838	219	6483	7826
570270	Double Action Comics	one-shot	f	Nov '39	1229	851	171	6457	8048
570271	Double Action Comics	one-shot	f	Jan '40	1233	841	202	6360	7942
570272	Gospel According to Superman	0	f	1973	1264	812	152	6382	7922
570273	Super DC Bumper Book	one-shot	f	1970	1247	819	213	6593	8091
570274	Supergear Comics	one-shot	f	1976	1269	823	162	6467	8126
570275	Outboard Fishing	one-shot	f	1961	1242	843	131	6471	8071
570276	The Finest TV Picture Ever Seen in the American Home	one-shot	f	1955	1247	790	186	6421	8161
570277	Rheem: Case of the Wasted Water	one-shot	f	1972	1231	847	128	6491	7906
570278	The Christmas Adventure	one-shot	f	1963	1235	863	222	6433	8041
570279	How to be an Expert Driver	one-shot	f	1947	1231	814	212	6366	8146
570280	What One Farm Family Found Out About the New Ford Tractors	one-shot	f	1955	1271	831	161	6549	7946
570281	All Aboard, Mr. Lincoln	one-shot	f	Jan '59	1267	871	147	6481	8077
570282	Clear the Track!	one-shot	f	Dec '53	1232	857	211	6570	8101
570283	Dangerous Playgrounds	one-shot	f	1966	1258	829	127	6336	7805
570284	Iron Horse Goes to War	one-shot	f	1960	1265	793	180	6426	7938
570285	Railroad Fun Book	one-shot	f	1955	1227	872	181	6456	8099
570286	Rails Across America	one-shot	f	1950	1269	816	126	6373	7783
570287	Ride the High Iron!	one-shot	f	Jan '57	1235	839	150	6477	7953
570288	Salute to the Boy Scouts	one-shot	f	1960	1223	867	181	6541	8036
570289	Special Agent	one-shot	f	1959	1263	838	194	6458	7885
570290	Wheel of Progress	one-shot	f	Dec '56	1257	812	213	6503	7998
570291	Cliff Merritt and the Very Candid Candidate	one-shot	f	Dec '64	1262	873	124	6556	7889
570292	Clyde Beatty Comics	one-shot	f	Oct '53	1242	853	193	6379	8033
570293	Clyde Beatty's African Jungle Book	one-shot	f	Dec '56	1239	792	172	6405	7894
570294	Comic Book Confidential	one-shot	f	1988	1221	835	148	6486	7966
570295	Big Rigs: Pay Off in Profit!	one-shot	f	1954	1266	873	193	6415	7824
570296	Crisis at the Carsons	one-shot	f	Jul '58	1233	865	135	6530	7795
570297	How Stalin Hopes We Will Destroy America	one-shot	f	1951	1228	819	137	6453	7806
570298	Crosley's House of Fun	one-shot	f	1950	1228	824	143	6521	7840
570299	Tee and Vee Crosley: Television Land Comics	one-shot	f	1951	1232	805	132	6408	8104
570300	Danny and the Demoncycle	one-shot	f	Dec '69	1243	830	147	6555	7993
570301	Nan and Gil Join the Band	one-shot	f	1957	1263	819	123	6513	8088
570302	The Bundy Fun with Music Book	one-shot	f	1962	1237	845	185	6425	8137
570303	The Adventures of Toucan Sam	one-shot	f	1994	1260	829	165	6536	8132
570304	Wood Cutters and the Keebler Cookie Tree	one-shot	f	1971	1249	841	184	6592	7862
570305	Doc Carter: VD Comics	one-shot	f	1949	1267	863	192	6356	7927
570306	Sidewalk Romance	one-shot	f	1950	1236	812	181	6532	7938
570307	Drummer Boy at Gettysburg	one-shot	f	1976	1248	839	163	6376	7793
570308	Eat Right to Win	one-shot	f	1952	1243	829	168	6459	7827
570309	Eat Right to Work and Win	one-shot	f	Dec '41	1247	873	147	6558	7996
570310	How Money Goes Up in Smoke	one-shot	f	1950	1263	788	143	6357	7837
570311	How Money Grows on Trees	one-shot	f	1949	1265	842	221	6592	8097
570312	How to Clock Up Extra Sales!	one-shot	f	1950	1241	821	128	6602	7940
570313	The Man Who Runs Interference	one-shot	f	1946	1238	870	209	6372	8084
570314	We Hit the Jackpot	one-shot	f	1947	1235	848	217	6322	7971
570315	Adventures of Sparky the Fire Dog	one-shot	f	1992	1242	793	167	6573	8125
570316	Fire and Blast!	one-shot	f	1952	1223	823	222	6506	7780
570317	Sparky's Team: Fire Prevention for Everyone	one-shot	f	1989	1243	840	208	6468	8052
570318	Forest Ranger Handbook	one-shot	f	Dec '67	1247	847	193	6547	8072
570319	48 Famous Americans	one-shot	f	1947	1258	820	206	6590	7892
570320	Frankie Luer's Space Adventures with Davey Rocket	one-shot	f	1955	1237	825	197	6436	8052
570321	Canadian Comics Cavalcade	one-shot	f	Summer Jul '86	1239	808	191	6468	8085
570322	Robin Hood's Frontier Days	one-shot	f	1956	1224	849	198	6480	7967
570323	Ajax: The Story of the CIA Coup that Remade the Middle East	0	f	Jan '18	1269	817	204	6603	8104
570324	Bohemians	GN	f	Apr '14	1254	826	130	6356	7927
570325	Red Rosa: A Graphic Biography of Rosa Luxemburg	0	f	Sep '16	1262	844	124	6502	7917
570326	A Bintel Brief: Love and Longing in Old New York	0	f	Apr '14	1234	826	179	6501	7968
570327	Misfortune High	one-shot	f	Jan '14	1255	854	158	6621	8113
570328	Ultranova	one-shot	f	Apr '13	1251	817	160	6466	8050
570329	Persephone in Underland	one-shot	f	2012	1249	836	155	6331	8161
570330	Apocalypse Man	one-shot	f	2013	1265	829	174	6601	8140
570331	Eisegesis : Kings & Queens	0	f	Jan '17	1260	814	200	6321	8071
570332	The Bomb: Swimsuit Edition	one-shot	f	2007	1245	870	193	6524	7833
570333	Pecos	one-shot	f	2014	1229	808	168	6537	7974
570334	Poop Boobs Poo	0	f	May '14	1251	820	136	6356	7935
570335	Rose From The Dead	0	f	2014	1255	845	146	6558	7987
570336	Gary Gibson Comics	one-shot	f	1950	1235	844	155	6544	7815
570337	Grit (Will Help You)	one-shot	f	1977	1247	804	124	6518	7929
570338	Grit (You've Got to Have)	one-shot	f	1959	1257	868	160	6499	8134
570339	Grit: Wins Out!	one-shot	f	1960	1258	863	188	6427	7897
570340	Honeybee Birdwhistle and Her Pet Pepi	one-shot	f	1969	1223	868	160	6547	7905
570341	Kids are Weird and Other Observations from Parenthood	0	f	Mar '14	1239	795	218	6497	8118
570342	Likewise: The High School Comic Chronicles of Ariel Schrag	0	f	Apr '09	1249	836	172	6531	8141
570343	Evil Squeeze	0	f	Mar '14	1242	824	197	6372	8044
570344	A Farm and a Family	one-shot	f	1956	1264	870	179	6359	7862
570345	A Harvest of Hope	one-shot	f	May '62	1249	836	171	6537	8113
570346	Choosing a Health Career	one-shot	f	1979	1261	820	170	6571	7984
570347	Fat Albert & the Cosby Kids: Buzzy's Rebound	one-shot	f	1972	1257	867	138	6592	7951
570348	Hooked!	one-shot	f	May '66	1248	873	130	6388	8067
570349	In Other Peoples' Homes	one-shot	f	Jul '63	1250	839	134	6388	7895
570350	John's First Job	one-shot	f	1956	1245	803	207	6393	7975
570351	Pogo: Welcome to the Beginning	one-shot	f	1965	1266	853	181	6475	8032
570352	Preparedness 101: Zombie Pandemic	one-shot	f	2017	1243	819	153	6433	7898
570353	Security is an Eye Patch	one-shot	f	Jan '68	1252	849	130	6608	7863
570354	Smash-Up at Big Rock	one-shot	f	Nov '58	1245	805	140	6539	8002
570355	The Future is Now!	one-shot	f	Feb '69	1269	827	142	6582	8036
570356	Three Who Came Back!	one-shot	f	1965	1232	845	196	6337	8112
570357	Interstate Theatre's Fun Club Comics	one-shot	f	1945	1228	804	138	6389	8115
570358	Our Friend "Ken"	one-shot	f	1965	1266	814	181	6479	7896
570359	It's Fun to Stay Alive	one-shot	f	1948	1241	846	153	6590	7859
570360	It's Time for Reason... Not Treason!	one-shot	f	1967	1227	798	203	6530	7941
570361	Henchmen	one-shot	f	2014	1245	851	152	6382	7889
570362	Joe, the Genie of Steel	one-shot	f	1950	1243	838	181	6442	8110
570363	New Frontiers	one-shot	f	1958	1252	833	190	6397	7821
570364	Tilly and Ted in Tinkertotland	one-shot	f	Dec '45	1251	819	170	6457	8051
570365	Kolynos Presents: The Crusader and the Wicked Witch	one-shot	f	1951	1257	810	135	6504	7865
570366	Kolynos Presents: The White Guard	one-shot	f	1949	1238	844	133	6448	8121
570367	Little Klinker	one-shot	f	Dec '60	1257	799	219	6350	7975
570368	Avenging World	one-shot	f	Aug '02	1243	857	198	6550	8040
570369	Ditko Package	TPB/SC	f	2001	1223	868	205	6403	7877
570370	Steve Ditko's 160 Page Package	0	f	Dec '98	1256	808	215	6476	7786
570371	Steve Ditko's 176 Page Package: Heroes	0	f	2000	1238	792	124	6423	8019
570372	Die Katze	one-shot	f	May '14	1261	812	149	6407	7973
570373	Athletic Shoe: New Shoe Book	0	f	Oct '91	1260	798	196	6469	7977
570374	Fan Fiction: A Mem-Noir - Inspired by True Events	0	f	Oct '21	1257	801	136	6401	8156
570375	Footnotes in Gaza	0	f	Oct '10	1248	831	186	6364	8096
570376	Freaky Fables	0	f	Mar '85	1237	813	143	6376	7999
570377	Holy Sh*t!: The World's Weirdest Comic Books	0	f	Jan '08	1255	792	194	6447	7947
570378	Rosalie Lightning: A Graphic Memoir	0	f	Sep '16	1227	803	175	6571	8056
570379	Shake the Hand, Bite the Taco: New Shoe Book	0	f	Jan '90	1240	790	146	6499	7851
570380	A Wrinkle in Time: Graphic Novel	0	f	Jan '12	1235	841	175	6343	8014
570381	Cats Are People Too: A Collection Of Cat Cartoons To Curl Up With	0	f	Aug '20	1247	842	186	6342	7891
570382	Con Quest!	0	f	Jun '21	1269	849	160	6534	7892
570383	Primates: Fearless Science of Jane Goodall, Dian Fossey and Birute Galdi...	0	f	Aug '15	1262	807	218	6570	7782
570384	Meet the New Post-Gazette Sunday Funnies	one-shot	f	Mar '49	1225	813	139	6578	8036
570385	The Men Who Move the Nation	one-shot	f	1965	1256	871	178	6357	8098
570386	The Personal Story of Mr. Peanut	one-shot	f	Mar '56	1250	856	188	6387	7833
570387	How to Draw Funny Cartoons	one-shot	f	1945	1246	828	124	6477	8036
570388	Peter Penny and His Magic Dollar	one-shot	f	1947	1261	855	144	6505	7786
570389	Peter Penny and His Magic Dollar	one-shot	f	1947	1221	814	139	6381	7828
570390	Peter Wheat Fun Book	one-shot	f	1952	1251	852	188	6400	8175
570391	The Plot to Steal the World	one-shot	f	1948	1268	815	173	6477	8014
570392	Popsicle Gift List	one-shot	f	1961	1248	867	192	6486	7966
570393	Popsicle Pete: Adventure Book	one-shot	f	1948	1240	869	220	6523	8119
570394	Popsicle Pete: Fun Book	one-shot	f	Dec '46	1254	823	141	6402	7784
570395	Pure Oil Comics	one-shot	f	1939	1254	867	144	6506	8149
570396	All-American Highway: Tour of the Future	one-shot	f	1944	1250	836	183	6405	7991
570397	Designed Engineered Tested: A Behind-the-Scenes Story at Chrysler Corpor...	one-shot	f	1957	1244	870	136	6457	8084
570398	Driving the Torture Track	one-shot	f	1956	1258	790	160	6378	7979
570399	Let's Ride the Dodge Magic Mile	one-shot	f	1949	1265	862	133	6422	7961
570400	The Amazing Story of Glass	one-shot	f	1954	1240	845	202	6505	7829
570401	Chosin: Hold the Line	0	f	Nov '13	1244	873	149	6606	7902
570402	Last Ship: TNT Giveaway	one-shot	f	Apr '15	1236	814	140	6610	7856
570403	1000 Storms	0	f	Jul '21	1246	834	158	6389	8119
570404	A Glance Backward	0	f	Nov '15	1249	871	212	6439	7813
570405	Adoption	0	f	Dec '20	1227	815	125	6501	7879
570406	After the Fall	0	f	Aug '21	1242	804	127	6362	7959
570407	Angelarium: Book of Emanations	0	f	Jan '16	1225	821	199	6489	8128
570408	Ashes, Ashes	0	f	Aug '21	1221	811	194	6515	7788
570409	Aster of Pan	0	f	Nov '20	1258	816	217	6439	7823
570410	Between Snow and Wolf	0	f	Oct '21	1258	800	133	6468	8145
570411	Big Empty Life of Alphonse Tabouret	0	f	May '18	1249	820	150	6480	8131
570412	Bitten: Full Moon Book	0	f	Sep '15	1235	839	186	6544	8042
570413	Bitten: Halloween ComicFest	one-shot	f	Oct '15	1241	829	144	6549	7828
570414	Brigada	HC	f	Dec '16	1223	808	203	6360	8034
570415	Brindille	HC	f	May '21	1227	830	132	6577	7981
570416	Carbon and Silicon	0	f	Dec '21	1237	853	146	6354	8107
570417	Centurion & Emperador	HC	f	Nov '16	1247	856	182	6567	8124
570418	Dave Dorman's Wasted Lands Omnibus	0	f	Jul '14	1263	848	181	6594	7803
570419	False Guard	0	f	Oct '21	1237	865	141	6409	7848
570420	Gamble Ranch Presents: Centurion and Emperador	0	f	Nov '16	1239	792	189	6338	8146
570421	GenPet	GN	f	Jun '20	1224	851	200	6360	7956
570422	Hard Melody	0	f	Apr '21	1250	829	126	6463	8029
570423	Hugo Broyler	0	f	Feb '17	1231	846	189	6495	7789
570424	Klaw	HC	f	May '16	1257	861	124	6504	8118
570425	Klaw: The Cycle Renewed	TPB/SC	f	Jun '20	1256	842	204	6591	7793
570426	Letters From Animals	0	f	Aug '21	1232	795	180	6466	8136
570427	Little Tails in Prehistory	0	f	Jul '17	1230	811	171	6599	8041
570428	Little Tails in the Forest	0	f	Oct '16	1239	799	126	6520	7936
570429	Little Tails in the Jungle	0	f	Oct '16	1250	871	188	6493	8126
570430	Little Tails on Halloween!	one-shot	f	Oct '16	1245	840	201	6484	7987
570431	Little Tails on the Farm	0	f	Jan '18	1254	851	169	6429	7925
570432	Meka	HC	f	Sep '14	1252	788	173	6442	8113
570433	Mister Invincible: Local Hero	TPB/SC	f	Jul '20	1263	872	190	6372	8118
570434	Mongolian Wind: The Art Of Lu Ming	HC	f	Jun '21	1244	789	161	6551	7971
570435	Naja	HC	f	Jul '14	1263	852	151	6552	8046
570436	Nils: Tree of Life	0	f	Jan '20	1243	789	160	6616	7923
570437	Pistouvi	0	f	Oct '20	1257	859	124	6329	8012
570438	Re-Pro-Duct	0	f	Sep '16	1251	817	202	6470	8012
570439	Rendez-Vous In Phoenix	HC	f	Nov '16	1263	803	156	6324	7826
570440	Robot Envy: Zenith	HC	f	Feb '16	1257	816	190	6429	8067
570441	Small World	0	f	Sep '21	1234	794	166	6392	7940
570442	Super Ego	HC	f	Jun '14	1268	817	152	6514	8167
570443	The Toppi Gallery: Scenes from the Bible	0	f	Nov '21	1228	803	137	6413	7926
570444	The Wall	0	f	Nov '21	1251	807	128	6328	8056
570445	Viewpoint	HC	f	May '17	1271	794	180	6572	7961
570446	Wahcommo	0	f	Mar '21	1224	864	203	6610	8046
570447	Waluk: Great Journey	0	f	Feb '21	1227	841	164	6374	8036
570448	Warship Jolly Roger	0	f	Dec '18	1244	869	146	6579	7928
570449	Zaya	HC	f	Jul '14	1250	807	124	6540	7859
570450	Anarchy Comics: Complete Collection	0	f	Nov '12	1221	825	165	6355	7946
570451	Bangtro Summer Banquet	one-shot	f	Jul '94	1257	809	153	6389	7895
570452	Rare Book Portfolio	one-shot	f	1979	1247	866	214	6389	8124
570453	There Are No Master Races	one-shot	f	1943	1249	861	211	6344	8062
570454	Rockets and Range Riders	one-shot	f	1957	1263	820	150	6409	7827
570455	Salerno Carnival of Comics	one-shot	f	1938	1255	791	138	6434	8118
570456	Santa and the Christmas Chickadee	one-shot	f	1974	1257	831	170	6542	7973
570457	Santa! Santa!	one-shot	f	Dec '74	1225	792	163	6593	8159
570458	Santa's Bundle of Fun	one-shot	f	Dec '69	1244	822	207	6394	7793
570459	Santa's Christmas Time Stories	one-shot	f	Dec '48	1265	839	129	6345	8165
570460	Santa's New Story Book	one-shot	f	Dec '49	1240	806	196	6350	7926
570461	Santa's Real Story Book	one-shot	f	Dec '48	1224	843	212	6387	8143
570462	Dragonica Online	one-shot	f	2009	1247	848	137	6605	8161
570463	Schwinn: Bike Thrills	one-shot	f	Dec '58	1226	801	211	6382	7795
570464	Sky King: Runaway Train	one-shot	f	1964	1267	866	125	6552	7842
570465	Comets Comets	one-shot	f	2013	1257	871	180	6344	8102
570466	Virus Tropical	0	f	2016	1250	866	222	6529	7986
570467	A Western World	0	f	Sep '18	1265	869	159	6538	7957
570468	Baby Bjornstrand	0	f	Sep '14	1262	792	125	6336	8094
570469	Black Rat	0	f	Sep '15	1241	828	159	6426	8063
570470	Bradley Of Him	GN	f	Nov '19	1231	858	162	6574	7985
570471	Cat Dad: King of the Goblins	0	f	Sep '14	1228	870	215	6565	7966
570472	Cat Rackham	0	f	Sep '16	1225	825	204	6376	7800
570473	Chlorine Gardens	GN	f	Oct '18	1247	802	161	6520	8163
570474	Constantly	GN	f	Jan '20	1270	791	191	6493	7846
570475	Death of the Master	0	f	Oct '19	1231	854	199	6381	7877
570476	Diary Comics	GN	f	Jul '15	1247	847	164	6374	7811
570477	Dressing	0	f	Sep '15	1254	804	169	6390	8134
570478	House of the Black Spot	0	f	May '19	1271	851	182	6496	8114
570479	Ideal Copy	0	f	Sep '18	1240	788	212	6597	7997
570480	Lunch Quest	0	f	Jun '19	1227	846	163	6394	7914
570481	Night Air	0	f	May '16	1267	797	192	6394	8164
570482	Rat Time	0	f	Sep '19	1237	825	141	6379	7989
570483	Somnambulance	GN	f	Sep '18	1261	810	181	6544	7884
570484	Space Academy 123	0	f	Sep '18	1247	809	128	6339	8094
570485	Sports is Hell	0	f	Jan '20	1257	840	173	6366	8162
570486	Stunt	0	f	Sep '19	1264	815	182	6593	7989
570487	Wax Cross	0	f	May '12	1221	836	194	6386	8084
570488	When I Arrived at the Castle	GN	f	Apr '19	1245	835	201	6462	7933
570489	XTC69	GN	f	Sep '18	1247	839	193	6497	7814
570490	Soldier of God	one-shot	f	1982	1251	861	202	6358	7890
570491	Space Ghost: Coast to Coast	0	f	Apr '94	1244	788	156	6566	8127
570492	Inflation is Your Fight	one-shot	f	May '51	1234	809	166	6520	7833
570493	Special Delivery: Pogo	one-shot	f	1951	1241	854	135	6549	7994
570494	Blockbusters from Oil	one-shot	f	1942	1268	797	223	6390	8043
570495	Alter Ego: Best of the Legendary Comics Fanzine	0	f	1997	1265	861	150	6564	8043
570496	Best of Star-Studded Comics	0	f	Jan '05	1239	791	127	6463	8067
570497	Comic Fandom Reader	0	f	2002	1266	794	181	6598	8044
570498	Eye	0	t	Jul '99	1225	797	216	6451	7903
570499	Street Comix Presents	limited-series	f	Sep '73	1245	809	182	6348	8172
570500	Street Comix Presents	limited-series	f	Oct '73	1253	804	209	6517	7777
570501	MADde	one-shot	f	1976	1255	802	164	6405	8092
570502	Acme Catalog	one-shot	f	2006	1266	809	163	6329	8143
570503	TMNT: Sneak Peek	one-shot	f	2007	1248	799	199	6540	8032
570504	Titan Maximum	one-shot	f	2010	1256	788	203	6323	8019
570505	Weird Tales of the Ramones	0	f	Dec '04	1231	812	221	6347	7878
570506	Art of Jeffrey Jones	0	f	Jan '11	1257	849	128	6601	7920
570507	Best of Gahan Wilson	0	f	Oct '04	1244	833	208	6539	7986
570508	Brush with Passion: Art and Life of Dave Stevens	0	f	Dec '08	1230	799	193	6553	8108
570509	Icon: Frank Franzetta - A Retrospective by the Grand Master of Fantastic...	0	f	Oct '98	1236	852	166	6517	8089
570510	Testament: Life and Art of Frank Franzetta	0	f	Oct '11	1236	840	129	6364	8021
570511	San Francisco Panorama Comics Section	one-shot	f	Dec '09	1242	824	214	6434	8174
570512	Best of Stuntology	0	f	Apr '08	1226	788	218	6324	8058
570513	Star Wars: A Scanimation Book	0	f	Apr '10	1227	839	127	6510	8007
570514	The Song of the Machine: From Disco to DJs to Techno, a Graphic Novel of...	0	f	Oct '19	1244	856	187	6464	8102
570515	Our Gods Wear Spandex	0	f	Dec '06	1241	815	142	6440	7899
570516	Para Para	0	f	Jan '04	1251	844	175	6572	7939
570517	Tenements, Towers & Trash	0	f	Feb '18	1267	794	212	6331	7873
570518	Galaxia	magazine	f	Jun '81	1237	837	177	6470	8096
570519	Abaddon	HC	f	Nov '15	1268	861	192	6488	7920
570520	All Time Low Presents: Young Renegades	0	f	Jun '21	1224	802	187	6459	7847
570521	Apocrypha: Legend of Babymetal	0	f	Oct '18	1236	863	125	6361	8087
570522	Ashes: A Firefighter's Tale	0	f	Nov '15	1227	791	124	6334	7788
570523	Ballad of Franklin Bonisteel	fcbd	f	May '17	1252	828	200	6602	7777
570524	Chuck D presents Apocalypse 91: Revolution Never Sleeps	0	f	Nov '21	1235	844	214	6481	7831
570525	Comics Lab!!!	one-shot	f	May '16	1262	828	137	6475	7889
570526	Cypress Hill Tres Equis	0	f	Aug '21	1268	843	214	6335	7883
570527	Dance Gavin Dance: Tale of the Robot	0	f	Aug '20	1236	862	218	6436	7796
570528	Dio: Holy Diver	0	f	Jun '21	1234	869	216	6566	7997
570529	Eden: A Skillet Graphic Novel	0	f	Aug '19	1224	861	202	6473	7862
570530	Eden: A Skillet Graphic Novel	0	f	Sep '20	1234	853	215	6441	8076
570531	Fear My Dear: A Billy Dogma Experience	0	f	Apr '14	1239	860	188	6511	8034
570532	Final Symphony: A Beethoven Anthology	0	f	Dec '20	1259	802	161	6480	8138
570533	Genesis 1	HC	f	Jul '19	1270	859	182	6611	7871
570534	Ghost of Ohio	0	f	Apr '19	1269	850	196	6500	8131
570535	Gorillaz Almanac	HC	f	Oct '20	1264	868	220	6499	7904
570536	Grateful Dead	0	f	Apr '20	1233	870	175	6607	8012
570537	Henni	GN	f	Jan '15	1243	800	200	6497	8002
570538	Ice Nine Kills: Inked In Blood	TPB/SC	f	Jun '21	1265	795	188	6536	7949
570539	Instrumental	GN	f	Jun '17	1260	850	215	6477	8170
570540	Lore of Havamal	0	f	Aug '21	1232	811	175	6518	8084
570541	Machine Gun Kelly's Hotel Diablo	0	f	Jul '21	1247	824	181	6421	8128
570542	Madi: Once Upon a Time in the Future	0	f	Nov '20	1253	828	199	6420	7947
570543	Morrison Hotel	GN	f	Mar '21	1255	810	183	6397	8096
570544	Murder Ballads	TPB/SC	f	Jul '17	1253	794	221	6499	7818
570545	Oliver Tree vs. Little Ricky: Alien Boys	0	f	Apr '21	1236	807	216	6377	7921
570546	Pawn Shop	0	f	Nov '15	1236	861	193	6543	8058
570547	Sturgill Simpson Presents Sound & Fury	GN	f	Feb '21	1237	859	140	6399	8118
570548	Sublime: $5 at the Door	0	f	Aug '21	1256	813	188	6441	7876
570549	Swimmy and the Valley of the Last Song	0	f	Sep '21	1244	850	159	6535	8144
570550	Tale Of The Robot	GN	f	Jun '20	1232	792	223	6381	7787
570551	Un-Presidential	GN	f	Nov '17	1246	869	169	6473	7885
570552	Wonderful World of Perfecto	0	f	Dec '17	1227	838	177	6518	8163
570553	Yungblud Presents: Twisted Tales of the Ritalin Club	TPB/SC	f	Sep '19	1269	863	218	6502	7803
570554	Yungblud Presents: Twisted Tales of the Ritalin Club 2 - Weird Times at ...	0	f	Dec '20	1248	801	151	6574	7918
570555	Shits and Sunshine	one-shot	f	Oct '17	1266	868	146	6448	7799
570556	Scott W. Lucas: Nation's Number One Senator	one-shot	f	1950	1260	855	158	6463	8084
570557	Story of Anna Pavlova	one-shot	f	1956	1255	790	186	6476	7936
570558	The Story of the Ballet	one-shot	f	1954	1227	850	148	6474	7847
570559	Coffee World	one-shot	f	Oct '95	1246	864	181	6536	7806
570560	How I Made the World	one-shot	f	Jun '14	1228	792	139	6354	8128
570561	The Origin of Jared	one-shot	f	2011	1233	843	211	6522	7877
570562	Tennis for Speed, Stamina, Strength, Skill	one-shot	f	1956	1267	863	200	6504	7930
570563	Terry and the Pirates: Adventure of the Ruby of Genghis Khan	one-shot	f	1941	1236	826	142	6615	8033
570564	Tim and Sally's Adventures in Marineland	one-shot	f	Dec '56	1264	827	181	6389	8161
570565	Cancerman	one-shot	f	Jun '94	1253	851	154	6431	8169
570566	Dinosaur Mansion	one-shot	f	1994	1238	869	201	6459	7919
570567	Screw Comix	0	f	1994	1232	829	151	6386	8108
570568	Are You My Mother?: A Comic Drama	0	f	Jul '14	1259	839	170	6581	8066
570569	Fetch: How a Bad Dog Brought Me Home	0	f	Aug '17	1268	864	186	6398	7950
570570	Part of it: Comics and Confessions	0	f	Nov '18	1264	821	159	6423	7860
570571	Algernon Blackwood's The Willows	0	f	Oct '19	1221	809	147	6358	7844
570572	Apocalypse 5000	one-shot	f	Apr '21	1242	849	186	6466	8089
570573	Crime Destroyer: True Til Death!	0	f	Apr '21	1265	829	204	6387	7887
570574	Forbidden Surgeries of the Hideous Dr. Divinus	GN	f	Sep '20	1236	867	130	6422	8040
570575	Immersion Program	0	f	Aug '19	1227	817	178	6400	8163
570576	Is This the Right Color to Prove I Don't Have a Shitty Life	0	f	Nov '19	1241	867	215	6588	7878
570577	Not A Place To Visit	GN	f	Apr '20	1232	796	154	6566	7806
570578	Object Compendium	HC	f	Jun '20	1238	840	150	6415	8023
570579	Revenger and the Fog	0	f	Oct '19	1269	811	154	6523	7905
570580	Revenger: Children of the Damned	0	f	Sep '19	1250	858	177	6449	8100
570581	Revenger: Halloween Special	one-shot	f	Oct '19	1259	857	177	6439	8054
570582	Things to Do Instead of Killing Yourself	0	f	Sep '19	1254	790	157	6520	7973
570583	Barbarian Lord	0	f	Jul '14	1222	862	203	6375	7893
570584	Fish Girl	0	f	Aug '17	1245	859	156	6543	7798
570585	Lint Boy	GN	f	Jul '17	1230	849	221	6602	8014
570586	Super Seaman Sloppy	one-shot	f	1940	1260	841	183	6581	8020
570587	Trip to Outer Space with Santa	one-shot	f	1950	1264	830	123	6599	7956
570588	A Trip with Santa on Christmas Eve	one-shot	f	Dec '52	1235	855	163	6406	7807
570589	Two Faces of Communism	one-shot	f	1961	1222	811	179	6473	8106
570590	Unkept Promise	one-shot	f	1949	1252	859	166	6417	7978
570591	Tennessee Jed	one-shot	f	1945	1235	841	211	6555	7913
570592	Wyoming: The Cowboy State	one-shot	f	1954	1239	860	223	6352	7862
570593	Wyoming: The Cowboy State	one-shot	f	1954	1258	853	214	6332	7797
570594	Robert Alphonso Taft Story	one-shot	f	1949	1239	842	155	6372	8138
570595	Yalta to Korea	one-shot	f	1952	1234	816	130	6516	7844
570596	Love & Monsters: A Comix & Music Anthology	0	f	2014	1223	841	154	6487	7848
570597	Side B: Music Lover's Comic Anthology	0	f	Jun '09	1238	840	138	6482	8060
570598	Last Leaf: Lisa's Story Concludes	0	f	Jan '18	1232	851	169	6389	7920
570599	Lisa's Legacy Trilogy	0	f	Jan '18	1232	805	208	6343	8027
570600	Prelude: Lisa's Story Begins	0	f	Jan '18	1243	824	219	6505	8042
570601	Strike Four!: Crankshaft Baseball Book	0	f	Jul '14	1244	869	214	6523	7801
570602	A Small Revolution	0	f	Dec '17	1250	795	145	6570	7796
570603	Bizarre Adventures of Gilbert & Sullivan	0	f	Aug '15	1228	864	178	6380	7836
570604	Boulet's Notes	0	f	Jul '16	1259	824	187	6466	7874
570605	Comics Focus	magazine	f	Nov '04	1240	812	123	6385	7896
570606	Daisy Blackwood: Pilot for Hire - Cursed Island	0	f	Nov '18	1237	859	185	6328	7779
570607	It's Hard to be a Girl	0	f	Jan '16	1271	838	135	6419	7803
570608	Newt	GN	f	May '14	1249	859	207	6408	8081
570609	Perfume of Lilacs	0	f	Jan '16	1250	820	216	6517	7929
570610	The Bad Bad Place	HC	f	Jan '20	1237	835	145	6409	7986
570611	Why Unicorn Drinks	0	f	Feb '13	1243	822	216	6386	7957
570612	100 Demon Dialogues	0	f	Jul '18	1268	836	123	6322	7883
570613	Baggywrinkles: A Lubber's Guide to Life at Sea	0	f	Sep '16	1250	858	125	6620	8102
570614	Binwin's Minions	0	f	Dec '19	1250	837	223	6500	7956
570615	Bite Me!: A Vampire Farce	0	f	Feb '15	1254	836	172	6536	8129
570616	Danse Macabre 2.0	0	f	Mar '15	1223	793	151	6602	8048
570617	Phables: Who Needs Trees When You've Got Green Awnings	0	f	Jul '14	1270	821	148	6382	7934
570618	The Hues	TPB/SC	f	Apr '17	1246	821	130	6440	7985
570619	Webcomics Handbook	0	f	Jul '14	1250	820	138	6526	8105
570620	Empty Space	GN	f	Jul '19	1241	872	127	6569	8057
570621	Grimjack: Coloring Book	0	f	Aug '16	1261	823	143	6554	8098
570622	HA.I.LEY	0	f	Jan '20	1246	845	128	6466	7884
570623	Helen, Sweetheart Of The Internet	TPB/SC	f	May '16	1223	854	141	6507	7788
570624	Hotspur: Complete and Astonishing	0	f	Aug '16	1237	871	213	6410	7910
570625	Innsmouth	GN	f	Sep '19	1257	835	200	6345	7963
570626	Joshua Jace: Minimum Wage Henchman	0	f	Aug '19	1244	840	221	6449	7934
570627	Lester Crenshaw Is Dead	TPB/SC	f	Nov '16	1256	854	197	6412	8155
570628	Mine!: A Celebration of Freedom & Liberty for All Benefiting Planned Par...	0	f	Mar '18	1238	820	162	6431	8023
570629	Phantom of Fear City Omnibus	0	f	Oct '18	1243	821	149	6561	8039
570630	Sir Apropos of Nothing: Gypsies, Tramps and Thieves	0	f	May '16	1236	811	147	6482	7845
570631	UKIYO	HC	f	Jan '16	1262	873	132	6584	7938
570632	Whisper Campaign	0	f	May '16	1255	828	209	6607	7891
570633	Endless Sky	GN	f	Aug '14	1270	845	162	6371	8111
570634	A.A.I. Wars	TPB/SC	f	Feb '19	1227	812	147	6420	7899
570635	Ageless	TPB/SC	f	Feb '19	1227	844	214	6387	7864
570636	Ballad of Rory Hawkins	0	f	Jun '17	1255	826	157	6568	7817
570637	Battron: The Trojan Woman	0	f	Mar '18	1232	865	172	6498	7843
570638	Beck & Caul Investigations: Where the Nightmares Walk	0	f	Apr '17	1248	790	211	6582	7891
570639	Bleen	TPB/SC	f	Jun '18	1236	839	151	6338	7877
570640	Bounty and Navarro: Tales of the Old West	0	f	Aug '17	1234	819	211	6351	8107
570641	Boy Zero	0	f	Nov '16	1248	834	167	6607	8165
570642	Broken Bear	0	f	Sep '19	1246	799	200	6464	8077
570643	Burke & Hare	GN	f	Oct '17	1251	823	176	6608	7817
570644	Cursed Land	0	f	Apr '19	1264	839	137	6427	8060
570645	Dark Frontier	0	f	Jun '19	1265	851	159	6450	7900
570646	Days of Wrath	0	f	Apr '17	1267	859	152	6321	7977
570647	Deadworld: Tattoo	TPB/SC	f	May '21	1257	796	131	6563	8133
570648	Deadworld: Voices From The Deadwood	TPB/SC	f	May '20	1227	852	123	6425	8008
570649	Death Sin	0	f	Jun '20	1239	850	133	6621	8030
570650	Descent into Dread	0	f	Jun '20	1229	794	223	6472	7803
570651	Devil's Armchair	0	f	Nov '17	1257	836	202	6476	7950
570652	Divine Comedy	GN	f	Dec '16	1243	865	223	6605	7783
570653	Dracula: Suicide Club	0	f	Jan '18	1265	829	166	6612	8092
570654	El Cid: The Conqueror	0	f	May '18	1231	852	215	6550	7914
570655	Everything Will Be Okay	0	f	Nov '20	1231	805	217	6600	7941
570656	Fisk the S.U.B.S.T.I.T.U.T.E.	0	f	Oct '18	1250	812	151	6544	7976
570657	Flesh & Steel	0	f	Apr '17	1260	810	135	6580	8032
570658	Gapo the Clown: Big, Fat and Greasy	0	f	May '17	1269	834	145	6518	8015
570659	Gapo the Clown: Now in Color	0	f	Sep '18	1267	823	164	6573	8146
570660	Ghost Sonata: Haunting of Mr. Arkenholtz	0	f	Sep '18	1235	856	143	6563	7884
570661	H.P. Lovecraft's Reanimator Tales	0	f	Jan '17	1253	869	197	6621	7782
570662	H.P. Lovecraft: Beyond the Wall of Sleep	0	f	Jan '16	1248	830	170	6537	8097
570663	H.P. Lovecraft: Dagon	0	f	Jan '16	1234	864	196	6599	8004
570664	H.P. Lovecraft: The Alchemist	TPB/SC	f	Jul '21	1257	852	177	6543	8063
570665	H.P. Lovecraft: The Lurking Fear	0	f	Jan '16	1222	809	215	6387	7784
570666	H.P. Lovecraft: The Tomb	0	f	Jan '16	1265	859	197	6593	7852
570667	Helsing: Legacy Born	0	f	Apr '17	1263	843	153	6357	7837
570668	Heroes and Horrors	0	f	Feb '17	1240	805	203	6326	7883
570669	How To Survive	GN	f	Aug '19	1227	799	138	6375	8029
570670	Infamia	0	f	Nov '19	1267	839	199	6371	8133
570671	Infinite	TPB/SC	f	Mar '19	1224	844	223	6334	7942
570672	Infinity: A Tale Of The Inferno	TPB/SC	f	Oct '19	1252	857	222	6488	7904
570673	It Looks Back	GN	f	Oct '18	1228	854	210	6595	7863
570674	Jack London: Comic Book Collection	0	f	Nov '17	1259	831	162	6370	7816
570675	Jack the Ripper Illustrated	0	f	Sep '18	1241	863	187	6547	8020
570676	Khor's Land	0	f	Jun '19	1245	856	133	6324	8064
570677	Last on the List	0	f	Jun '18	1268	846	151	6557	8116
570678	Legends of Aukera	0	f	Jul '18	1225	864	154	6410	7869
570679	Lincoln Brigade	0	f	Mar '21	1258	801	123	6341	7799
570680	Live Die Reload	TPB/SC	f	Mar '19	1249	850	143	6595	8130
570681	Merlin: The Legend Begins	GN	f	Jan '18	1222	852	206	6419	7966
570682	Morning Star	0	f	Sep '19	1269	805	192	6337	7978
570683	Mythos: Lovecraft's Worlds	0	f	Nov '16	1246	836	174	6479	7901
570684	Nain Rouge: Red Legend	0	f	Feb '21	1235	829	153	6553	8041
570685	Nightlinger: Creature of the Night	0	f	Apr '18	1262	862	204	6328	7808
570686	Nosfratu	GN	f	Jul '17	1268	792	197	6435	8123
570687	Orlak: A Perfect 10	0	f	Nov '18	1228	816	195	6381	8177
570688	Red Diaries: Kennedy Conspiracy	0	f	Apr '18	1249	867	178	6418	7878
570689	Saint Germaine: Kilroy Mandate	0	f	Jul '18	1256	855	130	6323	7991
570690	Saint Germaine: Shadows Fall	0	f	May '18	1228	821	206	6484	8047
570691	Salt: The World After Carbon	GN	f	Nov '16	1244	834	200	6577	7802
570692	Seeker: Identity Crisis	GN	f	Jul '19	1232	821	188	6415	7908
570693	Sherlock Holmes: Dark Detective	0	f	Nov '16	1229	867	124	6434	7870
570694	Sherlock Holmes: Dr. Jekyll and Mr. Holmes	0	f	Apr '18	1227	866	142	6331	8064
570695	Sherlock Holmes: Murder at the Cabaret	0	f	Jan '18	1241	824	148	6375	7781
570696	Sherlock Holmes: Retired Detective	0	f	Dec '17	1234	870	217	6388	8106
570697	Sin Eternal: Return To Dante's Inferno	GN	f	Nov '16	1234	860	183	6603	7929
570698	Snow Queen: Adventure in the Frozen Kingdom	0	f	Jan '18	1233	788	205	6604	8061
570699	Storyville: Prostitute Murders	0	f	Jan '15	1242	835	175	6517	7844
570700	Strange Detective Mysteries	0	f	Dec '14	1257	810	196	6554	8060
570701	Sunshine Doom 1971	0	f	May '20	1266	844	123	6565	8028
570702	Tales from the Outer Rim	0	f	Jan '18	1245	794	195	6589	7921
570703	The Assemblers	GN	f	Mar '18	1248	866	206	6553	7931
570704	The Bobcat	TPB/SC	f	Feb '19	1228	834	125	6399	7902
570705	The Geek Of The Gods	TPB/SC	f	Aug '19	1269	831	217	6387	8118
570706	Time Grunts	0	f	Aug '18	1232	827	161	6407	8105
570707	Time Grunts	0	f	Nov '19	1257	815	196	6602	7806
570708	Tower of the Comic Book Freaks	0	f	Jan '17	1238	799	211	6564	8026
570709	Troy: An Empire Under Siege	0	f	Apr '17	1245	797	175	6324	8052
570710	War of the Worlds: Infestation	0	f	Apr '17	1221	856	207	6423	8168
570711	Weirdsdale	TPB/SC	f	Apr '18	1261	801	149	6484	8068
570712	Winter War	GN	f	Dec '17	1232	823	216	6352	7848
570713	Witness To War	GN	f	Aug '17	1266	854	148	6329	8002
570714	World War: One No Man's Land	GN	f	Jul '21	1233	863	186	6585	8042
570715	Worlds of H.P. Lovecraft: Shadow Over Innsmouth	0	f	May '20	1267	838	192	6346	8170
570716	Wrath of God	0	f	Jan '19	1254	830	207	6599	7886
570717	Eisenhorn: Xenos	one-shot	f	2017	1238	793	186	6326	8019
570718	Tabatha	GN	f	Jan '17	1268	788	209	6404	8072
570719	Theatrics	GN	f	Mar '18	1270	789	171	6611	8177
570720	Tortured Life	0	f	Nov '15	1230	831	172	6416	8027
570721	Traveller	0	f	Aug '19	1239	796	180	6543	7999
570722	Twisted Light	0	f	Feb '17	1265	855	202	6599	8035
570723	World of Chub Chub	0	f	Feb '18	1221	798	163	6562	7902
570724	Oceanus	0	f	Jul '15	1230	818	183	6439	8050
570725	Venus: Daedalus One	0	f	Jul '12	1244	866	213	6377	8092
570726	Hi-Spot Comics	0	f	Nov '40	1244	861	193	6547	8060
570727	Red Ryder	0	f	Sep '40	1247	868	126	6568	8023
570728	Yurushi	0	f	Mar '18	1249	808	172	6608	7789
570729	Breeze Lawson, Sky Sheriff	one-shot	f	Jun '48	1239	795	139	6510	8122
570730	Illustrated Roger Zelazny	0	f	Feb '78	1245	802	200	6471	8150
570731	Questions of Space travel	0	f	Jan '12	1224	853	205	6571	7910
570732	Dark Mage	0	f	Dec '95	1253	865	179	6492	7832
570733	Cousin Joseph	0	f	Aug '16	1255	826	209	6438	7779
570734	Fatherland: A Family History	0	f	Jan '15	1222	811	209	6522	8177
570735	Ghost Script	0	f	Aug '18	1224	835	191	6574	8152
570736	Home After Dark	0	f	Sep '18	1253	815	124	6327	8041
570737	In Search of Lost Time: Swann's Way	0	f	Jun '15	1246	838	218	6571	7826
570738	Sword and the Butterfly	0	f	Aug '14	1255	840	153	6391	7918
570739	Pariah Missouri	0	f	Aug '14	1259	835	124	6565	8162
570740	Pariah, Missouri	0	f	Sep '18	1237	820	128	6608	7843
570741	Christmas Comics Gift Book	one-shot	f	1942	1268	837	206	6605	7922
570742	Boots & Pup	0	f	May '14	1260	822	213	6414	7806
570743	TRDWTR	0	f	Oct '14	1235	802	145	6571	7828
570744	Blood and Drugs	0	f	Sep '19	1241	809	129	6454	8046
570745	Bottoms Up: True Tales of Hitting Rock Bottom	0	f	Sep '17	1252	865	205	6605	7816
570746	Burning Hotels	0	f	Nov '20	1256	857	223	6385	7966
570747	Complete Matinee Junkie: Five Years at the Movies	0	f	Nov '18	1221	844	192	6332	7866
570748	Cringe: An Anthology of Embarrassment	0	f	Sep '14	1268	819	205	6336	7981
570749	Eddie's Week	GN	f	Sep '20	1258	822	161	6380	8112
570750	Everything Is Super	0	f	Sep '21	1271	810	185	6504	7830
570751	In The Future We Are Dead	TPB/SC	f	Jul '18	1262	816	159	6386	7963
570752	Rooftop Stew	0	f	Sep '19	1228	861	211	6565	7844
570753	Too Tough To Die: An Aging Punx Anthology	0	f	Sep '21	1222	852	193	6469	8167
570754	Woods	GN	f	Sep '20	1221	818	166	6541	7844
570755	Awaiting the Collapse: Selected Work	0	f	Nov '17	1222	851	145	6574	8118
570756	Dope Rider: A Fistful of Delirium	0	f	Jun '21	1241	807	202	6400	7806
570757	Hieronymus & Bosch	HC	f	Dec '18	1238	826	137	6503	8062
570758	Timeseekers	one-shot	f	Aug '02	1264	853	195	6460	8154
570759	Lean Years	one-shot	f	May '74	1257	818	190	6582	7858
570760	Manhunt Comix	0	f	Dec '74	1222	800	142	6467	8132
570761	Geiser's Clowns	one-shot	f	1972	1228	840	184	6461	8163
570762	Saloon	one-shot	f	Jan '73	1242	873	211	6467	8149
570763	Vattu: The Name & The Mark	0	f	Sep '13	1247	861	190	6472	7887
570764	I Dare You	one-shot	f	2011	1251	834	191	6368	7994
570765	A Process of Drastically Reducing One's Expectations	0	f	2017	1237	870	187	6329	7790
570766	Baggywrinkles: A Lubber's Guide to Life at Sea	0	f	2014	1244	842	130	6587	7782
570767	Mappin' the Floor	one-shot	f	2017	1245	831	196	6561	7909
570768	Canopy	0	f	May '17	1248	842	219	6499	7829
570769	Hellbound Lifestyle	0	f	Aug '16	1261	840	219	6391	8059
570770	I Thought You Hated Me	0	f	Mar '17	1228	809	159	6543	7913
570771	Ikebana	0	f	Sep '15	1247	800	194	6514	8164
570772	Our Mother	0	f	Dec '16	1241	806	202	6467	7879
570773	Summerland	0	f	Nov '16	1264	833	143	6608	7851
570774	What Is A Glacier?	0	f	Sep '17	1247	837	199	6332	7905
570775	How to Start to Think About Learning to Draw Comics	one-shot	f	2005	1258	810	150	6440	7866
570776	This is What Democracy Looks Like: A Graphic Guide to Governance	one-shot	f	2019	1263	801	176	6511	7900
570777	Misty and the Sun Jewel	one-shot	f	Jan '83	1241	816	183	6358	8144
570778	Inside Mad: Usual Gang of Idiots Pick Their Favorite Mad Sports	0	f	Nov '13	1245	791	181	6531	7848
570779	Happy Warrior: Life Story of Sir Winston Churchill	0	f	Oct '14	1224	828	183	6582	8109
570780	Dairy Restaurant	HC	f	Mar '20	1236	810	191	6498	7861
570781	Unterzakhn	0	f	Oct '14	1271	788	166	6450	7785
570782	Cruzader: Agent of the Vatican	0	f	Oct '14	1262	870	172	6354	7939
570783	08: A Graphic Diary of the Campaign Trail	0	f	Jan '09	1229	849	153	6408	7818
570784	Sticks and Stones	0	f	Sep '04	1247	828	176	6522	8018
570785	A Fire Story	TPB/SC	f	Mar '19	1228	858	212	6485	7865
570786	Age of Selfishness: Ayn Rand, Morality and the Financial Crisis	0	f	Oct '15	1249	800	130	6608	7903
570787	Art of The Mitchells vs. The Machines	0	f	Oct '20	1235	831	170	6620	7797
570788	Art of Wolfwalkers	0	f	Nov '20	1236	839	176	6604	8000
570789	Assassin's Creed: Atlas	0	f	Oct '21	1263	829	196	6546	7912
570790	Best We Could Do: An Illustrated Memoir	0	f	May '17	1221	839	136	6468	7932
570791	Bizarre Romance	0	f	Apr '18	1254	803	142	6431	7958
570792	Black Star	0	f	May '21	1254	852	211	6321	7809
570793	Climate Changed: A Personal Journey Through the Science	0	f	Apr '14	1260	868	214	6610	7847
570794	Commute: An Illustrated Memoir of Female Shame	0	f	Oct '19	1261	802	209	6435	8048
570795	Economix: How Our Economy Works (And Doesn't Work)	GN	f	Oct '15	1222	852	135	6407	7853
570796	Fantastic Four No. 1: Panel by Panel	0	f	Oct '21	1223	803	209	6542	8091
570797	Flash Forward: An Illustrated Guide To Possible (And Not So Possible) To...	HC	f	Mar '21	1255	851	198	6470	8058
570798	Ghetto Klown	HC	f	Oct '15	1271	854	201	6345	7821
570799	Glass Town: The Imaginary World Ot The Brontes	HC	f	Mar '20	1233	817	180	6385	7786
570800	Good Riddance: An Illustrated Memoir of Divorce	0	f	Oct '15	1223	804	176	6493	7967
570801	Guantanamo Voices: True Accounts from the World's Most Infamous Prison	0	f	Sep '20	1232	794	141	6582	7942
570802	Hardears	0	f	Mar '21	1221	788	137	6580	8012
570803	Hobbit: An Illustrated Edition	0	f	1977	1233	819	167	6613	8133
570804	How to Fake a Moon Landing: Exposing the Myths of Science Denial	0	f	Mar '13	1263	802	177	6515	8091
570805	Imitation Game: Alan Turing Decoded	0	f	Jan '17	1256	830	179	6342	7974
570806	Just So Happens	0	f	Oct '15	1251	796	143	6501	7927
570807	Kel Gilligan's Daredevil Stunt Show	0	f	Aug '12	1239	833	139	6605	7930
570808	Kent State: Four Dead in Ohio	0	f	Apr '20	1265	811	196	6388	8073
570809	Legends of the Blues	0	f	Oct '15	1228	801	157	6549	7995
570810	Lifetime Passes	0	f	Nov '21	1225	869	219	6469	7885
570811	Live Oak, with Moss	0	f	Aug '20	1224	801	132	6536	8034
570812	Magic the Gathering: Realms of the Multiverse - A Visual History	0	f	Jul '21	1240	868	174	6433	7941
570813	Marvel Classic Black Light Collectible Poster Portfolio	0	f	Aug '21	1226	850	205	6465	7916
570814	Meanwhile: 10th Anniversary Edition	HC	f	Feb '20	1241	820	162	6486	7935
570815	Nobody's Fool: Life and Times of Schlitzie the Pinhead	0	f	Mar '19	1237	810	221	6340	8118
570816	Octavia E. Butler's Kindred	0	f	Jan '17	1252	822	196	6404	8078
570817	Parable of the Sower	0	f	Jan '20	1224	823	150	6386	8134
570818	Run	0	f	Aug '21	1271	807	179	6523	8063
570819	Showtime at the Apollo: Epic Tale of Harlem's Legendary Theater	0	f	Feb '19	1245	826	200	6397	8081
570820	Si Lewen's Parade: An Artist's Odyssey	0	f	Jan '17	1236	817	168	6582	7958
570821	Sing No Evil	0	f	Oct '15	1249	822	132	6606	8136
570822	The Art of Star Wars: Galaxy's Edge	0	f	Apr '21	1225	843	194	6597	8116
570823	The Bridge: How the Roeblings Connected Brooklyn to New York	TPB/SC	f	Apr '18	1269	795	129	6495	8056
570824	The Someday Funnies	HC	f	Nov '11	1262	823	205	6359	8091
570825	Undocumented: A Worker's Fight	GN	f	Dec '18	1235	822	148	6492	7841
570826	Warren Commission Report	0	f	Oct '15	1265	825	220	6616	7848
570827	What Would Satan Do?	0	f	2005	1252	802	179	6450	7815
570828	Woody Guthrie and the Dust Bowl Ballads	0	f	Jan '17	1224	853	200	6457	7935
570829	Transreality	0	f	Oct '14	1247	828	185	6508	7953
570830	Xineomorph	one-shot	f	Apr '14	1230	867	187	6606	7892
570831	Stan Mack's Out-Takes	0	f	1984	1269	853	153	6613	7941
570832	Rusty	0	f	Sep '55	1271	794	189	6382	7847
570833	Rusty	0	f	Nov '55	1236	862	152	6394	7804
570834	At War With War	GN	f	Oct '17	1237	855	148	6546	8034
570835	Bernie	0	f	Jan '16	1253	853	123	6454	7822
570836	Book of Obama: From Hope and Change to the Age of Revolt	0	f	Jun '12	1270	853	138	6519	8126
570837	Epic of Gilgamesh	0	f	Jun '18	1237	865	216	6496	7997
570838	Francis: The People's Pope	0	f	Mar '18	1229	805	208	6387	7877
570839	Graphic Canon of Children's Literature	0	f	Nov '14	1271	846	181	6406	8137
570840	Mental Load: A Feminist Comic	0	f	Oct '18	1235	848	195	6331	8042
570841	Relatively Indolent but Relentless: A Cancer Treatment Journal	0	f	Apr '14	1235	863	157	6588	8039
570842	Snowden	0	f	Aug '15	1235	807	144	6536	8125
570843	Spit Three Times	0	f	Apr '19	1242	829	169	6377	7820
570844	The Emotional Load	GN	f	Aug '20	1233	812	192	6374	8071
570845	Trump: A Graphic Biography	0	f	Jul '16	1238	840	189	6537	7897
570846	101 Dalmatians: Cinestory Comic	0	f	Apr '15	1271	859	158	6543	7873
570847	Alice in Wonderland: Cinestory Comic	0	f	Apr '16	1243	829	212	6359	8110
570848	Beauty and the Beast: Cinestory Comic	0	f	Feb '17	1271	845	152	6618	8159
570849	Big Hero 6: Cinestory Comic	0	f	Jun '15	1269	855	130	6404	8152
570850	Big Hero 6: Heroes of San Fransokyo	one-shot	f	Nov '17	1231	833	211	6353	7903
570851	Big Hero 6: The Series - Baymax Returns: Cinestory Comic	0	f	Jan '18	1251	852	161	6524	7939
570852	Cars 3: Movie Graphic Novel	0	f	Jun '17	1232	798	148	6569	8017
570853	Coco: Dante's Lunch	one-shot	f	2018	1224	822	210	6562	8164
570854	Disney Princess: Enchanted Collection	0	f	Mar '18	1221	864	145	6546	7814
570855	Disney Princess: Free Comic Book Day	one-shot	f	May '18	1232	830	192	6551	7794
570856	Disney's Alice in Wonderland	0	f	Jan '18	1226	796	125	6471	7953
570857	Disney's Elena of Avalor: Ready to Rule - Cinestory Comic	0	f	Jan '17	1240	850	217	6558	8127
570858	Disney's Frozen: Comics Collection - Hearts Full of Sunshine	0	f	Mar '17	1270	802	214	6573	7826
570859	Disney's Frozen: The Cinestory	0	f	Nov '14	1246	806	210	6557	7870
570860	Disney's Lilo & Stitch: The Story of the Movie in Comics	0	f	Nov '17	1264	858	135	6472	8053
570861	Disney's Moana: Comics Collection	0	f	Feb '17	1233	811	222	6525	7989
570862	Disney's Moana: Movie Graphic Novel	0	f	Dec '16	1239	856	200	6508	8044
570863	Disney's Pirates of the Caribbean: Dead Men Tell No Tales	0	f	Jun '17	1266	793	176	6443	7864
\.


--
-- Data for Name: contributor_table; Type: TABLE DATA; Schema: public; Owner: postgres
--

COPY public.contributor_table (contributer_id, contributor_name, number_of_pages_worked) FROM stdin;
7777	Thomas Erickson	109
7778	Lucas Sanford	108
7779	Cory Fleming	59
7780	Walter Martinez	148
7781	Michael Garza	113
7782	Michelle Stone	112
7783	Mark Stevens	98
7784	Diane Padilla	113
7785	Stephanie Diaz	81
7786	Tammy Cummings	56
7787	Jill Edwards	70
7788	Matthew Smith	69
7789	Robert Bailey	75
7790	Melissa Crawford	117
7791	Jennifer Mack	135
7792	Kevin Shepard	64
7793	Lee Caldwell	134
7794	Brandy Cruz	128
7795	Robert Caldwell	135
7796	Jill Browning	141
7797	Erik Black	63
7798	Terri Pearson	76
7799	Pamela Dean	89
7800	Jacqueline Elliott	107
7801	Megan Soto	77
7802	John Hernandez	75
7803	Margaret Farmer	112
7804	George Brown	115
7805	Bradley Taylor	74
7806	Corey Greene	52
7807	Lisa Escobar	121
7808	Gary Nichols	93
7809	Erik Mccoy	146
7810	Natasha Conway	91
7811	Richard Hooper	148
7812	Dominic Walker	55
7813	Lauren Jones	88
7814	Jessica Nolan	101
7815	Tiffany Phillips	72
7816	Jared Proctor	138
7817	Michael Spencer	99
7818	Dr. Frank Wilcox	92
7819	Amanda Lopez	68
7820	Tina Raymond	118
7821	Tiffany Martinez	100
7822	Rebecca Williams	60
7823	Cameron Carpenter	61
7824	Stephanie Taylor	123
7825	Mr. Evan Stafford	57
7826	Brian Sims	73
7827	Richard Brown	141
7828	Anthony Berg	90
7829	Travis Duncan MD	85
7830	Frederick Palmer	134
7831	Katherine Fletcher	121
7832	Cheyenne Smith	104
7833	Angela Myers	58
7834	Christopher Bender	96
7835	Andrea Pierce	64
7836	David James	97
7837	Jill Cobb	131
7838	Tyler Owens	91
7839	Bonnie Roberts	109
7840	Chelsea Webb	133
7841	Casey Evans	119
7842	Karl Sanders	61
7843	Tammy Johnson	51
7844	David Johnson	56
7845	Herbert White	129
7846	Ryan Yu	52
7847	Laura Richards	52
7848	Julia Sexton	76
7849	Michael Elliott DVM	89
7850	Steven Foster	82
7851	Daniel Torres	141
7852	Steven Trujillo	50
7853	Jeremiah Patterson	57
7854	Zachary Harmon	81
7855	Suzanne Johnson	97
7856	Brittany Smith	53
7857	Julie Wall	143
7858	Heather Allen	119
7859	Jessica Jacobs	68
7860	Susan Scott	81
7861	Kathy Pratt	58
7862	James Turner	61
7863	Michael Cortez	60
7864	Andrew Duran	95
7865	Jay Yates	65
7866	Michaela Mathews	50
7867	Caitlin Cisneros	112
7868	John Baker	70
7869	Darrell Pugh	79
7870	Bill Davis	62
7871	Gregory Hughes	83
7872	Natasha Wolf	53
7873	Morgan Lozano	77
7874	Michael Jones	144
7875	Nathaniel Reyes	108
7876	Kirsten Mcconnell	76
7877	Sydney Tyler	118
7878	Tommy Knox	74
7879	Miss Brianna Scott	52
7880	Julia Best	146
7881	Tom Mullen	117
7882	Amy Thomas	74
7883	Jamie Baldwin	69
7884	Danielle Parks	83
7885	Zachary Hancock	75
7886	Christopher Terry	54
7887	Zachary Underwood	148
7888	Michael Murphy	110
7889	Christopher Hoover	141
7890	Alexander Gallagher	142
7891	Dorothy Ingram	58
7892	Andrea Parks	99
7893	April Jacobs	55
7894	Samuel Hunter	132
7895	Rita Chase	109
7896	Diane Williams	93
7897	Amy Hansen	60
7898	Alexandra Zimmerman	115
7899	Kevin Kane	96
7900	Troy Ortiz	122
7901	Zachary Grant	134
7902	Cathy Hernandez	137
7903	Patrick Phillips	147
7904	Hunter Harmon	135
7905	Daniel Kennedy	52
7906	Joshua Wong	125
7907	Morgan Beck	141
7908	Austin Wade	79
7909	Steven Boyd	139
7910	Angela Johnson	70
7911	Mary Jones	77
7912	Leslie Petersen	139
7913	Mary Lee	111
7914	Brianna Hernandez	82
7915	Kendra Graham	134
7916	Alexis Gallagher	84
7917	Douglas Ellison	101
7918	Bryce Duffy	83
7919	Michelle Elliott	90
7920	Rachel Ortiz	100
7921	Tyler Coleman	96
7922	Mark Spencer	131
7923	Mary Brady	107
7924	Melissa Anderson	124
7925	Kristin Ponce	106
7926	Mallory Torres	72
7927	Jimmy Ramirez	97
7928	Jessica Hill	71
7929	Jennifer Sullivan	66
7930	Karen Cruz	118
7931	Carla Galloway	60
7932	Joanna Jones	143
7933	Michael Hernandez	64
7934	Jodi Miller	140
7935	David Spears	84
7936	Katie Griffith	82
7937	Ryan Logan	133
7938	Rhonda Howard	65
7939	Lindsey Snyder	83
7940	Lisa Anderson	115
7941	Chelsey Matthews	148
7942	Brian Johnson	89
7943	Vincent Krause	77
7944	Tammie Dickson	96
7945	Paula Aguilar	88
7946	Alison Taylor	119
7947	Lisa Day	122
7948	Regina Morales	69
7949	Scott Hernandez	50
7950	Angela Evans	121
7951	Tami Fitzpatrick	136
7952	Sean Salas	112
7953	Anna Santana	116
7954	Carol Cardenas	53
7955	Carla Adams	107
7956	Ryan Taylor	74
7957	Benjamin Shaw	96
7958	Meredith Warren	87
7959	Danielle Knight	64
7960	Joseph Morales	112
7961	Robin Pace	70
7962	Timothy Snyder	148
7963	Adrian Brown	106
7964	Andrew Williams	102
7965	Kyle Lambert Jr.	95
7966	James Brown	63
7967	Allison James	149
7968	Tiffany Knight	125
7969	Alice Gilbert	66
7970	Kevin Crawford	88
7971	Jack Johnson	58
7972	Sarah Roberts	148
7973	Michelle Campbell	126
7974	Shawn Gonzalez	128
7975	James Smith	131
7976	Andrew Byrd	146
7977	Karen Calhoun	55
7978	Juan Moore	140
7979	Justin Ellison	72
7980	Shirley Lopez	108
7981	Ricardo Weaver	140
7982	Jack Lee	147
7983	Andrea Clements	95
7984	Kayla Morse	87
7985	Audrey Williams	63
7986	Joe Montoya	149
7987	Brianna Donaldson	121
7988	Nathan Williams	111
7989	Charles Jones	84
7990	Andrea Fowler	68
7991	Tracy Vance	79
7992	Gary Watts	127
7993	Randall Smith	133
7994	Bethany Nelson	74
7995	Cynthia Jones	89
7996	Christopher Willis	137
7997	Joshua Young	63
7998	Katherine Solis	75
7999	Kelly Martinez	136
8000	Amanda Phillips	71
8001	Dana Romero	97
8002	Maria Booth	132
8003	Jonathon Alexander	100
8004	Joseph King	52
8005	Latoya Park	91
8006	Vicki Small	68
8007	Thomas Gallagher	122
8008	Timothy Williams	77
8009	Allison Sharp	133
8010	Collin Hamilton	94
8011	Jacqueline Smith	120
8012	Tammy George	127
8013	Bethany Lewis	112
8014	Randy Torres	122
8015	Carl Ramirez	68
8016	Julia Nelson	96
8017	Jennifer Mueller	63
8018	Mr. Jeremiah Adams MD	87
8019	Mary Hernandez	102
8020	Todd Mckinney	110
8021	James Reynolds	85
8022	Daniel Travis	89
8023	Nicholas Sullivan	130
8024	Kevin Carney	79
8025	John Fisher	58
8026	Mrs. Mary King	113
8027	Andrew Novak	82
8028	Catherine Stevens	101
8029	Eric Garrison	138
8030	Jeff Brennan	63
8031	Anna Rodriguez	124
8032	Dawn Diaz	102
8033	Steven Pollard	148
8034	Sandra Brown	108
8035	Emma Morgan	127
8036	Eric Carter	143
8037	Robert Black	90
8038	Krystal Mcmahon	117
8039	Albert Farley	117
8040	Tony White	141
8041	Kathy Howell	57
8042	Connie Copeland	51
8043	Bradley Nguyen	135
8044	Deborah Woods	90
8045	Emily Gutierrez	104
8046	Jennifer Lambert	65
8047	Amanda Kim	142
8048	Janet Miller	111
8049	Dr. Heather Shannon	97
8050	Mrs. Dana Wright	79
8051	Hannah Kelley	61
8052	Tamara Thomas	84
8053	Bethany Benson	60
8054	Amanda Page	113
8055	Ricky Wade	99
8056	Jonathan Mitchell	134
8057	Eric Tran	70
8058	Timothy Acevedo	118
8059	Courtney Maxwell	97
8060	Benjamin Kennedy	69
8061	Julie Vargas	116
8062	Vincent Beasley	93
8063	Timothy Mcknight	82
8064	Evelyn Gonzales	122
8065	Mr. Richard Campbell	110
8066	Edward Porter	58
8067	Ashley Wallace	117
8068	Dr. Joseph Davis	84
8069	Ashley Barrera	130
8070	Joshua Robles	147
8071	Greg Davis	137
8072	Dawn Thornton	145
8073	George Lowe	114
8074	Nancy Conley	57
8075	Katherine Duarte MD	94
8076	Richard Parker	136
8077	Kristy Smith	96
8078	Ryan Kelley	89
8079	Amber Smith	125
8080	Joshua Ortiz	103
8081	Daniel Gardner	125
8082	Jessica Ingram	95
8083	Emily Sandoval	96
8084	Jose Greene	64
8085	Deborah Hunter	68
8086	Brandon Jones	75
8087	Samuel Vance	101
8088	Sharon Martin	142
8089	Derrick Lee	71
8090	Cathy Price	70
8091	Christopher Soto	100
8092	Brian Young	87
8093	Jeffrey Williams	69
8094	Mrs. Sherri Johnson MD	78
8095	Michael Austin	100
8096	Lori Patterson	53
8097	Christopher Jordan	104
8098	Stacy Hendrix	120
8099	Richard Oliver	141
8100	Matthew Reilly	77
8101	Cory Coleman	53
8102	Brian Martinez	71
8103	Terri Mann	125
8104	Melissa Miller	94
8105	Jason Peters	116
8106	Mr. Jonathan Patel	135
8107	Cory Brown	115
8108	Justin Davis	137
8109	Gary Mitchell	83
8110	Luis Ballard	140
8111	Claire Jones	104
8112	Briana Mason	50
8113	Donald Lyons	121
8114	Patricia Benton	136
8115	George Keith	87
8116	Ronnie Reeves MD	55
8117	Dr. Mariah Schultz	135
8118	Natalie Patterson	74
8119	Patricia Hull	131
8120	Debra Greene	66
8121	Kenneth King	110
8122	Amanda Ball	61
8123	Lauren Robbins	55
8124	Nancy Harrison	139
8125	Rhonda Flores	76
8126	Erica Perez	57
8127	Jamie Hardin	132
8128	James Morrison	114
8129	Richard Williams	106
8130	Elizabeth Francis	142
8131	Misty Burnett	148
8132	Sandra Ford	89
8133	Brandon Johnson	63
8134	Michael Martinez	84
8135	Amanda Reyes	97
8136	Monica Hodges	133
8137	Marc Roy	105
8138	Savannah Owen	98
8139	Madison Horn	62
8140	Andrew Phillips	110
8141	Lee Clark	98
8142	Karen Daniels	95
8143	Jacqueline Martin	111
8144	Tina Oneill	57
8145	Arthur Fritz	92
8146	Ashley Morris	69
8147	Meghan Carpenter	146
8148	Jacob Lee	139
8149	Brandon Bowman	88
8150	Susan Dawson	134
8151	Becky Parker	98
8152	Joseph Hardy	113
8153	Rebecca Fields	111
8154	Kristina Estrada	103
8155	Joseph Lawson	58
8156	Olivia Andrade	137
8157	Kathryn Powell	86
8158	Michael Campos	98
8159	Diane Dunlap	90
8160	Ryan Robertson	66
8161	Sherry Mcmillan	137
8162	Kevin Stevenson	70
8163	Joseph Rollins	100
8164	Edward Dillon	108
8165	Laura Hill	88
8166	Shawn Flowers	104
8167	James Mendez	90
8168	Kenneth Hamilton	88
8169	Dennis Blevins	62
8170	Sheena Rodriguez	113
8171	Breanna Flores	60
8172	Ian Rivera	68
8173	Elizabeth Graves	60
8174	Courtney Salas	126
8175	Alexandra Oneill	95
8176	Steven Acevedo	94
8177	Vamsikrishna	120
\.


--
-- Data for Name: creators_table; Type: TABLE DATA; Schema: public; Owner: postgres
--

COPY public.creators_table (creator_id, creator_name, gender, country) FROM stdin;
123	Candice Cooper II	Female	Saint Vincent and the Grenadines
124	Molly Bennett	Other	Cambodia
125	Regina Henderson	Female	Vanuatu
126	Lauren Barker	Female	Belize
127	Matthew Davis	Other	British Indian Ocean Territory (Chagos Archipelago)
128	Jonathan Vaughn	Other	Pakistan
129	Janice Simmons	Male	Netherlands
130	Beth Smith	Male	Morocco
131	Derek Dennis	Female	Mozambique
132	Brenda Brown	Male	Ecuador
133	Jean Rodriguez	Female	Albania
134	Elizabeth Diaz	Female	Ethiopia
135	Kayla Carlson	Male	Mongolia
136	Jeremiah Kelley	Female	Aruba
137	Alexis Fisher	Other	Philippines
138	Sandra Cabrera	Other	Samoa
139	David Palmer	Other	Aruba
140	Patrick Howell	Female	Mozambique
141	Melissa Owen	Other	Barbados
142	Thomas Howard	Other	Cambodia
143	Christian Shelton	Male	Portugal
144	Zachary Moss	Male	Libyan Arab Jamahiriya
145	Kenneth Holland	Male	Zimbabwe
146	Heather Foster	Female	Namibia
147	Cindy Cochran	Other	Netherlands
148	Lindsay Barron	Female	Bhutan
149	Joel Keller MD	Other	Tonga
150	Samuel Faulkner	Other	Faroe Islands
151	Tammy Baker	Female	Grenada
152	Amanda Rubio	Male	Vanuatu
153	Eddie Wright	Other	Bulgaria
154	Kevin Willis	Male	Solomon Islands
155	Tina Brown	Other	Bolivia
156	Bonnie Watson	Male	Cayman Islands
157	Amanda Kim	Male	Saint Martin
158	Stephen Griffith	Other	Serbia
159	Allen Rodriguez	Female	Georgia
160	David Mclean	Male	Czech Republic
161	Michael Espinoza	Other	Portugal
162	Jennifer Davis	Male	Cook Islands
163	Jessica Richardson	Other	Philippines
164	Scott Page	Other	Armenia
165	James Martinez	Female	Barbados
166	Cathy Erickson	Male	Cayman Islands
167	Nicholas Lopez	Other	San Marino
168	Christine Gutierrez	Male	Egypt
169	Maria Levy	Male	Bolivia
170	Elizabeth Smith	Male	Ukraine
171	Ashley Price	Male	Indonesia
172	Jamie Torres	Male	Sri Lanka
173	Jennifer Liu	Male	Cyprus
174	Bryan Palmer	Other	Lesotho
175	Janet Wheeler	Other	Syrian Arab Republic
176	Dawn Johnson	Female	Seychelles
177	Tanya Olson	Female	Hungary
178	Desiree Walsh	Other	Venezuela
179	Justin Craig	Other	Honduras
180	Donna Lawrence	Female	Antarctica (the territory South of 60 deg S)
181	Jonathan Phillips	Male	Norfolk Island
182	Debra Curtis	Female	Argentina
183	Leslie Buchanan	Male	Turks and Caicos Islands
184	Douglas Turner	Female	Benin
185	Kenneth Phillips	Male	Western Sahara
186	Chad Ramos	Other	Hungary
187	Rebecca Smith	Other	Tonga
188	Brandi Hernandez	Male	Bahrain
189	Robert Lopez	Female	Malawi
190	Kaitlyn Wilson MD	Other	Heard Island and McDonald Islands
191	Julie Jones	Male	British Virgin Islands
192	Clifford Chase	Female	Congo
193	Scott Martin	Male	Bahrain
194	Frank Barnes	Female	Gabon
195	Christian Hayden	Male	Puerto Rico
196	William Bailey	Other	Barbados
197	Rebecca Brown	Other	United States of America
198	Lori Torres	Other	Mauritius
199	Alison Gonzalez	Female	Korea
200	Andrea Bailey	Male	Benin
201	Antonio Mooney	Female	Tunisia
202	Corey Smith	Female	Singapore
203	Daniel Gonzalez	Other	Aruba
204	Joshua Flores	Other	Kazakhstan
205	Charles Kelly	Female	Palestinian Territory
206	Lauren Chapman	Male	Guadeloupe
207	James Taylor	Female	Liechtenstein
208	John Gonzalez	Male	Korea
209	Andrew Dixon	Other	Aruba
210	Veronica Barajas	Other	Hong Kong
211	Ronald Brock	Other	Palau
212	Steve Clark	Other	Montserrat
213	Lee Cruz	Female	United States of America
214	Emily King	Other	Cambodia
215	David Larsen	Male	Liberia
216	Bryan Boyd	Female	Slovakia (Slovak Republic)
217	Dennis White	Female	Nigeria
218	Theodore Hoffman	Female	French Guiana
219	Thomas Soto	Other	Reunion
220	Kara Ware	Female	New Caledonia
221	Brandon Logan	Male	South Georgia and the South Sandwich Islands
222	Donna Woods	Male	United States Minor Outlying Islands
223	Nageshwaran	Male	India
\.


--
-- Data for Name: customers_table; Type: TABLE DATA; Schema: public; Owner: postgres
--

COPY public.customers_table (customer_id, customer_name, gender, phone_number) FROM stdin;
23101	Kimberly Mckinney	Other	2821967646
23102	Shaun Sanchez	Female	8487995521
23103	Dennis Ibarra	Other	2033249977
23104	Brandon Huynh	Female	8975059711
23105	Jeanette Liu	Male	5097216782
23106	Jeremy Phillips	Male	9742588225
23107	Michael Horn	Male	6356067060
23108	Tyler Marshall	Female	1663190109
23109	Justin Harris	Male	6476498203
23110	Maria Bowman	Female	2045888850
23111	Stephanie Arnold	Male	75900298
23112	Lauren Maxwell	Male	4520730432
23113	Glenn Campos	Female	4999120122
23114	Eric Cisneros	Other	3491891685
23115	Michael Reeves	Male	5866188715
23116	Christopher Nelson	Male	4149757508
23117	Jeffery Lawrence	Male	1936774516
23118	Maria Sullivan	Female	9777465521
23119	Joseph Harrell	Male	171569053
23120	Carlos Perez	Male	2687213431
23121	Ralph Davis	Male	1763222585
23122	Catherine Foley	Other	7232241015
23123	Christopher Craig	Female	8089166591
23124	Eric Mcdowell	Male	4226638907
23125	Debbie Key	Female	3759989339
23126	Linda Mendoza	Male	5205933643
23127	Patrick Orozco	Other	8114024999
23128	Stephen Robinson	Female	7613544728
23129	Jodi White	Other	7750760623
23130	Stephanie Williams	Male	2690340718
23131	Elizabeth Sims	Other	5038181779
23132	Angela Perez	Other	7653029481
23133	Thomas Williams	Male	56046512
23134	Melanie Diaz	Male	2320394231
23135	Jeanette Price	Male	4654718941
23136	Katrina Roberts	Female	8002005210
23137	Justin Mccarthy	Other	5871319155
23138	Steven Macdonald	Male	7379510951
23139	Dr. Lucas Foster	Male	1815221693
23140	Christina Brown	Female	484176491
23141	William Oneal	Female	8004759919
23142	Robyn Warner	Female	7004800669
23143	Anthony King	Female	2148570767
23144	Joel Hall MD	Female	8384659980
23145	Lori Collins	Other	318194470
23146	Matthew Irwin	Other	9361882787
23147	Joseph Johnson	Male	1465227337
23148	Mrs. Shari Miller	Other	2160394129
23149	Michaela Ortega	Female	3382568907
23150	Justin Bates	Male	9808394118
23151	Susan Meyer	Male	1439389489
23152	David Robertson	Male	1541625583
23153	Wendy Bowers	Female	8325978112
23154	Evelyn Gardner	Other	7183392318
23155	Terry Thornton	Female	7875019655
23156	Kimberly Burns	Female	1913253227
23157	Lori Ross	Female	4306100855
23158	Michael Greene	Female	8116305370
23159	Ashley Norton	Female	6055765408
23160	Angela Pierce	Male	8527540632
23161	Nichole Smith	Male	1112483811
23162	Drew Gillespie	Male	2038261726
23163	Alexander Smith	Female	4252520359
23164	Elizabeth Herrera	Female	9771142085
23165	Barbara Williams	Other	8053541101
23166	Shannon Phillips	Other	4111117062
23167	Cynthia Carr	Male	999571209
23168	William Love	Female	3270095909
23169	Corey Madden	Female	4465713040
23170	Kevin Shelton	Other	3031890560
23171	Cole Brown	Female	4096859945
23172	Chelsea Valdez	Male	7257479337
23173	Donald Daniels	Female	7756016431
23174	Kevin Simon	Female	746665265
23175	Ryan Bennett	Other	3778174528
23176	Jason Bowman	Male	3561986506
23177	Shawn Dunn	Male	6794291097
23178	Karen Fields	Other	6991187693
23179	Melinda Bell	Female	9465660321
23180	Brian Price	Other	246764599
23181	Joanna Pearson	Female	6918887050
23182	Robert Baldwin	Other	6978232173
23183	Brian Peters	Other	8686980210
23184	David Young	Male	4366336298
23185	Catherine Brown	Other	6709080281
23186	Matthew Duffy	Female	8322982104
23187	David Dennis	Other	864238019
23188	John Stafford	Male	6830200353
23189	Megan Snyder	Male	3730977883
23190	William Lindsey	Other	6792883054
23191	Christopher Wyatt	Male	3224882142
23192	Rebecca Dunlap	Male	8790726397
23193	Cassandra Jennings	Other	5070447526
23194	Andrew Smith	Other	5694010081
23195	Alison Walsh	Male	6787386063
23196	Mr. Dylan Hernandez Jr.	Other	8744305716
23197	Chelsea Kirk	Male	5791571453
23198	Carl Garrett	Female	8379110497
23199	Jason Williams	Other	9277912631
23200	Tracy Brooks	Other	2835196559
23201	James Wells	Male	6293540618
23202	Arthur Maxwell	Male	8845466912
23203	William White	Other	2425538349
23204	Christopher Rose	Male	163291447
23205	Victor Robbins	Other	5573088448
23206	Richard Hancock	Male	1462320196
23207	Michael Patel	Female	3838818062
23208	Vincent Lambert	Male	6168775565
23209	Jennifer Oliver	Male	7570418762
23210	Laura Carter	Male	969312300
23211	Bradley Monroe	Female	485195310
23212	James Lyons	Male	7261973178
23213	Taylor Leblanc	Female	5957723306
23214	Jeffrey Wang	Male	3379888971
23215	Maurice White	Female	8170581437
23216	Daniel Watson	Female	7328984721
23217	Jill Marshall	Male	9006350021
23218	Steven Bradley	Female	7348818602
23219	Tracy Gutierrez	Female	4883352470
23220	Erica Madden	Female	7056357280
23221	James Bernard	Other	6644358833
23222	Angelica Barrett MD	Other	6056213824
23223	Elizabeth Roberts	Male	5641856478
23224	Jon Duke	Other	8680270220
23225	Caitlin Hopkins	Female	1193177004
23226	Katherine Weber	Other	3321599530
23227	John Brooks	Female	8896829049
23228	James Green	Female	3644624054
23229	Morgan Wong	Female	2688917106
23230	Stephanie Johnson	Female	2578012271
23231	Jesse Baker	Other	7520068661
23232	Ryan Conner	Female	9151177416
23233	Anthony Miller	Male	9973059254
23234	Craig Roy	Female	6035210494
23235	Margaret Houston	Male	6839197058
23236	Stephanie Ward	Male	2158802501
23237	Todd Cook	Female	4467174270
23238	Nicholas Reed	Female	765882462
23239	Aaron Ramirez	Female	2291752212
23240	Mitchell Fox	Other	3613966099
23241	Patrick Brown	Male	3327735036
23242	Shawn Stone	Female	307262253
23243	Shelby Day	Male	9025208798
23244	Casey Ali	Female	2984375533
23245	Regina Harvey	Female	5147162231
23246	Douglas Greer	Other	790863275
23247	Caitlyn Pugh	Female	6118253388
23248	Sean Washington	Male	5871894206
23249	Jean Valdez	Other	3064611909
23250	Emily Steele	Other	9246662384
23251	John Johnson	Male	1789023598
23252	Tyrone Houston	Other	6016999675
23253	Edward Gilbert	Other	2683248068
23254	Cynthia Reynolds	Male	5268801422
23255	Kelly Ibarra	Male	8151926377
23256	Emily Smith	Other	6868807368
23257	Dawn Mason	Male	966168145
23258	Thomas Zavala	Other	3999997230
23259	James Peterson	Female	8372763368
23260	Patrick Wilson	Female	1610182580
23261	John Velazquez	Male	1871133818
23262	Robert Hunter	Female	6742944535
23263	Margaret Thornton	Female	6665481612
23264	Miguel Thompson	Male	4510044501
23265	Rose Ross	Female	3426015251
23266	Jacob Mcfarland	Other	7678601311
23267	Carly Ryan	Female	1079664367
23268	Michael Galloway	Other	7487801772
23269	Roger Moss	Other	9544646659
23270	Brent West	Other	6806704800
23271	Tiffany Robinson	Female	5240792017
23272	Nancy Espinoza	Female	5049898789
23273	Jessica Lopez	Other	1558775974
23274	Brett Tucker	Other	8932813167
23275	Carly Banks	Male	493863312
23276	Sarah Compton	Female	2055136987
23277	Benjamin Smith	Male	700927801
23278	Matthew Moran	Male	2012290314
23279	Lindsay Harrell	Other	7844435393
23280	Katherine Evans	Other	960788812
23281	Kayla Brown	Male	1911631274
23282	Stephen Brown	Other	184719617
23283	Robert Perry	Male	9830148584
23284	Stephanie Sims	Other	3383403499
23285	Ryan Zuniga	Male	8718534765
23286	Shane Ruiz	Male	5055439563
23287	Robert Winters	Male	9595321031
23288	Victoria Walsh	Other	6695601483
23289	Lori Marsh	Other	2533479950
23290	Jason Cruz	Female	3741626576
23291	Jonathan Mendez	Male	8862151943
23292	Zachary Walls	Female	3086731264
23293	Jeff Thomas	Female	8999684894
23294	Sara Roberts	Male	4423099938
23295	Jeffery Hickman	Male	635964723
23296	Jeffery Logan	Male	5679299560
23297	Gregory Barrett	Male	4709913036
23298	Brandy Nelson	Other	4377273638
23299	Melissa Banks	Female	2192435458
23300	Mike Mitchell	Female	2336664882
23301	Molly Cochran	Other	3746071349
23302	Jaime Marshall	Female	4461836928
23303	Jose Calhoun	Other	7447740336
23304	Nancy Flores	Other	9499461051
23305	Diana Rice	Other	3570380989
23306	Debbie Hensley	Other	686282086
23307	Tina Turner	Other	1226411910
23308	Lauren Wilson	Male	1366128085
23309	Briana Wright	Male	3917765152
23310	Stephen Williams	Female	2248167886
23311	Lori Carroll	Female	6212058691
23312	John Brewer	Other	9839174240
23313	Martha Grimes	Other	9290298458
23314	Robert Lee	Male	4699188602
23315	David Patton	Male	6475416351
23316	Natasha Kelly	Other	3450910729
23317	Ms. Claudia Johnson DDS	Male	941024237
23318	Amber Brown	Other	4516820974
23319	Mark Curry	Male	7597284011
23320	Teresa Aguirre	Male	3002959123
23321	Todd Lopez	Other	2758726036
23322	Ashley Powell	Male	4539921570
23323	Andrew Montoya	Male	2682901268
23324	David Green	Male	6190863521
23325	Beth Medina	Other	2024991294
23326	David Humphrey	Male	4572743001
23327	Angela Young	Female	7287505145
23328	Jose Oliver	Male	2903832787
23329	Edwin Wilson	Other	8506821968
23330	John Scott	Female	6950765093
23331	Julie Robinson	Other	1982122411
23332	Nicole Ruiz	Other	7799898431
23333	Bradley Williams	Other	5437919370
23334	Mrs. Elizabeth Rodriguez MD	Other	9993272918
23335	Gregory Evans	Other	5786009664
23336	Daniel Obrien	Other	8495299710
23337	Gabriel Webb	Other	907680649
23338	David Hernandez	Female	835876666
23339	Michelle Rose	Other	1285314995
23340	Dr. Brittany Garcia	Other	9916493868
23341	Jason Gutierrez	Male	3625892874
23342	David Jones	Male	4858173626
23343	Sean Scott	Other	7983651716
23344	Laura Jones	Male	7885670896
23345	David Bryan	Other	7688203352
23346	Daniel Evans	Other	3999420156
23347	Michael Edwards	Other	4454773165
23348	Michelle Martinez	Other	3949566020
23349	Christina Campbell	Female	7865835201
23350	Jessica Forbes	Male	2533761869
23351	Rick Moyer	Female	6907973670
23352	Keith Blanchard	Female	6351668609
23353	Kristin Baker	Other	5752030885
23354	Christopher Colon	Other	7684159724
23355	Samuel Mitchell	Male	5150271167
23356	Christine Nixon	Other	5443402864
23357	Jennifer Schwartz	Female	912133004
23358	Ronald Vargas	Female	2975410798
23359	Adam Doyle	Male	6816745716
23360	Sarah Hughes	Other	4518412581
23361	Stephen Livingston	Male	3961982793
23362	Nicholas Harrison	Male	7917332900
23363	Lydia Cisneros	Male	3089368736
23364	Sharon Gutierrez	Other	58327643
23365	Abigail Luna	Other	7883232278
23366	Nicole Kennedy	Other	1775659437
23367	Bonnie Gaines	Female	7069644734
23368	Theresa Diaz	Female	9789943728
23369	Elizabeth Moore	Other	3169584498
23370	Amy Chaney	Other	3556766727
23371	Amy Johnson	Female	6399741962
23372	Travis Stewart	Male	8961991583
23373	Nicholas Peterson	Male	225625257
23374	Tanya Berry	Male	7351455341
23375	Jenny Riddle	Male	5583763461
23376	Pamela Jackson	Female	7073202839
23377	Rebecca Collins	Female	9339900723
23378	Billy Rios	Other	2458552079
23379	Edward Bautista	Female	9801839471
23380	Alicia Gonzalez	Male	4367094985
23381	John Parker	Other	7655323103
23382	Brenda Friedman	Female	8394563729
23383	Michael Lopez	Male	6977753211
23384	Ashley Santana	Male	6470692273
23385	Katherine Johnson	Male	9242102402
23386	Benjamin Thompson	Other	5435578993
23387	David Mcdonald	Male	1711277350
23388	Kevin Bryant	Other	3820405395
23389	Anne Smith	Female	2938690192
23390	Sara Edwards	Other	4409991267
23391	David Mcintosh	Female	4910855863
23392	Emily Steele	Other	4683301464
23393	Debra Brown	Other	8164945254
23394	Madison Long	Male	7398504878
23395	Brooke Thompson	Other	8519895164
23396	Joseph Young	Female	3798258097
23397	Alyssa Gonzales PhD	Female	5639905774
23398	Ryan Mcbride	Female	7702399333
23399	Morgan Hunter	Male	7979224231
23400	Shannon Osborne	Male	7175623291
23401	Tracey Hammond	Male	7125416139
23402	Cindy Solomon	Female	3909574208
23403	Daniel Moss	Other	7134757652
23404	Erin Thomas	Female	7286153436
23405	Karen Carlson	Other	2201443758
23406	Lisa Esparza	Male	3849837756
23407	Ryan Rodriguez	Other	2940023502
23408	Ricardo Johnson	Female	7419276298
23409	David Miller	Male	2198376162
23410	Zachary Vaughn	Female	7672833791
23411	Jessica Davidson	Male	717470025
23412	Ivan Torres	Female	7506525750
23413	Jordan Lee	Other	2906418752
23414	Keith West	Male	5254351479
23415	Teresa Werner	Other	6584136101
23416	Philip Clark	Female	9708594640
23417	David Bailey	Female	3767970291
23418	Michele Riley	Female	5917953616
23419	Dr. Sara Ford	Other	2263759296
23420	Kenneth Johnson	Female	2998257233
23421	Melissa Bates	Other	1751228479
23422	Matthew Jones	Female	7095186351
23423	Cynthia Howard	Other	9273167835
23424	Cindy Gonzalez	Male	5951496736
23425	Ricky Burke	Female	12706967
23426	Charles Moon	Male	2831188815
23427	Katherine Chung	Other	2898044630
23428	Brent Moore	Female	2235761635
23429	David Kline	Male	8082530417
23430	Jonathan Young	Other	399806130
23431	Robert Tanner	Other	5338746439
23432	Laura Burke	Female	2393766924
23433	Melissa Hall	Female	3495442847
23434	Dawn Novak	Male	879204045
23435	Frank Powell	Female	2543553758
23436	Eric Mason	Other	2056703081
23437	Rebecca Perez	Other	9592342451
23438	Diana Miles	Female	5835684657
23439	Michele Mercer	Female	7787514672
23440	Pamela Humphrey	Male	1870409285
23441	Jonathan Costa	Female	2188742230
23442	Elizabeth Kelly	Male	570664533
23443	Colleen Kelly	Other	2402298302
23444	Jermaine Arnold	Male	9705636023
23445	John Hall	Female	1346175631
23446	Susan Deleon	Male	7388371486
23447	Aaron Patrick	Male	2342207315
23448	Keith Wells	Male	8283302184
23449	Sara Anderson	Female	1034216327
23450	Katelyn Cunningham	Female	914374167
23451	Julie Oconnell	Female	2096254550
23452	Heather Hudson	Other	6674254070
23453	Linda Mack	Female	585372509
23454	Michael Castro	Male	4914226243
23455	Amanda Jennings	Male	1710069295
23456	Brett Young	Other	7913515524
23457	Gregory Jackson	Male	3941590653
23458	Darrell Hurst	Other	7938397314
23459	Andrea Hall	Other	995759791
23460	Christine Callahan	Other	2385727270
23461	Nathaniel Johnson	Male	3247181568
23462	Matthew Marshall	Female	2438335242
23463	Kristi Rogers	Other	4267695271
23464	Eric Brown	Female	8873752191
23465	Samantha Morrison	Female	4837221499
23466	Joe Franklin	Male	397929789
23467	Debra Rivera	Male	1114198835
23468	Sarah Rodriguez	Other	3267823864
23469	Bryan Sherman	Male	4418727524
23470	Natasha Thomas	Female	5881621498
23471	Matthew Peterson	Female	8357800996
23472	Rachel Smith	Female	7429709546
23473	Courtney Steele	Female	40073629
23474	Zachary Walker	Other	4366085370
23475	Amanda Griffith	Female	8877442950
23476	April Gonzales	Female	4382528551
23477	Steven Nichols	Female	9891109921
23478	Christopher Bennett	Male	3308238198
23479	Erin Jackson	Female	1932632028
23480	Anthony Clark	Female	3896576944
23481	Abigail Holt	Female	3455780801
23482	Catherine Faulkner	Female	1571802470
23483	Matthew Conley	Female	5356908044
23484	Angela Houston	Female	8269327876
23485	Jose Owens	Male	6299198998
23486	Ronnie Woods	Male	6498201642
23487	Ana Dunn	Other	3136968821
23488	Mrs. Sarah Fields	Female	8813278184
23489	Nancy Duncan	Female	170055715
23490	James Rodriguez	Female	5386671393
23491	David Murphy	Male	4220906062
23492	Joseph Stevens	Male	4496966668
23493	Betty Mann	Female	620278917
23494	David Garcia	Female	6341306543
23495	Marie Fields	Female	1018967629
23496	Kimberly Juarez	Other	3708458840
23497	Ashley Hall	Female	9110457814
23498	Laurie Campbell	Other	2611344961
23499	Carl Marshall	Female	6370756472
23500	Crystal Peters	Male	1623239395
23501	Amanda Smith	Other	3876344649
23502	Miguel Edwards	Other	7262568057
23503	Lauren Pham	Female	2579009406
23504	Jennifer Aguilar	Male	5615816856
23505	Amber Anthony	Male	9724433486
23506	Sarah Snow	Female	312131366
23507	Vickie Houston	Male	6919879028
23508	Kevin Rosales	Male	7319829519
23509	Frances Ray	Female	9956472649
23510	Susan Rollins	Female	2892440474
23511	Crystal Small	Male	1872828159
23512	Charles Adams	Other	7698323725
23513	Christine Anderson	Male	2393662804
23514	Larry Johnston	Female	1124587092
23515	Nicholas Jackson	Male	1907796923
23516	Dana Thompson	Other	3159625285
23517	Kara Preston	Female	3279722731
23518	Andrew Faulkner	Male	6329788678
23519	Ashley Bradley	Other	177224331
23520	Steven Benton	Other	9897955357
23521	Kayla Johnson	Female	9408624222
23522	Taylor Swanson	Female	8781605281
23523	Erika Wood	Female	8956379355
23524	Robert Adams	Other	3304287767
23525	Scott Garcia	Female	9050431056
23526	Brandon Cruz	Male	3101602994
23527	Brenda Cunningham	Female	6029057973
23528	Deborah Sheppard	Other	6970169070
23529	Richard Leonard	Other	3875906222
23530	Amy Reid	Other	8645994388
23531	Joseph Young	Male	1927703679
23532	Danny Aguirre	Female	4089839603
23533	Andrea Miller	Other	9534823152
23534	Laurie Johnson	Female	7718075525
23535	Megan Howard	Other	6171070301
23536	Thomas Stewart	Male	203109207
23537	Jill Klein	Female	9432296318
23538	Felicia Logan	Other	2752021902
23539	Jessica Brown	Other	7967833618
23540	Daniel Clark	Female	5288781981
23541	Elizabeth Brown	Female	8241226461
23542	Nicole Kelly	Male	8962324905
23543	Jerry Boyd	Male	206402885
23544	Debbie Patterson	Female	6327392280
23545	Laura Sanchez	Female	4647070019
23546	John Price	Male	9214203499
23547	Stephanie Hernandez	Other	6231627952
23548	Jesse Marshall	Other	2744934025
23549	Melissa Newton	Other	1105523949
23550	Amy Rodriguez	Female	3246210273
23551	Margaret Hall	Other	8526223347
23552	Stephen Davis	Other	7567923020
23553	Kari Morales	Female	9682177515
23554	Debra Terry	Other	3687117477
23555	Michael Townsend	Male	222458087
23556	Laurie Taylor	Female	4322234104
23557	Nicholas Mcguire	Male	2157151167
23558	Colleen Cooper	Female	5227729966
23559	Jason Martinez	Male	7192034598
23560	Eric Taylor	Other	745514391
23561	Robert Bradley	Female	1271673536
23562	Katie Quinn	Female	1209582673
23563	Michael Prince	Other	8716854814
23564	Andrew Martinez	Female	2377715390
23565	Abigail Cain	Male	7930071748
23566	Manuel Jones	Female	5230865178
23567	Lori Black	Male	4875820783
23568	Jason Murphy	Female	9677336668
23569	Catherine Brooks	Other	3431038640
23570	Jennifer Sims	Female	4623107272
23571	Christie Frye	Male	6681292429
23572	Nancy Harris	Male	2841755838
23573	Karen Stafford	Male	9969491029
23574	Laura Elliott	Other	4981534616
23575	Ashley Green	Male	2047473535
23576	Melissa Olson	Other	3008728012
23577	Daniel Wilson	Male	8968614429
23578	Andrew Taylor	Female	6662380876
23579	Ashley Jones	Male	8994379656
23580	Wendy Potter	Male	7931741389
23581	Haley Armstrong	Other	9254002576
23582	Michelle Richardson	Other	9820160887
23583	Patricia Goodwin	Other	6949622823
23584	Ryan Myers	Other	3031509623
23585	Christopher Gibson	Other	9417390455
23586	Michelle Fuentes	Female	9947414539
23587	Tamara Fritz	Male	7160669875
23588	Charles Smith	Other	8533530862
23589	Vanessa Rodriguez	Other	8189336487
23590	Michael Murray	Male	188937875
23591	Elizabeth Ortiz	Male	9612011739
23592	Brittany Valenzuela	Male	671153353
23593	Andrea Sutton	Other	4650997192
23594	Mrs. Megan Rowe	Male	7895248753
23595	Thomas Barry	Other	2469889944
23596	Peter Smith	Other	3681570351
23597	Donald Thomas	Male	1264477667
23598	Sarah Perez	Male	9968113955
23599	Joan Jimenez	Other	750991541
23600	Ronnie Sloan	Male	2857044759
23601	Daniel Lambert	Male	5880228023
23602	Janice Peterson	Male	662961234
23603	Karen Curtis DDS	Male	5438964899
23604	Kristina Rodriguez	Other	5089898995
23605	Mrs. Holly Thornton	Other	5548997585
23606	Cody Farley	Female	8516738873
23607	Angela Smith	Female	7634071354
23608	Sarah Murphy	Male	2823297515
23609	Jesse Walters	Other	3110836961
23610	Omar Rollins	Female	3671821847
23611	Erin White	Male	6112108733
23612	Tonya Terry	Other	2875071620
23613	Diane Frazier	Female	4862810074
23614	John Terry	Female	4251045569
23615	Glenda Price	Female	2841167279
23616	Richard Freeman	Female	643143078
23617	Tiffany Wright	Female	7533395833
23618	Vanessa Johnson	Female	9703032115
23619	Christina Alvarado	Other	5705638295
23620	Nicole Webster	Male	1359102355
23621	Ricky Bell	Female	9604763907
23622	Matthew Hickman	Other	5275410593
23623	Anthony Williams	Female	2899469509
23624	Robert Martin	Male	5170464897
23625	Jay Goodwin	Other	5583094730
23626	Annette Lopez	Other	1464318075
23627	Kristin Wilkins	Other	4640872074
23628	Taylor Mcclain	Other	6847050563
23629	John Salazar	Other	3262664602
23630	John Baker	Male	2538583516
23631	Joel Hardin	Female	595615373
23632	Adam Alexander	Other	3035691753
23633	Matthew Martin	Male	8834427144
23634	Laura Ford	Male	6193030490
23635	Jessica Richardson	Other	7855659087
23636	Marie Mccall	Female	674692580
23637	Amy Moran	Other	9237476248
23638	Vicki Sanchez MD	Male	7577043267
23639	Keith Williamson	Other	1728182456
23640	Raymond Zavala MD	Other	1377927916
23641	Darren Sherman	Female	9455250559
23642	Shawn Hamilton	Male	858144047
23643	Suzanne Williamson	Female	3850516570
23644	Erica Lara	Other	3581174952
23645	Christopher Butler	Other	1265361785
23646	Jessica Wood	Male	1609108503
23647	Alexis Brown	Female	5974463207
23648	Debra Stewart	Female	9770185983
23649	William Lopez	Female	9921717654
23650	Dwayne Smith	Other	5880735816
23651	Stephen Reyes	Male	3550898323
23652	James Martinez	Male	2800714509
23653	Cheryl Wong	Other	5072001601
23654	Kurt Morales	Male	773845434
23655	Derek Jensen	Female	5049086467
23656	Robert Myers	Male	7251358687
23657	Elizabeth Herring	Male	3020544010
23658	Melinda Stokes	Female	6940745520
23659	Brandy Pierce	Male	3086877893
23660	Donna Chan	Female	1296626276
23661	Jason Rose	Other	160556039
23662	Daniel Scott	Female	3400109073
23663	Kelly Vazquez	Female	9406392803
23664	Juan Moore	Female	6255847581
23665	William Parker	Other	6413558232
23666	Leonard Johnson	Male	9369703889
23667	Kenneth Oliver	Female	2376182732
23668	Tanya Wilson	Male	8836501558
23669	Christine Peterson	Female	3530691953
23670	Douglas Jones Jr.	Other	4165224444
23671	Vanessa Hurst	Female	8144029476
23672	Bethany Franklin	Other	8827648770
23673	Nicholas Walker	Female	7782177640
23674	Angela Orozco	Other	6178676326
23675	William Rodriguez	Female	1067062046
23676	Eric Anderson	Other	3776957579
23677	John Herring	Female	9765019421
23678	Clifford White	Female	1312181627
23679	Eric Roberts	Female	5844854275
23680	Jennifer Austin	Other	8729089220
23681	Martin Porter	Male	3690773293
23682	Andre Lee	Other	1473337012
23683	Mia Ross	Other	993720170
23684	Martin Fletcher	Male	1350481633
23685	Gregory Yang	Female	3549103465
23686	Eric Parker	Male	332228369
23687	Patrick Gross	Male	539144872
23688	Richard Martin	Female	1151287674
23689	Kimberly Vargas	Other	6896333923
23690	John Oneill	Male	6322549251
23691	Patricia Morgan	Female	7798265299
23692	Barbara Smith	Other	1954266223
23693	Daniel Schneider	Other	9182615798
23694	Jennifer Ward	Male	8487645377
23695	Jerry Knight MD	Other	7866217063
23696	Dylan Diaz	Other	3689590697
23697	Jessica Mann	Male	9035252298
23698	Gregory Fields	Other	7109279980
23699	Jillian Greer	Female	2212659296
23700	Ashley Campbell	Other	1056132125
23701	Nageshwaran	Male	9047962341
\.


--
-- Data for Name: genre_table; Type: TABLE DATA; Schema: public; Owner: postgres
--

COPY public.genre_table (genre_id, genre_name) FROM stdin;
1221	 Action
1222	Adventure
1223	Animation
1224	Biographical
1225	Comedy
1226	Crime
1227	Disaster
1228	Documentary
1229	Drama
1230	Epic
1231	Experimental
1232	Family
1233	Fantasy
1234	Film Noir
1235	Gangster
1236	Historical
1237	Horror
1238	Mockumentary
1239	Musical
1240	Mystery
1241	Neo-Noir
1242	Paranormal
1243	Period Drama
1244	Political
1245	Psychological
1246	Romance
1247	Satire
1248	Science Fiction
1249	Slasher
1250	Sports
1251	Spy
1252	Superhero
1253	Supernatural
1254	Surreal
1255	Teen
1256	Thriller
1257	War
1258	Western
1259	Courtroom Drama
1260	Crime Caper
1261	Cyberpunk
1262	Disaster
1263	Folk Horror
1264	Found Footage
1265	Martial Arts
1266	Melodrama
1267	Monster
1268	Revenge
1269	Road Movie
1270	Silent
1271	Rom-Com
1273	Science Fiction
1275	Vamsi
\.


--
-- Data for Name: publisher_table; Type: TABLE DATA; Schema: public; Owner: postgres
--

COPY public.publisher_table (pub_id, pub_name, pub_titles_total, pub_issues_total) FROM stdin;
788	Design Studio	2	3
789	Design Studio	2	3
790	Marz Publishing	1	2
791	Marz Publishing	1	2
792	Cannon Video	1	1
793	Listerart Comics Group	1	1
794	Karl Art Publishing	2	2
795	Karl Art Publishing	2	2
796	Cosmic Bard Press	2	2
797	Cosmic Bard Press	2	2
798	James Anderson Comics	1	1
799	El MacFearsome Comic Squares Comics	1	5
800	Khyber Press	1	1
801	R3D Comics	1	1
802	Arm & Hammer Comics	2	2
803	Arm & Hammer Comics	2	2
804	Studio Z	1	1
805	Strumhaus Studios	1	2
806	Strumhaus Studios	1	2
807	Panel Press	1	2
808	Panel Press	1	2
809	Buster Brown Bread Company	2	2
810	Buster Brown Bread Company	2	2
811	Ctrl+Alt+Del Productions	1	2
812	Ctrl+Alt+Del Productions	1	2
813	Alex Heberling Productions	1	1
814	Antix Press	1	1
815	Amazing Facts, Inc.	2	2
816	Amazing Facts, Inc.	2	2
817	Black Rock Design	1	1
818	Top Value Enterprises	1	1
819	Paranormal Pictures	1	1
820	KWO Press	1	1
821	Moon Base Comics	1	1
822	Zim Graphics	1	2
823	Zim Graphics	1	2
824	Nypirg Comics	1	2
825	Nypirg Comics	1	2
826	Abracadabra Entertainment Comics	1	1
827	Beta 3	1	2
828	Beta 3	1	2
829	John Wiley & Sons	1	1
830	rbscomics.com	1	1
831	Kidsbooks	1	1
832	Gloria Pike	1	1
833	Candid Cartoons	1	2
834	Candid Cartoons	1	2
835	Koala Wallop	1	1
836	Steve Stamatiadis	1	1
837	CCC Publications	2	2
838	CCC Publications	2	2
839	W.T. Blackwell	1	1
840	O'Neill Comics	1	2
841	O'Neill Comics	1	2
842	G.W. Dillingham Co.	1	1
843	NEF Ltd. 	1	1
844	Loaded Barrel Studios	2	2
845	Loaded Barrel Studios	2	2
846	Kistone Press	1	3
847	Kistone Press	1	3
848	Space City Comics	1	1
849	Beardfluff	1	1
850	Ulysses Press	1	1
851	Newman-Rudolph Lithographing Co.	1	1
852	Goldsmith Publishing	1	1
853	S.S. Kresge Comics	1	1
854	Julian J. Proskauer	1	2
855	Julian J. Proskauer	1	2
856	Hypersmash Studios	1	1
857	Boysenberry Books	1	1
858	Flash Books	1	1
859	Tami E. Maricle	1	1
860	Universe Comics	2	2
861	Universe Comics	2	2
862	Upsharp Comics	1	2
863	Upsharp Comics	1	2
864	Kris Wilson	1	1
865	Determined Productions, Inc.	1	1
866	Fire Flower Studios	1	1
867	Back Row Comics	1	1
868	C.M. Comics	2	2
869	C.M. Comics	2	2
870	AX Creations	1	1
871	Walker & Co.	1	2
872	Gettosake Comics	2	2
873	Back Row 	1	1
\.


--
-- Data for Name: rating_table; Type: TABLE DATA; Schema: public; Owner: postgres
--

COPY public.rating_table (rating_id, rating, customer_id, title_id) FROM stdin;
4356	4	23582	568793
4357	4	23563	568834
4358	4	23358	569279
4359	5	23247	567994
4360	1	23194	570140
4361	2	23319	567827
4362	5	23375	567734
4363	4	23227	569729
4364	2	23610	570465
4365	5	23558	570698
4366	3	23577	569837
4367	1	23309	570485
4368	1	23226	569533
4369	1	23580	568431
4370	3	23377	569325
4371	1	23220	568750
4372	4	23353	570227
4373	3	23114	568331
4374	2	23383	567984
4375	1	23429	570399
4376	2	23229	568072
4377	5	23533	569503
4378	2	23281	569365
4379	4	23421	570243
4380	1	23326	570512
4381	5	23409	568069
4382	2	23558	568533
4383	2	23437	570608
4384	4	23510	568483
4385	4	23448	570021
4386	1	23634	568520
4387	5	23531	569423
4388	2	23598	568184
4389	2	23151	568541
4390	3	23234	569314
4391	4	23449	568599
4392	5	23238	567821
4393	4	23563	569757
4394	4	23351	567829
4395	4	23301	570731
4396	4	23400	569451
4397	4	23399	570032
4398	3	23475	568757
4399	2	23118	570607
4400	3	23152	569619
4401	3	23394	568360
4402	3	23531	569184
4403	4	23365	569461
4404	2	23488	570590
4405	4	23264	567841
4406	4	23241	570862
4407	5	23683	568415
4408	4	23405	570504
4409	5	23192	570461
4410	2	23489	569250
4411	1	23162	568341
4412	4	23216	567792
4413	3	23475	569615
4414	3	23264	570529
4415	3	23691	569633
4416	4	23129	567854
4417	1	23353	569857
4418	5	23127	570488
4419	4	23200	570707
4420	5	23606	567953
4421	1	23531	569590
4422	5	23527	570520
4423	4	23216	568571
4424	2	23595	567904
4425	1	23503	570221
4426	2	23345	568970
4427	1	23234	569457
4428	5	23692	568955
4429	1	23361	569253
4430	4	23480	567883
4431	4	23677	569118
4432	1	23471	568321
4433	2	23388	569880
4434	5	23354	569640
4435	4	23513	570843
4436	2	23690	570222
4437	3	23697	569609
4438	5	23481	569123
4439	1	23228	570088
4440	2	23231	570850
4441	1	23107	569656
4442	3	23601	570391
4443	2	23206	568046
4444	5	23419	569810
4445	1	23411	569614
4446	1	23146	570347
4447	3	23253	569998
4448	4	23349	569016
4449	5	23336	569300
4450	2	23304	570146
4451	1	23560	570831
4452	5	23449	570423
4453	4	23108	570779
4454	5	23301	568836
4455	2	23362	570048
4456	1	23442	568057
4457	3	23435	570729
4458	3	23123	568215
4459	4	23519	570808
4460	2	23493	569125
4461	1	23523	570138
4462	1	23481	569162
4463	5	23117	567797
4464	3	23518	569681
4465	5	23672	567910
4466	1	23197	568501
4467	4	23674	567755
4468	3	23319	569561
4469	5	23532	568099
4470	5	23362	567843
4471	5	23254	568839
4472	1	23465	569275
4473	1	23630	568370
4474	5	23519	569942
4475	3	23247	569392
4476	5	23490	568030
4477	3	23551	568715
4478	2	23210	570173
4479	5	23178	567689
4480	1	23609	570456
4481	3	23505	568251
4482	2	23590	568356
4483	5	23131	569188
4484	2	23609	569213
4485	5	23536	568229
4486	3	23150	569110
4487	5	23601	567830
4488	3	23670	569659
4489	4	23321	567973
4490	1	23275	568699
4491	2	23202	568050
4492	5	23128	568322
4493	3	23684	567697
4494	2	23178	567797
4495	3	23106	569632
4496	5	23615	569251
4497	4	23224	569196
4498	3	23294	569944
4499	5	23188	570409
4500	2	23375	570109
4501	3	23285	569851
4502	1	23423	570336
4503	4	23427	568192
4504	2	23425	567951
4505	4	23574	568156
4506	5	23526	570405
4507	5	23652	568343
4508	3	23679	569092
4509	3	23218	569924
4510	3	23439	569093
4511	5	23334	569904
4512	1	23478	567956
4513	5	23241	569379
4514	3	23374	570291
4515	3	23619	569010
4516	2	23147	568591
4517	1	23470	568817
4518	5	23470	569438
4519	4	23158	568914
4520	1	23608	570054
4521	2	23115	570488
4522	2	23268	570104
4523	1	23156	569586
4524	1	23407	570841
4525	3	23457	569543
4526	3	23570	568496
4527	3	23502	568034
4528	5	23530	570504
4529	3	23554	570821
4530	4	23500	570534
4531	4	23173	570584
4532	1	23114	569541
4533	1	23326	570014
4534	3	23255	569062
4535	2	23218	569103
4536	3	23644	570799
4537	3	23322	570479
4538	1	23409	568853
4539	3	23272	569067
4540	2	23467	568810
4541	5	23339	568551
4542	5	23406	569771
4543	4	23402	570182
4544	5	23521	570102
4545	2	23503	567703
4546	4	23351	568901
4547	1	23166	570751
4548	5	23642	570749
4549	2	23341	569815
4550	3	23700	569564
4551	2	23492	570259
4552	2	23104	568431
4553	3	23454	569264
4554	4	23451	567890
4555	4	23253	568268
4556	4	23641	569091
4557	1	23275	569161
4558	1	23357	568963
4559	3	23121	568894
4560	4	23623	569590
4561	1	23109	569923
4562	2	23478	569042
4563	4	23520	569462
4564	5	23149	568286
4565	2	23556	568086
4566	3	23473	570732
4567	5	23301	568705
4568	1	23678	567937
4569	2	23330	569714
4570	1	23692	570509
4571	4	23420	568269
4572	4	23463	570608
4573	3	23696	567935
4574	5	23212	569955
4575	4	23455	570062
4576	1	23400	568205
4577	3	23317	568865
4578	3	23224	568819
4579	2	23481	568683
4580	2	23545	568184
4581	1	23378	568008
4582	4	23208	568468
4583	1	23279	569321
4584	1	23600	569443
4585	1	23633	569149
4586	4	23594	569777
4587	4	23381	569034
4588	4	23228	570404
4589	2	23349	569268
4590	3	23407	568412
4591	3	23147	569983
4592	3	23124	568101
4593	5	23670	569685
4594	1	23423	568180
4595	5	23546	569467
4596	5	23201	569034
4597	5	23166	568055
4598	1	23394	570015
4599	4	23647	568161
4600	4	23683	569268
4601	5	23564	569903
4602	3	23338	568537
4603	5	23470	568899
4604	5	23122	570116
4605	4	23182	570088
4606	2	23406	570383
4607	2	23112	570374
4608	5	23683	568782
4609	1	23417	569235
4610	3	23328	569626
4611	1	23386	568048
4612	2	23565	569910
4613	3	23304	569589
4614	3	23556	570319
4615	1	23152	568489
4616	2	23408	570553
4617	4	23567	568018
4618	2	23241	568426
4619	2	23412	567827
4620	1	23646	569215
4621	1	23357	569289
4622	4	23252	567818
4623	3	23512	570610
4624	3	23437	567890
4625	4	23496	570749
4626	2	23448	567738
4627	2	23479	570076
4628	2	23302	570394
4629	5	23455	569999
4630	1	23570	568946
4631	1	23255	567706
4632	2	23699	570629
4633	3	23234	567829
4634	5	23268	568193
4635	1	23629	568252
4636	1	23322	568186
4637	3	23381	569807
4638	2	23666	569283
4639	1	23147	569528
4640	3	23600	567829
4641	2	23694	568123
4642	2	23181	567841
4643	2	23555	569163
4644	1	23406	567973
4645	1	23436	568595
4646	5	23682	568616
4647	4	23459	568477
4648	3	23227	570669
4649	3	23285	569888
4650	2	23137	568441
4651	5	23266	570419
4652	4	23417	568031
4653	5	23256	568867
4654	3	23416	568680
4655	3	23139	570531
4656	5	23694	569587
4657	3	23279	569197
4658	1	23668	568528
4659	5	23263	568409
4660	4	23359	570598
4661	5	23453	569286
4662	5	23643	569515
4663	3	23543	569078
4664	2	23208	570592
4665	5	23314	570505
4666	4	23238	570419
4667	3	23451	570058
4668	1	23185	570816
4669	3	23627	568442
4670	4	23294	569315
4671	1	23371	568778
4672	4	23477	567829
4673	1	23280	567790
4674	2	23378	568786
4675	4	23381	570216
4676	1	23618	568010
4677	4	23665	568513
4678	1	23498	570107
4679	5	23418	570570
4680	2	23277	569667
4681	4	23504	569730
4682	3	23206	569317
4683	5	23445	568315
4684	3	23665	569218
4685	3	23128	568675
4686	4	23474	568166
4687	4	23234	570237
4688	3	23422	569842
4689	3	23114	569103
4690	2	23275	569105
4691	4	23138	569955
4692	3	23248	568890
4693	5	23538	570724
4694	4	23485	568087
4695	5	23673	568612
4696	4	23563	569129
4697	5	23653	570633
4698	5	23373	570057
4699	3	23348	569373
4700	1	23195	569418
4701	2	23677	569157
4702	4	23577	570084
4703	2	23599	569920
4704	3	23649	568687
4705	2	23574	568630
4706	1	23123	570424
4707	3	23560	568050
4708	2	23439	569494
4709	3	23261	568048
4710	5	23229	570556
4711	2	23538	569828
4712	3	23287	570392
4713	4	23172	569537
4714	5	23590	569784
4715	2	23108	569887
4716	2	23485	569832
4717	1	23402	569238
4718	1	23389	569660
4719	1	23275	570728
4720	1	23453	567894
4721	3	23106	568861
4722	4	23537	569539
4723	3	23623	569319
4724	1	23110	568883
4725	5	23604	568250
4726	3	23439	570189
4727	5	23601	568916
4728	3	23116	568435
4729	3	23558	568517
4730	2	23645	570403
4731	3	23205	568662
4732	4	23206	569429
4733	5	23352	569528
4734	4	23310	568791
4735	4	23469	569043
4736	1	23334	569335
4737	5	23660	569517
4738	3	23167	568348
4739	2	23362	570230
4740	5	23668	569527
4741	4	23401	568465
4742	3	23552	568979
4743	4	23262	567798
4744	5	23271	568441
4745	3	23235	568134
4746	5	23688	567832
4747	5	23545	569575
4748	2	23521	568328
4749	3	23413	568235
4750	3	23568	569050
4751	3	23357	568062
4752	1	23141	569513
4753	2	23553	569060
4754	4	23697	570802
4755	5	23321	569206
4756	2	23312	570046
4757	5	23574	569943
4758	2	23261	569777
4759	2	23579	568338
4760	3	23614	568763
4761	3	23455	570343
4762	4	23384	569850
4763	1	23686	570545
4764	2	23405	570605
4765	4	23134	569025
4766	1	23554	570015
4767	4	23477	567706
4768	3	23333	569221
4769	4	23670	568855
4770	3	23538	569675
4771	3	23347	570067
4772	4	23300	570529
4773	2	23159	569016
4774	4	23422	570850
4775	3	23574	568694
4776	4	23171	570862
4777	1	23111	570046
4778	1	23505	569860
4779	2	23337	569750
4780	4	23219	568247
4781	2	23268	570791
4782	4	23112	568798
4783	2	23382	570185
4784	2	23468	570496
4785	2	23142	568373
4786	4	23569	569176
4787	1	23429	568722
4788	4	23555	570314
4789	5	23143	567888
4790	4	23668	569404
4791	3	23588	569630
4792	5	23115	568229
4793	3	23134	569663
4794	5	23306	567852
4795	4	23358	569367
4796	2	23334	568911
4797	4	23133	567807
4798	3	23413	569372
4799	2	23443	570840
4800	2	23420	570265
4801	1	23277	569345
4802	4	23213	570549
4803	3	23415	567917
4804	3	23584	570211
4805	1	23564	569998
4806	3	23514	568878
4807	4	23126	569588
4808	1	23137	570528
4809	1	23245	568491
4810	4	23283	570787
4811	5	23437	569670
4812	3	23173	568556
4813	2	23555	570425
4814	1	23694	570539
4815	1	23371	568815
4816	2	23440	568826
4817	4	23608	569378
4818	1	23104	568679
4819	4	23554	570765
4820	2	23699	570546
4821	3	23211	569933
4822	4	23408	568121
4823	3	23274	570790
4824	5	23418	568781
4825	1	23699	568695
4826	2	23353	570472
4827	4	23626	567736
4828	2	23354	568896
4829	5	23338	568453
4830	1	23300	568836
4831	1	23613	570569
4832	1	23165	569605
4833	3	23505	569480
4834	2	23660	569465
4835	5	23105	568283
4836	4	23246	568603
4837	4	23627	569416
4838	4	23136	569756
4839	4	23235	569732
4840	4	23396	567718
4841	5	23369	568181
4842	5	23611	569614
4843	5	23527	570779
4844	3	23384	569483
4845	3	23428	568656
4846	4	23469	570564
4847	5	23691	568746
4848	2	23432	568523
4849	2	23685	569339
4850	4	23634	567822
4851	3	23355	569858
4852	2	23416	570523
4853	3	23238	569476
4854	4	23118	568219
4855	2	23391	568931
4856	1	23383	570301
4857	3	23607	569772
4858	1	23366	568001
4859	3	23118	569508
4860	1	23107	569688
4861	1	23612	569174
4862	1	23617	570480
4863	5	23329	570482
4864	3	23119	569813
4865	5	23640	569032
4866	5	23584	568058
4867	4	23613	570079
4868	2	23607	569926
4869	2	23671	568353
4870	5	23240	568079
4871	5	23293	569182
4872	2	23683	567756
4873	2	23403	569707
4874	2	23329	568702
4875	3	23185	568152
4876	4	23672	569811
4877	3	23513	568074
4878	3	23123	567928
4879	2	23593	569086
4880	3	23217	570668
4881	4	23607	569283
4882	1	23429	567886
4883	3	23554	570519
4884	2	23484	569775
4885	2	23250	568340
4886	1	23547	570759
4887	3	23210	569284
4888	2	23151	570421
4889	1	23221	567807
4890	3	23125	569116
4891	3	23514	570046
4892	1	23195	570323
4893	3	23420	569238
4894	5	23362	568806
4895	1	23427	569210
4896	3	23463	570145
4897	5	23155	568379
4898	4	23390	570093
4899	3	23344	569350
4900	2	23192	569668
4901	2	23501	568809
4902	4	23640	568485
4903	2	23247	567983
4904	2	23545	568003
4905	5	23571	567715
4906	3	23635	570829
4907	5	23471	570090
4908	1	23160	567972
4909	2	23143	569056
4910	2	23138	568597
4911	1	23503	569443
4912	5	23231	568266
4913	3	23598	568855
4914	4	23644	569974
4915	4	23121	567976
4916	3	23547	568300
4917	5	23442	569133
4918	3	23641	568274
4919	3	23605	570369
4920	1	23507	567844
4921	2	23112	569044
4922	4	23547	569839
4923	1	23679	569499
4924	1	23263	570858
4925	4	23223	570667
4926	3	23126	568159
4927	4	23701	567781
4928	4	23466	570364
4929	5	23547	568103
4930	2	23159	568053
4931	5	23321	569819
4932	1	23148	567748
4933	2	23234	567875
4934	4	23277	570608
4935	2	23549	568227
4936	3	23188	569054
4937	4	23288	568171
4938	2	23632	569087
4939	5	23223	568483
4940	3	23291	568272
4941	2	23571	567978
4942	1	23502	570203
4943	1	23154	569670
4944	3	23168	568285
4945	2	23347	568517
4946	3	23213	568765
4947	3	23196	570735
4948	1	23152	568721
4949	1	23229	569949
4950	5	23654	569319
4951	1	23618	569872
4952	2	23509	570688
4953	2	23191	569074
4954	1	23595	569629
4955	4	23134	567923
4956	3	23245	570268
4957	3	23473	568020
4958	1	23626	570837
4959	3	23156	569195
4960	1	23171	570699
4961	3	23141	567913
4962	2	23107	569302
4963	3	23179	567901
4964	3	23418	568154
4965	4	23494	569491
4966	3	23564	567868
4967	5	23290	570068
4968	1	23599	568627
4969	2	23180	570230
4970	5	23587	570175
4971	5	23619	568592
4972	1	23265	569188
4973	4	23166	570447
4974	1	23249	569080
4975	3	23499	567772
4976	2	23456	568910
4977	2	23143	568068
4978	4	23678	569648
4979	2	23286	568130
4980	1	23696	570324
4981	3	23681	569279
4982	2	23188	568786
4983	3	23161	568589
4984	5	23229	567693
4985	2	23561	569604
4986	2	23348	568521
4987	3	23423	569087
4988	5	23339	568319
4989	4	23264	570061
4990	1	23411	569318
4991	2	23319	568076
4992	3	23487	569191
4993	2	23118	570389
4994	3	23132	568090
4995	3	23296	569766
4996	2	23161	568633
4997	2	23558	570660
4998	1	23384	569630
4999	5	23444	568334
5000	4	23342	570390
5001	5	23569	569604
5002	4	23440	568675
5003	3	23161	568554
5004	1	23584	569949
5005	4	23366	568904
5006	2	23667	567911
5007	3	23546	568924
5008	5	23175	570526
5009	1	23464	568202
5010	3	23506	570512
5011	2	23591	569007
5012	3	23106	569397
5013	1	23332	569856
5014	1	23636	568769
5015	2	23371	568320
5016	1	23179	569187
5017	5	23483	567695
5018	4	23151	568730
5019	1	23327	570175
5020	1	23564	569870
5021	1	23645	569030
5022	5	23666	569544
5023	3	23594	569476
5024	3	23535	570056
5025	2	23241	568196
5026	5	23459	568748
5027	4	23696	570742
5028	5	23649	568937
5029	1	23282	569694
5030	4	23300	568355
5031	2	23408	567879
5032	1	23576	567855
5033	3	23136	568420
5034	2	23632	569698
5035	4	23564	569799
5036	4	23364	569830
5037	3	23564	569946
5038	3	23307	570664
5039	1	23246	570022
5040	3	23518	568842
5041	2	23544	567873
5042	1	23161	568449
5043	4	23179	567953
5044	2	23289	569567
5045	5	23237	570313
5046	4	23619	567749
5047	4	23195	570715
5048	5	23376	568104
5049	1	23517	568107
5050	1	23166	570591
5051	3	23363	569178
5052	1	23236	568752
5053	5	23510	569302
5054	2	23379	568671
5055	5	23586	570507
5056	2	23317	569487
5057	5	23251	569201
5058	2	23583	568122
5059	5	23686	569764
5060	5	23291	569045
5061	4	23124	570196
5062	5	23552	567733
5063	3	23195	568296
5064	2	23433	569318
5065	3	23391	568049
5066	4	23179	569122
5067	4	23309	568580
5068	3	23126	569597
5069	3	23141	568595
5070	4	23692	567807
5071	5	23349	569908
5072	5	23396	568329
5073	2	23693	569907
5074	5	23175	569142
5075	3	23405	569171
5076	3	23644	570266
5077	2	23630	569320
5078	3	23103	568052
5079	1	23695	567731
5080	1	23414	568593
5081	3	23619	567965
5082	1	23424	568219
5083	3	23126	569265
5084	5	23397	570247
5085	2	23150	569929
5086	1	23678	569824
5087	1	23512	569017
5088	1	23606	569071
5089	4	23678	568480
5090	2	23447	570186
5091	5	23300	569049
5092	2	23188	570830
5093	1	23298	569601
5094	5	23386	570440
5095	2	23304	569576
5096	2	23220	570317
5097	4	23277	568455
5098	5	23271	568121
5099	5	23643	569450
5100	2	23692	569175
5101	3	23428	568186
5102	3	23666	569448
5103	4	23686	569915
5104	3	23280	568055
5105	5	23317	568686
5106	2	23284	570353
5107	4	23523	570072
5108	5	23676	568604
5109	1	23253	569072
5110	1	23428	568679
5111	1	23470	569151
5112	2	23584	568555
5113	2	23698	569080
5114	3	23428	570102
5115	4	23605	567845
5116	1	23649	568737
5117	5	23313	570293
5118	4	23663	569258
5119	1	23458	569297
5120	1	23637	568247
5121	3	23448	568234
5122	4	23407	567876
5123	4	23364	569610
5124	2	23428	570555
5125	1	23351	570009
5126	2	23696	569742
5127	2	23445	570732
5128	4	23360	569614
5129	5	23453	569222
5130	4	23558	569702
5131	5	23475	568072
5132	4	23504	569650
5133	5	23649	570528
5134	3	23140	569934
5135	3	23244	569249
5136	4	23406	567836
5137	4	23462	568705
5138	4	23340	567925
5139	4	23327	568541
5140	2	23230	570022
5141	2	23544	568072
5142	5	23191	570247
5143	5	23138	569890
5144	3	23446	567943
5145	5	23184	568435
5146	2	23609	569620
5147	4	23127	568830
5148	4	23241	570785
5149	3	23429	568502
5150	5	23290	569442
5151	4	23108	568061
5152	5	23605	567694
5153	3	23229	570393
5154	3	23213	568315
5155	5	23665	569111
\.


--
-- Data for Name: sales_table; Type: TABLE DATA; Schema: public; Owner: postgres
--

COPY public.sales_table (sales_id, sale_date, price, customer_id, title_id) FROM stdin;
9185	5/28/2023	79.45	23699	567684
9186	11/8/2023	116.2	23257	570860
9187	5/27/2023	110.02	23680	570295
9188	1/25/2024	69.97	23681	569754
9189	9/25/2023	52.57	23474	569234
9190	5/18/2023	67.08	23424	570687
9191	2/23/2024	79.18	23539	568441
9192	4/26/2024	58.19	23273	567758
9193	3/1/2024	134.38	23105	570220
9194	12/24/2023	80.84	23421	569173
9195	3/17/2024	89.75	23353	570860
9196	3/31/2024	98.91	23327	570222
9197	3/31/2024	116.1	23547	568660
9198	10/18/2023	59.11	23384	568995
9199	4/1/2024	104.41	23469	570635
9200	9/15/2023	68.49	23238	567941
9201	4/24/2024	138.55	23440	570378
9202	3/17/2024	86.94	23592	569889
9203	12/8/2023	94.58	23574	569269
9204	11/20/2023	76.33	23557	568459
9205	7/2/2023	96.51	23468	569828
9206	12/23/2023	72.62	23413	570480
9207	5/8/2023	76.86	23599	569719
9208	11/26/2023	56.16	23665	570818
9209	6/30/2023	125.22	23212	569940
9210	4/13/2024	116.75	23280	568313
9211	6/24/2023	58.57	23184	570193
9212	1/10/2024	84.38	23388	568841
9213	7/3/2023	104.14	23244	569003
9214	3/27/2024	147.07	23652	569360
9215	6/1/2023	108.97	23302	570307
9216	3/11/2024	105.36	23370	569001
9217	2/19/2024	134.08	23179	568134
9218	11/21/2023	131.84	23178	568076
9219	3/15/2024	91.86	23120	569825
9220	10/24/2023	103.55	23620	570380
9221	6/20/2023	136.69	23132	567955
9222	7/15/2023	97.48	23696	567861
9223	11/3/2023	138.17	23693	568213
9224	5/30/2023	97.63	23515	568413
9225	2/12/2024	57.9	23318	567810
9226	12/13/2023	140.28	23138	568509
9227	5/11/2023	121.43	23665	568120
9228	11/15/2023	100.21	23367	569670
9229	1/3/2024	140.05	23657	568466
9230	12/14/2023	130.05	23653	568086
9231	10/29/2023	117.75	23584	567812
9232	2/29/2024	112.03	23253	570020
9233	4/16/2024	62.03	23475	570310
9234	4/11/2024	125.72	23502	569273
9235	7/27/2023	67.29	23329	570376
9236	5/9/2023	148.44	23398	569688
9237	3/23/2024	147.22	23238	569835
9238	12/23/2023	130.85	23576	570237
9239	12/22/2023	62.62	23614	570554
9240	9/10/2023	92.34	23623	570099
9241	12/24/2023	148.83	23193	568730
9242	5/29/2023	93.54	23507	567883
9243	10/4/2023	149.73	23473	569182
9244	2/17/2024	112.72	23615	568586
9245	6/29/2023	133.41	23111	570163
9246	12/10/2023	75.79	23345	570622
9247	6/20/2023	141.08	23270	567972
9248	9/21/2023	141.42	23627	567735
9249	9/15/2023	56.7	23244	568536
9250	11/20/2023	88.81	23557	570367
9251	12/2/2023	89.74	23264	569694
9252	4/3/2024	82.61	23284	568009
9253	11/13/2023	77.62	23680	569599
9254	3/9/2024	95.82	23680	570299
9255	2/29/2024	137.35	23250	567930
9256	4/23/2024	128.66	23596	569160
9257	7/2/2023	112.31	23468	569967
9258	4/10/2024	102.26	23142	570727
9259	1/19/2024	91.96	23325	569385
9260	5/2/2023	91.44	23600	569193
9261	9/14/2023	64.82	23338	570583
9262	9/30/2023	108.79	23165	567920
9263	8/25/2023	125.84	23371	570208
9264	1/14/2024	143.96	23479	568770
9265	1/2/2024	142.49	23340	569848
9266	2/11/2024	106.27	23144	567848
9267	7/24/2023	60.1	23312	570689
9268	10/27/2023	78.61	23631	567970
9269	5/7/2023	103.56	23470	568926
9270	5/16/2023	84.39	23498	568001
9271	1/26/2024	91.09	23581	568566
9272	8/19/2023	88.3	23566	569809
9273	8/13/2023	98.56	23148	568079
9274	7/21/2023	110.9	23141	568096
9275	6/18/2023	53.75	23432	570652
9276	12/22/2023	77.54	23206	568628
9277	6/18/2023	64.39	23634	569859
9278	10/25/2023	110.87	23381	569260
9279	1/25/2024	119.37	23370	568458
9280	12/19/2023	53.88	23693	568473
9281	1/8/2024	138.96	23658	569837
9282	2/25/2024	83.15	23684	570372
9283	2/17/2024	73.76	23279	568700
9284	9/22/2023	124.57	23486	570016
9285	9/30/2023	142.08	23488	570243
9286	11/29/2023	139.7	23475	568414
9287	3/23/2024	52.02	23180	569969
9288	11/2/2023	131.74	23630	570750
9289	8/30/2023	80.31	23358	569968
9290	4/18/2024	78.03	23486	569382
9291	3/4/2024	99.16	23329	570738
9292	1/19/2024	119.62	23629	568114
9293	5/9/2023	59.82	23516	570820
9294	12/8/2023	136.89	23462	570297
9295	5/8/2023	63.44	23454	570043
9296	1/9/2024	147.42	23599	569148
9297	6/17/2023	94.31	23594	570444
9298	7/11/2023	132.58	23107	569560
9299	10/6/2023	76.94	23614	570559
9300	12/26/2023	91.68	23243	570406
9301	1/8/2024	114.56	23551	569431
9302	6/11/2023	68.79	23270	568108
9303	9/15/2023	71.14	23336	568365
9304	4/19/2024	132.4	23179	568420
9305	12/11/2023	124.09	23627	569934
9306	2/12/2024	125.95	23388	569326
9307	9/29/2023	136.72	23317	569749
9308	9/30/2023	132.1	23254	569064
9309	1/22/2024	101.53	23292	570375
9310	5/3/2023	65.9	23262	568329
9311	10/14/2023	81.11	23471	569868
9312	8/9/2023	100.68	23222	570139
9313	10/2/2023	63.56	23336	569496
9314	8/9/2023	135.13	23525	569125
9315	3/27/2024	137.93	23439	568972
9316	10/19/2023	52.89	23217	569935
9317	8/12/2023	69.28	23594	569011
9318	11/17/2023	133.29	23591	569204
9319	1/8/2024	133.7	23591	569370
9320	1/7/2024	74.95	23316	570812
9321	2/17/2024	95.64	23266	570275
9322	1/31/2024	141.8	23521	569445
9323	11/17/2023	120.46	23123	570655
9324	3/17/2024	77.4	23350	569006
9325	7/14/2023	132.35	23145	570174
9326	12/7/2023	100.51	23231	568667
9327	5/29/2023	113.54	23688	569988
9328	2/13/2024	62.39	23265	569916
9329	12/23/2023	53.06	23238	568558
9330	7/11/2023	87.25	23625	569218
9331	6/27/2023	109.4	23141	570818
9332	4/7/2024	67.76	23687	569935
9333	6/27/2023	137.05	23251	570731
9334	4/19/2024	108.69	23158	568722
9335	2/13/2024	84.98	23271	569156
9336	12/15/2023	66.35	23365	569535
9337	10/8/2023	139.45	23285	569514
9338	9/22/2023	124.9	23630	569308
9339	12/8/2023	118.89	23516	567682
9340	12/30/2023	78.51	23678	570656
9341	4/22/2024	88.66	23120	567823
9342	4/23/2024	66.29	23391	568847
9343	5/18/2023	107.23	23188	570122
9344	5/27/2023	146.49	23322	567748
9345	10/11/2023	135.71	23560	569802
9346	9/5/2023	114.74	23583	568235
9347	6/21/2023	117.77	23594	568918
9348	1/27/2024	76.91	23275	567708
9349	3/4/2024	90.95	23325	568912
9350	7/2/2023	52.01	23521	568590
9351	3/5/2024	128.03	23247	568561
9352	7/22/2023	126.76	23697	568971
9353	5/25/2023	50.89	23287	567770
9354	2/15/2024	141.15	23624	570842
9355	2/28/2024	114.74	23371	570507
9356	8/29/2023	110.11	23272	568812
9357	12/12/2023	50.85	23451	569949
9358	1/14/2024	75.24	23565	569776
9359	2/17/2024	130.51	23171	569960
9360	4/22/2024	80.55	23336	570019
9361	1/15/2024	146.7	23488	570023
9362	2/17/2024	114.27	23495	568315
9363	12/15/2023	92.38	23236	568068
9364	5/22/2023	87.65	23212	567836
9365	6/16/2023	84.87	23117	569567
9366	12/25/2023	75.2	23308	569138
9367	9/16/2023	96.67	23636	568321
9368	10/10/2023	117.72	23617	568248
9369	3/2/2024	132.43	23530	568767
9370	11/14/2023	89.72	23254	569185
9371	3/15/2024	60.23	23199	570066
9372	7/15/2023	101.15	23282	568705
9373	12/13/2023	116.24	23588	568636
9374	3/30/2024	134.33	23140	568731
9375	8/6/2023	87.42	23645	568912
9376	2/4/2024	114.73	23616	568058
9377	7/3/2023	110.91	23221	570018
9378	2/14/2024	79.85	23196	569319
9379	1/27/2024	60.81	23594	570012
9380	8/18/2023	56.38	23234	568572
9381	9/21/2023	148.84	23653	570689
9382	6/4/2023	114.06	23102	567998
9383	2/20/2024	136.15	23542	570645
9384	9/12/2023	76.11	23635	569011
9385	10/2/2023	121.11	23531	569658
9386	9/19/2023	139.24	23480	568390
9387	8/28/2023	79.88	23145	569681
9388	2/8/2024	64.99	23643	570506
9389	9/26/2023	126.55	23540	570560
9390	1/8/2024	139.97	23335	570042
9391	2/17/2024	130.54	23594	568072
9392	8/11/2023	130.24	23491	570120
9393	5/25/2023	110	23459	570312
9394	3/21/2024	116.05	23690	568912
9395	10/14/2023	118.08	23201	567835
9396	11/18/2023	122.13	23536	570675
9397	1/27/2024	115.54	23238	570042
9398	6/8/2023	149.75	23361	569244
9399	2/19/2024	75.94	23589	568003
9400	6/6/2023	91.86	23339	567911
9401	3/12/2024	88.83	23186	570839
9402	7/15/2023	53.53	23391	569051
9403	10/2/2023	120.81	23657	569107
9404	2/1/2024	107.2	23519	569460
9405	2/8/2024	68.99	23364	569388
9406	4/20/2024	122.65	23294	568175
9407	4/7/2024	72.24	23106	570837
9408	6/11/2023	103.46	23108	568610
9409	11/8/2023	128.49	23692	570744
9410	6/22/2023	140.65	23636	570355
9411	8/1/2023	117.19	23221	570149
9412	10/28/2023	100.73	23633	567728
9413	3/26/2024	134.54	23108	570278
9414	3/17/2024	134.06	23485	570271
9415	8/8/2023	137.65	23311	569248
9416	4/24/2024	68.11	23424	567903
9417	6/2/2023	59.76	23519	568930
9418	11/8/2023	62.79	23471	569829
9419	5/20/2023	75.87	23210	567850
9420	3/16/2024	130.83	23259	568989
9421	11/28/2023	126.29	23537	569893
9422	6/26/2023	68.31	23700	569995
9423	11/11/2023	117.97	23360	568294
9424	6/13/2023	83.56	23368	569020
9425	5/26/2023	58.93	23649	569739
9426	3/6/2024	85.53	23534	570540
9427	10/19/2023	124.42	23679	568586
9428	1/6/2024	80.71	23475	568309
9429	11/16/2023	128.81	23383	567888
9430	6/14/2023	83.13	23507	570441
9431	1/12/2024	76.06	23309	570678
9432	8/26/2023	79.41	23524	569291
9433	6/2/2023	135.12	23666	569507
9434	5/10/2023	97.05	23671	570765
9435	11/29/2023	136.64	23595	570119
9436	2/17/2024	108.36	23284	570038
9437	6/9/2023	144.43	23480	569749
9438	7/9/2023	57.12	23673	568050
9439	8/19/2023	138.94	23669	568591
9440	11/7/2023	100.05	23596	569451
9441	10/15/2023	136.75	23360	568868
9442	7/13/2023	88.17	23415	569297
9443	5/28/2023	79.84	23692	568288
9444	7/16/2023	55.41	23453	568223
9445	11/6/2023	135.42	23508	569058
9446	3/18/2024	63.74	23242	568020
9447	5/6/2023	70.03	23222	569631
9448	2/13/2024	90.92	23336	570022
9449	6/10/2023	106.94	23558	570734
9450	2/8/2024	140.66	23266	567883
9451	10/16/2023	95.76	23203	569927
9452	8/24/2023	81.64	23320	569317
9453	1/30/2024	121.57	23621	568757
9454	1/20/2024	127.89	23511	568030
9455	11/29/2023	98.76	23447	569314
9456	10/22/2023	113.1	23664	569737
9457	9/12/2023	67.68	23154	569461
9458	12/22/2023	113.45	23265	570851
9459	1/25/2024	50.47	23499	570540
9460	7/9/2023	77.35	23106	568216
9461	8/19/2023	126.12	23194	570803
9462	10/17/2023	66.86	23249	568234
9463	11/18/2023	126.45	23583	569651
9464	11/27/2023	98.96	23546	569972
9465	3/27/2024	126.36	23191	568493
9466	9/16/2023	58.8	23166	569680
9467	8/22/2023	111.45	23370	569301
9468	1/29/2024	113.35	23328	570353
9469	7/8/2023	90.34	23480	570022
9470	7/10/2023	146.53	23182	568485
9471	7/27/2023	88.33	23139	569980
9472	6/26/2023	53.77	23494	570205
9473	5/13/2023	69.94	23511	570695
9474	8/12/2023	87.31	23634	569829
9475	10/15/2023	51.41	23394	568690
9476	11/3/2023	82.22	23159	568674
9477	5/20/2023	133.32	23280	567975
9478	9/9/2023	69.06	23607	568772
9479	9/17/2023	117.67	23550	570863
9480	10/1/2023	112.67	23111	569443
9481	6/13/2023	74.88	23307	569006
9482	5/1/2023	119.35	23631	570486
9483	11/21/2023	84.43	23393	570041
9484	6/3/2023	62.89	23300	568048
9485	11/26/2023	88.36	23135	568142
9486	8/19/2023	108.87	23623	570433
9487	9/14/2023	66.7	23629	569376
9488	11/22/2023	132.38	23338	569416
9489	9/20/2023	79.82	23274	569178
9490	10/22/2023	79.08	23137	569108
9491	5/16/2023	122.78	23469	568462
9492	3/19/2024	109.64	23345	568995
9493	9/12/2023	83.78	23101	569093
9494	10/17/2023	138.8	23262	570114
9495	4/30/2023	149.55	23189	570366
9496	10/5/2023	84.27	23383	567781
9497	5/3/2023	140.14	23510	570834
9498	6/6/2023	85.93	23462	568930
9499	10/26/2023	68.84	23505	568375
9500	8/28/2023	144.81	23516	569114
9501	7/31/2023	141.82	23306	570206
9502	1/14/2024	90.34	23631	569493
9503	3/20/2024	72.84	23116	570234
9504	10/11/2023	122.72	23171	568279
9505	3/1/2024	63.12	23193	569486
9506	10/31/2023	123.41	23663	567865
9507	6/23/2023	108.97	23392	568638
9508	12/28/2023	66.9	23673	568499
9509	1/7/2024	86.66	23697	570489
9510	4/1/2024	115.05	23457	569213
9511	9/3/2023	53.74	23456	568320
9512	11/3/2023	137.65	23384	570785
9513	11/29/2023	75.58	23332	570665
9514	6/14/2023	103.47	23300	568033
9515	9/27/2023	54.86	23566	568142
9516	8/9/2023	149.47	23514	570711
9517	5/25/2023	116.2	23689	567905
9518	7/5/2023	115.36	23105	568677
9519	2/9/2024	51.97	23368	570225
9520	9/11/2023	118.97	23280	568286
9521	11/14/2023	91.68	23517	568860
9522	3/14/2024	88.03	23619	567738
9523	3/8/2024	104.73	23210	569088
9524	3/9/2024	97.44	23673	570523
9525	9/20/2023	65.31	23175	568137
9526	12/22/2023	119.52	23616	568931
9527	7/31/2023	113.03	23402	569525
9528	10/12/2023	80.11	23449	569611
9529	8/18/2023	116.17	23220	567775
9530	9/21/2023	116.25	23626	569041
9531	5/24/2023	77	23364	568538
9532	5/15/2023	110.56	23651	570713
9533	7/3/2023	63.72	23689	569885
9534	6/22/2023	133.07	23357	568549
9535	8/22/2023	60.49	23554	568516
9536	5/6/2023	121.88	23487	569920
9537	3/14/2024	61.77	23677	569825
9538	4/3/2024	61.4	23596	570755
9539	5/14/2023	60.63	23350	568741
9540	5/16/2023	69.86	23448	569929
9541	3/26/2024	69.97	23570	569660
9542	4/2/2024	76.3	23572	570233
9543	9/6/2023	102.31	23129	570671
9544	8/15/2023	70.17	23594	568260
9545	7/24/2023	120.34	23220	570529
9546	1/28/2024	79.54	23365	570544
9547	10/3/2023	53.94	23170	570419
9548	10/12/2023	99.64	23492	567757
9549	6/6/2023	70.77	23326	569224
9550	10/3/2023	143.31	23336	570069
9551	7/25/2023	83.06	23424	570399
9552	1/17/2024	50.27	23523	569839
9553	3/27/2024	117.16	23462	567860
9554	3/9/2024	140.69	23629	568728
9555	4/25/2024	133.52	23649	568379
9556	11/9/2023	116.9	23110	567928
9557	5/8/2023	64.91	23370	568845
9558	2/21/2024	59.01	23355	568504
9559	9/1/2023	101.17	23395	570534
9560	8/31/2023	122.36	23196	570213
9561	2/20/2024	60.13	23509	568793
9562	7/15/2023	75.59	23451	567899
9563	8/8/2023	73.12	23178	569586
9564	11/7/2023	148.87	23668	570363
9565	2/29/2024	79.6	23283	567716
9566	11/6/2023	96.43	23588	567954
9567	2/12/2024	59.98	23422	569273
9568	10/4/2023	67.47	23463	570386
9569	4/1/2024	53.94	23324	568793
9570	1/18/2024	79.06	23688	570397
9571	4/21/2024	130.16	23376	570385
9572	3/30/2024	81.27	23288	569157
9573	4/1/2024	123.85	23295	568123
9574	4/20/2024	59.5	23611	567760
9575	12/2/2023	125.82	23305	568880
9576	4/5/2024	54.59	23341	570341
9577	11/1/2023	135.2	23348	569265
9578	6/9/2023	116.34	23372	568628
9579	9/11/2023	67.05	23312	569241
9580	8/1/2023	85.75	23335	569764
9581	4/8/2024	93.77	23308	570588
9582	5/5/2023	112.18	23356	568089
9583	5/14/2023	137.85	23465	568974
9584	1/22/2024	59.3	23260	569667
9585	3/21/2024	131.5	23210	570127
9586	10/19/2023	68.29	23223	569859
9587	4/30/2023	90.08	23181	568042
9588	6/29/2023	146.23	23605	568445
9589	10/23/2023	77.18	23107	568496
9590	7/15/2023	88.57	23655	569732
9591	9/26/2023	135.07	23144	569557
9592	1/23/2024	129.99	23594	569978
9593	2/14/2024	114.88	23481	570600
9594	8/25/2023	129.69	23423	567770
9595	7/28/2023	61.31	23605	567844
9596	9/17/2023	119.62	23689	568695
9597	7/30/2023	55.86	23382	569850
9598	4/6/2024	144.25	23603	568930
9599	12/24/2023	65.94	23288	569048
9600	12/11/2023	91.6	23624	569688
9601	9/10/2023	109.08	23387	569293
9602	7/19/2023	130.23	23508	570731
9603	8/30/2023	117.84	23328	568325
9604	1/2/2024	68.13	23691	567757
9605	8/31/2023	87.98	23232	569102
9606	10/8/2023	85.86	23156	570484
9607	10/10/2023	52.88	23639	569123
9608	8/22/2023	118.45	23534	569137
9609	6/26/2023	133.85	23590	570242
9610	7/27/2023	147.34	23654	568920
9611	2/3/2024	63.07	23134	568649
9612	10/4/2023	142.04	23615	569735
9613	3/22/2024	61.29	23456	568811
9614	1/21/2024	91.13	23504	567935
9615	12/16/2023	54.6	23279	570245
9616	6/2/2023	76.16	23569	568737
9617	10/30/2023	81.42	23224	569267
9618	10/21/2023	120.46	23631	567802
9619	5/30/2023	117.79	23572	569955
9620	6/2/2023	126.75	23424	568829
9621	12/12/2023	107.66	23109	568605
9622	7/8/2023	106.5	23113	568303
9623	12/11/2023	147.79	23316	569081
9624	3/13/2024	116.98	23489	569291
9625	9/1/2023	83.83	23695	570372
9626	9/18/2023	102.31	23204	568244
9627	6/24/2023	120.06	23434	568041
9628	3/9/2024	59.52	23471	570671
9629	9/14/2023	116.17	23366	569247
9630	4/19/2024	74.86	23292	569814
9631	12/14/2023	84.57	23662	570459
9632	10/31/2023	117.63	23370	570190
9633	10/6/2023	88.49	23343	570244
9634	9/10/2023	133.9	23376	570493
9635	12/31/2023	105.83	23583	568613
9636	9/1/2023	148.78	23452	569391
9637	9/14/2023	55.46	23475	568666
9638	3/16/2024	114.34	23289	570028
9639	4/6/2024	65.69	23611	568307
9640	4/24/2024	134.88	23535	569428
9641	3/29/2024	135.19	23316	568961
9642	12/3/2023	136.94	23530	570161
9643	6/6/2023	57.49	23482	569030
9644	2/5/2024	99.16	23474	569521
9645	11/15/2023	74.09	23511	569902
9646	8/31/2023	147.01	23387	568221
9647	9/22/2023	55.04	23562	568528
9648	9/25/2023	72.27	23285	570354
9649	1/30/2024	114.33	23686	568249
9650	12/6/2023	90.33	23235	570061
9651	10/30/2023	73.5	23690	569899
9652	6/12/2023	95.91	23335	570483
9653	10/22/2023	130.13	23203	568510
9654	6/10/2023	94.81	23377	568247
9655	12/26/2023	135.66	23342	568947
9656	12/26/2023	94.71	23669	570502
9657	4/2/2024	61.87	23543	570570
9658	12/9/2023	99.74	23491	569827
9659	7/15/2023	115.34	23301	568235
9660	6/15/2023	60.26	23250	569443
9661	3/26/2024	91.23	23254	570836
9662	9/12/2023	105.71	23585	568276
9663	6/3/2023	50.02	23110	570369
9664	6/23/2023	59.09	23281	569995
9665	10/12/2023	110.42	23532	568329
9666	7/11/2023	111.91	23612	568982
9667	6/9/2023	80.46	23238	567959
9668	12/6/2023	100.83	23630	569964
9669	12/11/2023	70.69	23647	569865
9670	6/29/2023	117.15	23424	570628
9671	6/8/2023	145.04	23599	568166
9672	1/3/2024	86.33	23408	568436
9673	1/16/2024	55.43	23357	568982
9674	6/26/2023	72.29	23676	568278
9675	5/23/2023	95.45	23682	570660
9676	10/22/2023	106.02	23149	567802
9677	4/18/2024	111.98	23508	570817
9678	3/10/2024	97.31	23202	568987
9679	7/1/2023	115.72	23268	569377
9680	9/9/2023	121.59	23162	569366
9681	3/28/2024	61.4	23321	568924
9682	4/11/2024	125.93	23361	569496
9683	7/28/2023	72.17	23588	570736
9684	12/25/2023	84.14	23199	570290
9685	2/1/2024	132.99	23561	570706
9686	9/20/2023	146.44	23443	568803
9687	2/23/2024	79.2	23367	568304
9688	7/31/2023	102.2	23470	568451
9689	3/28/2024	120.21	23469	568119
9690	8/31/2023	54.58	23674	568220
9691	11/18/2023	66.42	23671	568438
9692	5/13/2023	64.04	23364	567789
9693	4/10/2024	121.69	23453	570804
9694	6/23/2023	122.16	23121	570188
9695	8/14/2023	60.7	23522	570209
9696	8/4/2023	111.09	23225	568775
9697	1/4/2024	68.75	23460	570162
9698	3/13/2024	143.02	23304	570004
9699	8/16/2023	89.29	23691	570190
9700	9/26/2023	95.7	23690	568627
9701	5/28/2023	128.14	23652	570124
9702	2/10/2024	121.68	23279	568633
9703	8/4/2023	60.78	23392	568627
9704	7/13/2023	91.45	23464	570497
9705	9/22/2023	142.66	23433	567788
9706	12/23/2023	133.75	23623	569153
9707	4/30/2023	108.88	23600	568007
9708	5/29/2023	127.21	23558	570500
9709	7/9/2023	95.05	23181	569634
9710	10/3/2023	115.85	23491	568231
9711	12/27/2023	145.62	23394	569739
9712	10/10/2023	63.46	23575	570158
9713	2/10/2024	99.88	23249	569602
9714	11/26/2023	103.04	23272	570598
9715	3/9/2024	54.86	23446	570342
9716	6/22/2023	143.53	23532	569213
9717	1/19/2024	133.88	23686	568435
9718	4/11/2024	98.29	23515	569269
9719	11/6/2023	100.83	23174	569694
9720	6/30/2023	142.12	23182	569622
9721	6/18/2023	67.72	23266	568245
9722	11/19/2023	107.86	23452	568352
9723	6/7/2023	123.05	23334	568473
9724	8/30/2023	62.84	23422	568608
9725	1/29/2024	88.74	23425	567814
9726	5/30/2023	110.05	23399	569355
9727	2/7/2024	138.27	23374	570813
9728	12/31/2023	100.41	23505	567743
9729	6/11/2023	88.47	23378	568787
9730	1/10/2024	147.95	23556	569373
9731	9/21/2023	141.59	23472	568593
9732	7/24/2023	126.24	23634	570722
9733	10/18/2023	77.36	23562	570431
9734	4/23/2024	146.36	23524	568512
9735	5/17/2023	147.05	23272	570785
9736	11/10/2023	95.28	23289	568519
9737	12/23/2023	63.34	23124	567952
9738	1/6/2024	91.27	23229	568407
9739	6/18/2023	120	23341	569481
9740	10/11/2023	124.84	23358	570209
9741	3/24/2024	79.89	23182	569688
9742	3/7/2024	120.15	23316	570499
9743	3/1/2024	136.07	23271	569012
9744	4/23/2024	121.19	23507	569556
9745	3/17/2024	143.55	23206	568692
9746	11/9/2023	113.26	23198	569433
9747	12/21/2023	70.09	23166	569340
9748	1/22/2024	112.42	23585	570861
9749	7/31/2023	79.06	23662	567853
9750	8/3/2023	84.53	23156	570172
9751	6/25/2023	117.24	23127	570693
9752	12/4/2023	148.13	23507	569240
9753	11/14/2023	115.01	23637	570631
9754	7/31/2023	145.83	23186	568963
9755	6/25/2023	100.39	23207	569296
9756	1/5/2024	119.43	23369	570186
9757	9/10/2023	82.24	23260	570723
9758	12/18/2023	61.54	23187	570024
9759	1/18/2024	85.22	23500	570114
9760	7/15/2023	98.04	23417	569878
9761	6/25/2023	107.06	23335	569833
9762	12/19/2023	116.72	23354	570309
9763	7/11/2023	91.75	23391	570566
9764	3/26/2024	124.79	23554	567839
9765	8/6/2023	134.14	23230	569814
9766	6/23/2023	78.59	23235	568129
9767	3/16/2024	134.73	23640	569531
9768	8/29/2023	130.83	23275	569553
9769	6/10/2023	102.27	23130	567855
9770	12/18/2023	52.53	23136	568688
9771	3/31/2024	64.53	23466	569806
9772	2/8/2024	117.03	23434	569885
9773	3/7/2024	69.99	23588	569302
9774	12/11/2023	125.02	23579	570693
9775	3/6/2024	66.09	23654	567842
9776	4/26/2024	78.66	23379	569966
9777	11/18/2023	75.06	23662	569268
9778	5/10/2023	133.94	23556	569796
9779	12/26/2023	119.06	23239	570816
9780	2/1/2024	79.51	23653	570265
9781	1/7/2024	125.36	23282	567883
9782	10/24/2023	53.23	23568	568459
9783	7/26/2023	131.4	23678	568874
9784	5/11/2023	60.25	23546	569482
9785	10/9/2023	136.8	23637	569312
9786	5/11/2023	123.95	23647	568929
9787	7/15/2023	136.48	23418	570850
9788	8/15/2023	124.24	23456	568853
9789	7/28/2023	106.13	23594	569571
9790	2/10/2024	73.76	23653	568363
9791	9/29/2023	128.43	23333	569412
9792	2/29/2024	129.88	23192	568887
9793	10/27/2023	78.76	23553	570193
9794	10/8/2023	116.45	23416	567905
9795	4/24/2024	142.65	23475	570508
9796	4/5/2024	88.76	23523	569799
9797	10/16/2023	145.67	23367	568264
9798	8/8/2023	147.58	23260	569580
9799	7/17/2023	81.27	23411	570328
9800	6/18/2023	105.21	23111	569532
9801	7/17/2023	51.3	23101	568052
9802	10/31/2023	75.13	23636	570641
9803	7/10/2023	112.06	23240	569732
9804	8/14/2023	128.09	23453	568145
9805	4/25/2024	137.01	23394	568418
9806	1/22/2024	133	23581	570079
9807	9/2/2023	141.15	23648	570533
9808	2/29/2024	120.46	23109	569920
9809	5/9/2023	114.76	23604	568236
9810	10/22/2023	125.51	23589	569292
9811	5/25/2023	104.66	23407	569375
9812	10/31/2023	110.34	23110	569006
9813	8/12/2023	127.61	23541	569528
9814	5/4/2023	146.43	23400	567784
9815	12/20/2023	79.42	23337	568414
9816	6/1/2023	67.74	23108	569540
9817	1/3/2024	118.27	23662	570099
9818	11/25/2023	68.7	23483	570600
9819	1/2/2024	67.38	23294	568509
9820	1/31/2024	101.38	23522	569544
9821	1/29/2024	87.72	23675	568051
9822	10/11/2023	92.85	23548	568706
9823	8/10/2023	105.66	23505	569009
9824	5/29/2023	63.01	23356	570515
9825	9/18/2023	108.4	23268	570338
9826	4/18/2024	75.5	23500	570596
9827	4/29/2024	83.06	23488	568353
9828	4/21/2024	120.97	23326	570624
9829	8/28/2023	65.48	23370	570685
9830	11/13/2023	65.37	23182	568188
9831	6/18/2023	82.26	23533	568055
9832	1/18/2024	55.09	23346	568149
9833	2/9/2024	143.24	23630	570574
9834	9/14/2023	111.56	23379	569522
9835	7/25/2023	116.19	23392	570279
9836	1/11/2024	99.06	23645	569168
9837	7/9/2023	107.27	23376	568031
9838	2/16/2024	85.81	23523	569827
9839	12/3/2023	128.4	23293	570579
9840	4/17/2024	81.79	23171	569255
9841	11/26/2023	72	23287	570659
9842	5/18/2023	68.39	23240	569777
9843	5/10/2023	56.82	23397	570189
9844	7/24/2023	100.51	23214	568336
9845	10/2/2023	91.59	23567	569233
9846	3/30/2024	103.7	23564	569936
9847	1/25/2024	59.19	23379	569240
9848	8/23/2023	72.12	23604	567861
9849	4/12/2024	71.34	23293	570828
9850	2/11/2024	83.19	23429	568381
9851	7/8/2023	86.08	23120	569054
9852	1/12/2024	71.84	23256	569998
9853	11/11/2023	125.27	23151	570383
9854	4/28/2024	103.05	23648	568296
9855	2/13/2024	149.66	23123	568346
9856	8/26/2023	132.37	23291	568274
9857	7/29/2023	148.11	23205	568414
9858	9/27/2023	50.88	23389	570832
9859	12/29/2023	116.89	23376	570598
9860	12/5/2023	94.57	23229	567892
9861	3/16/2024	140.45	23549	569400
9862	1/28/2024	111.37	23109	568943
9863	4/30/2023	112.11	23339	568949
9864	9/17/2023	145.89	23193	570672
9865	6/21/2023	118.26	23255	570830
9866	8/19/2023	82.09	23116	569509
9867	7/15/2023	141.59	23606	568864
9868	1/6/2024	144.5	23323	570247
9869	4/22/2024	88.59	23451	568422
9870	6/14/2023	104.02	23531	568163
9871	4/21/2024	78.28	23420	568220
9872	11/13/2023	141.13	23611	568512
9873	3/10/2024	132.21	23481	567696
9874	9/15/2023	87.5	23575	570232
9875	10/26/2023	130.28	23133	570817
9876	1/22/2024	94.56	23439	568718
9877	7/28/2023	54.39	23183	567732
9878	7/21/2023	139.83	23250	569560
9879	5/6/2023	69.25	23158	569720
9880	2/25/2024	101.39	23373	569724
9881	8/24/2023	144.82	23502	569908
9882	1/4/2024	66.74	23174	567705
9883	9/8/2023	145.63	23657	570172
9884	8/9/2023	103.8	23582	569703
9885	7/8/2023	50.73	23286	568656
9886	9/13/2023	56.55	23297	568570
9887	5/15/2023	117.03	23357	570093
9888	10/10/2023	127.36	23491	570383
9889	5/26/2023	136.5	23113	569630
9890	8/14/2023	92.42	23225	569540
9891	2/5/2024	60.39	23355	569361
9892	9/24/2023	103.78	23495	569491
9893	1/20/2024	120.27	23554	568007
9894	1/15/2024	147.62	23354	570144
9895	3/18/2024	127.52	23135	570140
9896	3/16/2024	114.66	23304	567708
9897	12/17/2023	143.98	23572	568684
9898	11/12/2023	124.69	23197	569923
9899	10/1/2023	65.38	23634	568821
9900	3/16/2024	95.92	23314	570220
9901	4/28/2024	83.17	23585	570256
9902	10/15/2023	58.75	23499	569965
9903	5/14/2023	55.43	23420	568532
9904	1/30/2024	129.42	23431	567882
9905	11/1/2023	105.81	23263	568439
9906	6/15/2023	107.5	23144	568289
9907	3/24/2024	72.76	23663	567907
9908	9/19/2023	75.86	23634	570357
9909	1/5/2024	88.8	23226	569111
9910	1/25/2024	113.02	23360	567832
9911	7/13/2023	93.3	23593	568277
9912	11/23/2023	51.69	23406	567814
9913	8/23/2023	117.33	23304	570414
9914	7/11/2023	103.48	23470	570049
9915	8/11/2023	114.14	23154	570153
9916	9/11/2023	111.83	23324	568904
9917	3/26/2024	125.6	23216	569038
9918	2/1/2024	108.56	23342	568041
9919	10/15/2023	120.09	23545	567882
9920	10/19/2023	57.26	23433	568128
9921	1/5/2024	142.8	23116	569389
9922	11/9/2023	60.61	23272	568412
9923	1/16/2024	128.69	23383	568342
9924	5/19/2023	80.14	23699	570434
9925	11/13/2023	58.65	23223	568846
9926	6/1/2023	126.53	23506	570185
9927	7/26/2023	93.77	23349	570389
9928	9/19/2023	89.51	23110	570514
9929	1/11/2024	116.07	23144	570548
9930	6/3/2023	97.4	23696	570118
9931	12/3/2023	103.35	23587	570026
9932	8/8/2023	63.64	23259	569984
9933	4/12/2024	89.1	23481	568408
9934	3/16/2024	129.75	23192	569547
9935	3/8/2024	104.57	23355	570751
9936	4/7/2024	146.01	23262	570053
9937	1/20/2024	64.41	23612	569157
9938	7/26/2023	117.73	23194	567828
9939	11/28/2023	141.42	23447	568063
9940	2/13/2024	129.5	23162	570829
9941	3/20/2024	122.93	23162	568907
9942	1/8/2024	87.31	23465	569004
9943	7/17/2023	144.95	23258	569191
9944	5/31/2023	105.35	23650	569234
9945	9/23/2023	105.51	23210	567959
9946	7/31/2023	62.32	23229	570788
9947	9/20/2023	50.5	23600	569432
9948	3/11/2024	109.67	23339	569936
9949	5/12/2023	103.72	23425	567947
9950	11/23/2023	144.7	23672	568881
9951	11/24/2023	80.47	23456	569610
9952	12/1/2023	124.83	23550	568233
9953	7/5/2023	140.35	23298	568181
9954	5/14/2023	84.39	23122	570527
9955	6/3/2023	91.27	23487	568806
9956	1/9/2024	114.59	23467	569030
9957	7/16/2023	101.26	23238	569840
9958	5/13/2023	66.1	23357	569376
9959	6/11/2023	72.08	23141	569830
9960	8/26/2023	133.47	23597	568541
9961	8/31/2023	69.43	23549	570532
9962	6/26/2023	68.14	23673	568538
9963	10/28/2023	129.97	23402	570188
9964	3/8/2024	135.23	23656	567920
9965	9/22/2023	135.14	23602	568129
9966	12/11/2023	143.24	23295	570022
9967	12/7/2023	149.43	23681	570670
9968	7/4/2023	96.13	23292	570258
9969	1/11/2024	104.97	23657	569848
9970	4/27/2024	79.07	23457	568041
9971	12/28/2023	56.74	23432	569663
9972	3/31/2024	59.82	23580	570647
9973	11/14/2023	122.56	23382	570502
9974	7/24/2023	98.72	23668	570159
9975	2/14/2024	83.09	23265	570577
9976	8/28/2023	62.82	23171	568858
9977	4/3/2024	115.55	23644	569431
9978	7/6/2023	60	23259	570175
9979	6/22/2023	111.95	23561	568978
9980	11/26/2023	140.01	23403	568745
9981	6/22/2023	81.78	23370	569834
9982	4/28/2024	95.06	23655	570037
9983	6/30/2023	111.63	23476	570234
9984	6/17/2023	80.57	23565	569131
\.


--
-- Name: comics_character_table comics_character_table_pkey; Type: CONSTRAINT; Schema: public; Owner: postgres
--

ALTER TABLE ONLY public.comics_character_table
    ADD CONSTRAINT comics_character_table_pkey PRIMARY KEY (character_id);


--
-- Name: comics_issue_table comics_issue_table_pkey; Type: CONSTRAINT; Schema: public; Owner: postgres
--

ALTER TABLE ONLY public.comics_issue_table
    ADD CONSTRAINT comics_issue_table_pkey PRIMARY KEY (issue_id);


--
-- Name: comics_series_table comics_series_table_pkey; Type: CONSTRAINT; Schema: public; Owner: postgres
--

ALTER TABLE ONLY public.comics_series_table
    ADD CONSTRAINT comics_series_table_pkey PRIMARY KEY (title_id);


--
-- Name: contributor_table contributor_table_pkey; Type: CONSTRAINT; Schema: public; Owner: postgres
--

ALTER TABLE ONLY public.contributor_table
    ADD CONSTRAINT contributor_table_pkey PRIMARY KEY (contributer_id);


--
-- Name: creators_table creators_table_pkey; Type: CONSTRAINT; Schema: public; Owner: postgres
--

ALTER TABLE ONLY public.creators_table
    ADD CONSTRAINT creators_table_pkey PRIMARY KEY (creator_id);


--
-- Name: customers_table customers_table_pkey; Type: CONSTRAINT; Schema: public; Owner: postgres
--

ALTER TABLE ONLY public.customers_table
    ADD CONSTRAINT customers_table_pkey PRIMARY KEY (customer_id);


--
-- Name: genre_table genre_table_pkey; Type: CONSTRAINT; Schema: public; Owner: postgres
--

ALTER TABLE ONLY public.genre_table
    ADD CONSTRAINT genre_table_pkey PRIMARY KEY (genre_id);


--
-- Name: publisher_table publisher_table_pkey; Type: CONSTRAINT; Schema: public; Owner: postgres
--

ALTER TABLE ONLY public.publisher_table
    ADD CONSTRAINT publisher_table_pkey PRIMARY KEY (pub_id);


--
-- Name: rating_table rating_table_pkey; Type: CONSTRAINT; Schema: public; Owner: postgres
--

ALTER TABLE ONLY public.rating_table
    ADD CONSTRAINT rating_table_pkey PRIMARY KEY (rating_id);


--
-- Name: sales_table sales_table_pkey; Type: CONSTRAINT; Schema: public; Owner: postgres
--

ALTER TABLE ONLY public.sales_table
    ADD CONSTRAINT sales_table_pkey PRIMARY KEY (sales_id);


--
-- Name: idx_character_id; Type: INDEX; Schema: public; Owner: postgres
--

CREATE INDEX idx_character_id ON public.comics_character_table USING btree (character_id);


--
-- Name: idx_comics_character_characterid; Type: INDEX; Schema: public; Owner: postgres
--

CREATE INDEX idx_comics_character_characterid ON public.comics_character_table USING btree (character_id);


--
-- Name: idx_comics_issue_currentvalue; Type: INDEX; Schema: public; Owner: postgres
--

CREATE INDEX idx_comics_issue_currentvalue ON public.comics_issue_table USING btree (current_value);


--
-- Name: idx_comics_issue_titleid; Type: INDEX; Schema: public; Owner: postgres
--

CREATE INDEX idx_comics_issue_titleid ON public.comics_issue_table USING btree (title_id);


--
-- Name: idx_comics_series_characterid; Type: INDEX; Schema: public; Owner: postgres
--

CREATE INDEX idx_comics_series_characterid ON public.comics_series_table USING btree (character_id);


--
-- Name: idx_comics_series_pubid; Type: INDEX; Schema: public; Owner: postgres
--

CREATE INDEX idx_comics_series_pubid ON public.comics_series_table USING btree (pub_id);


--
-- Name: idx_comics_series_pubid_titleid_volume; Type: INDEX; Schema: public; Owner: postgres
--

CREATE INDEX idx_comics_series_pubid_titleid_volume ON public.comics_series_table USING btree (pub_id, title_id, volume);


--
-- Name: idx_comics_series_titleid; Type: INDEX; Schema: public; Owner: postgres
--

CREATE INDEX idx_comics_series_titleid ON public.comics_series_table USING btree (title_id);


--
-- Name: idx_comics_series_volume_preview_coverdate; Type: INDEX; Schema: public; Owner: postgres
--

CREATE INDEX idx_comics_series_volume_preview_coverdate ON public.comics_series_table USING btree (volume, preview, cover_date);


--
-- Name: idx_issue_current_value; Type: INDEX; Schema: public; Owner: postgres
--

CREATE INDEX idx_issue_current_value ON public.comics_issue_table USING btree (current_value);


--
-- Name: idx_issue_title_id; Type: INDEX; Schema: public; Owner: postgres
--

CREATE INDEX idx_issue_title_id ON public.comics_issue_table USING btree (title_id);


--
-- Name: idx_pub_id_on_series; Type: INDEX; Schema: public; Owner: postgres
--

CREATE INDEX idx_pub_id_on_series ON public.comics_series_table USING btree (pub_id);


--
-- Name: idx_pub_name; Type: INDEX; Schema: public; Owner: postgres
--

CREATE INDEX idx_pub_name ON public.publisher_table USING btree (pub_name);


--
-- Name: idx_publisher_id; Type: INDEX; Schema: public; Owner: postgres
--

CREATE INDEX idx_publisher_id ON public.publisher_table USING btree (pub_id);


--
-- Name: idx_publisher_id_2; Type: INDEX; Schema: public; Owner: postgres
--

CREATE INDEX idx_publisher_id_2 ON public.publisher_table USING btree (pub_id);


--
-- Name: idx_publisher_id_3; Type: INDEX; Schema: public; Owner: postgres
--

CREATE INDEX idx_publisher_id_3 ON public.publisher_table USING btree (pub_id);


--
-- Name: idx_publisher_pubid; Type: INDEX; Schema: public; Owner: postgres
--

CREATE INDEX idx_publisher_pubid ON public.publisher_table USING btree (pub_id);


--
-- Name: idx_publisher_pubname; Type: INDEX; Schema: public; Owner: postgres
--

CREATE INDEX idx_publisher_pubname ON public.publisher_table USING btree (pub_name);


--
-- Name: idx_rating; Type: INDEX; Schema: public; Owner: postgres
--

CREATE INDEX idx_rating ON public.rating_table USING btree (rating);


--
-- Name: idx_rating_2; Type: INDEX; Schema: public; Owner: postgres
--

CREATE INDEX idx_rating_2 ON public.rating_table USING btree (rating);


--
-- Name: idx_rating_title_id; Type: INDEX; Schema: public; Owner: postgres
--

CREATE INDEX idx_rating_title_id ON public.rating_table USING btree (title_id);


--
-- Name: idx_rating_title_id_2; Type: INDEX; Schema: public; Owner: postgres
--

CREATE INDEX idx_rating_title_id_2 ON public.rating_table USING btree (title_id);


--
-- Name: idx_rating_titleid_rating; Type: INDEX; Schema: public; Owner: postgres
--

CREATE INDEX idx_rating_titleid_rating ON public.rating_table USING btree (title_id, rating);


--
-- Name: idx_sales_title_id_sale_date; Type: INDEX; Schema: public; Owner: postgres
--

CREATE INDEX idx_sales_title_id_sale_date ON public.sales_table USING btree (title_id, sale_date);


--
-- Name: idx_series_pub_id_2; Type: INDEX; Schema: public; Owner: postgres
--

CREATE INDEX idx_series_pub_id_2 ON public.comics_series_table USING btree (pub_id);


--
-- Name: idx_series_publisher_id; Type: INDEX; Schema: public; Owner: postgres
--

CREATE INDEX idx_series_publisher_id ON public.comics_series_table USING btree (pub_id);


--
-- Name: idx_series_volume_preview_cover_date; Type: INDEX; Schema: public; Owner: postgres
--

CREATE INDEX idx_series_volume_preview_cover_date ON public.comics_series_table USING btree (volume, preview, cover_date);


--
-- Name: comics_issue_table comics_issue_table_title_id_fkey; Type: FK CONSTRAINT; Schema: public; Owner: postgres
--

ALTER TABLE ONLY public.comics_issue_table
    ADD CONSTRAINT comics_issue_table_title_id_fkey FOREIGN KEY (title_id) REFERENCES public.comics_series_table(title_id);


--
-- Name: comics_series_table comics_series_table_character_id_fkey; Type: FK CONSTRAINT; Schema: public; Owner: postgres
--

ALTER TABLE ONLY public.comics_series_table
    ADD CONSTRAINT comics_series_table_character_id_fkey FOREIGN KEY (character_id) REFERENCES public.comics_character_table(character_id);


--
-- Name: comics_series_table comics_series_table_contributer_id_fkey; Type: FK CONSTRAINT; Schema: public; Owner: postgres
--

ALTER TABLE ONLY public.comics_series_table
    ADD CONSTRAINT comics_series_table_contributer_id_fkey FOREIGN KEY (contributer_id) REFERENCES public.contributor_table(contributer_id);


--
-- Name: comics_series_table comics_series_table_creater_id_fkey; Type: FK CONSTRAINT; Schema: public; Owner: postgres
--

ALTER TABLE ONLY public.comics_series_table
    ADD CONSTRAINT comics_series_table_creater_id_fkey FOREIGN KEY (creater_id) REFERENCES public.creators_table(creator_id);


--
-- Name: comics_series_table comics_series_table_genre_id_fkey; Type: FK CONSTRAINT; Schema: public; Owner: postgres
--

ALTER TABLE ONLY public.comics_series_table
    ADD CONSTRAINT comics_series_table_genre_id_fkey FOREIGN KEY (genre_id) REFERENCES public.genre_table(genre_id);


--
-- Name: comics_series_table comics_series_table_pub_id_fkey; Type: FK CONSTRAINT; Schema: public; Owner: postgres
--

ALTER TABLE ONLY public.comics_series_table
    ADD CONSTRAINT comics_series_table_pub_id_fkey FOREIGN KEY (pub_id) REFERENCES public.publisher_table(pub_id);


--
-- Name: rating_table rating_table_customer_id_fkey; Type: FK CONSTRAINT; Schema: public; Owner: postgres
--

ALTER TABLE ONLY public.rating_table
    ADD CONSTRAINT rating_table_customer_id_fkey FOREIGN KEY (customer_id) REFERENCES public.customers_table(customer_id);


--
-- Name: rating_table rating_table_title_id_fkey; Type: FK CONSTRAINT; Schema: public; Owner: postgres
--

ALTER TABLE ONLY public.rating_table
    ADD CONSTRAINT rating_table_title_id_fkey FOREIGN KEY (title_id) REFERENCES public.comics_series_table(title_id);


--
-- Name: sales_table sales_table_customer_id_fkey; Type: FK CONSTRAINT; Schema: public; Owner: postgres
--

ALTER TABLE ONLY public.sales_table
    ADD CONSTRAINT sales_table_customer_id_fkey FOREIGN KEY (customer_id) REFERENCES public.customers_table(customer_id);


--
-- Name: sales_table sales_table_title_id_fkey; Type: FK CONSTRAINT; Schema: public; Owner: postgres
--

ALTER TABLE ONLY public.sales_table
    ADD CONSTRAINT sales_table_title_id_fkey FOREIGN KEY (title_id) REFERENCES public.comics_series_table(title_id);


--
-- PostgreSQL database dump complete
--

