issue_ID,current_value,searched,variant,issues_total,issue_date,title_ID
310501,3,1259,FALSE,15,8/18/2004,570301
310502,3,182,FALSE,15,5/18/1991,568138
310503,3,190,FALSE,15,6/1/1993,567784
310504,4,670,FALSE,15,3/12/2001,570719
310505,3,413,FALSE,15,5/6/2010,568808
310506,3,348,FALSE,15,8/16/1990,568685
310507,3,270,FALSE,15,8/22/2009,568596
310508,3,194,FALSE,15,6/24/1999,568253
310509,3,236,FALSE,15,5/5/2010,570698
310510,3,197,FALSE,15,12/5/2007,568101
310511,3,175,FALSE,15,3/15/1997,570453
310512,3,140,FALSE,15,4/25/2007,570715
310513,4,122,FALSE,1,8/22/2004,569915
310514,10,33,FALSE,2,11/21/1990,568038
310515,10,36,TRUE,2,5/4/2008,570100
310516,20,3553,FALSE,14,9/4/1993,569410
310517,10,2100,FALSE,14,7/8/1992,567812
310518,10,1711,FALSE,14,7/7/2000,567804
310519,14,2230,FALSE,14,6/5/1999,568065
310520,40,3948,FALSE,14,2/1/2003,568577
310521,14,2437,FALSE,14,9/3/2005,568634
310522,14,2477,FALSE,14,10/7/2002,569751
310523,10,2160,FALSE,14,11/18/2002,570147
310524,26,4218,FALSE,14,8/11/1994,567790
310525,20,2560,FALSE,14,5/17/2007,569980
310526,20,2557,FALSE,14,3/20/1990,568496
310527,75,5822,FALSE,14,2/8/2000,570614
310528,20,2612,FALSE,14,7/5/2003,570343
310529,1600,1312,FALSE,2,12/11/1991,570554
310530,450,3103,FALSE,2,2/14/1994,569914
310531,4,7258,FALSE,59,7/25/1991,569400
310532,35,252,FALSE,2,3/16/2010,568584
310533,3,1140,FALSE,59,4/25/1990,569521
310534,10,8801,FALSE,59,7/14/1997,570095
310535,8,2177,FALSE,59,5/7/2006,568821
310536,3,673,FALSE,59,7/30/1997,567708
310537,3,638,FALSE,59,9/22/1991,570790
310538,3,692,FALSE,59,5/28/2010,568335
310539,3,621,FALSE,59,10/10/1998,570541
310540,3,796,FALSE,59,7/6/2006,569413
310541,3,572,FALSE,59,9/18/1993,569075
310542,3,551,FALSE,59,1/21/1995,568820
310543,10,3232,TRUE,59,12/28/1993,568318
310544,10,3530,TRUE,59,11/10/1998,568563
310545,3,1527,FALSE,59,6/11/2003,570809
310546,35,211,FALSE,2,1/27/1990,569060
310547,3,597,FALSE,59,2/1/2004,568100
310548,3,605,FALSE,59,5/28/2005,568061
310549,3,492,FALSE,59,5/3/2000,569238
310550,3,702,FALSE,59,7/16/2004,568078
310551,3,509,FALSE,59,4/6/1995,569152
310552,3,502,FALSE,59,8/29/2005,569090
310553,3,524,FALSE,59,8/30/2007,570154
310554,3,463,FALSE,59,2/27/2009,568765
310555,3,449,FALSE,59,5/31/2003,567859
310556,3,423,FALSE,59,9/7/1993,570670
310557,3,1313,FALSE,59,1/17/1997,569563
310558,3,524,FALSE,59,2/27/2003,569878
310559,3,469,FALSE,59,3/16/2000,568193
310560,3,549,FALSE,59,12/7/2010,569232
310561,3,572,FALSE,59,4/13/1997,568004
310562,3,493,FALSE,59,4/13/2010,569943
310563,3,479,FALSE,59,3/11/2010,568882
310564,3,509,FALSE,59,12/18/1992,570256
310565,3,410,FALSE,59,8/18/1995,570215
310566,3,457,FALSE,59,2/2/1994,569163
310567,3,460,FALSE,59,7/5/2005,570046
310568,3,1038,FALSE,59,12/13/2009,568469
310569,3,453,FALSE,59,1/4/1992,570567
310570,3,429,FALSE,59,12/31/1991,567966
310571,3,519,FALSE,59,9/26/1992,567869
310572,3,438,FALSE,59,6/17/2009,570390
310573,3,450,FALSE,59,9/5/1995,568615
310574,3,532,FALSE,59,12/2/1997,570848
310575,3,487,FALSE,59,4/2/2003,568867
310576,3,542,FALSE,59,2/11/1995,568008
310577,4,1018,FALSE,59,4/1/1998,568635
310578,3,537,FALSE,59,5/17/2000,568095
310579,3,935,FALSE,59,12/28/1991,569238
310580,3,611,FALSE,59,8/5/1993,568820
310581,3,695,FALSE,59,10/4/2000,569539
310582,3,3071,FALSE,59,11/30/2008,570285
310583,16,4109,TRUE,59,2/21/1998,569176
310584,3,1408,FALSE,59,3/5/1990,568348
310585,6,6539,FALSE,59,7/1/2008,569198
310586,3,1306,FALSE,59,8/26/2003,569137
310587,3,2492,FALSE,59,2/23/1999,568540
310588,3,446,FALSE,5,12/3/1991,570427
310589,3,484,FALSE,5,10/22/2000,568775
310590,3,505,FALSE,5,10/24/2005,570556
310591,3,458,FALSE,5,9/12/2005,570481
310592,150,221,FALSE,1,4/26/2008,570336
310593,3,479,FALSE,7,1/12/1999,567974
310594,3,317,FALSE,7,7/8/2004,570177
310595,3,302,FALSE,7,11/11/1997,570282
310596,3,237,FALSE,7,2/27/1994,568382
310597,3,283,FALSE,7,10/13/1994,569869
310598,3,300,FALSE,7,10/23/2000,570668
310599,20,127,FALSE,1,6/18/2009,568684
310600,20,45,FALSE,1,8/25/2005,568351
310601,840,2473,FALSE,15,5/26/2009,569575
310602,275,1809,FALSE,15,5/16/2007,569236
310603,275,1497,FALSE,15,8/2/2010,568787
310604,275,1513,FALSE,15,12/17/2005,570303
310605,275,1360,FALSE,15,6/18/2005,570500
310606,275,1384,FALSE,15,5/4/1994,569963
310607,275,1928,FALSE,15,12/13/1994,568581
310608,425,1950,FALSE,15,9/17/2008,570486
310609,340,1679,FALSE,15,5/11/1992,569010
310610,340,2029,FALSE,15,5/20/1996,570829
310611,340,1775,FALSE,15,11/20/1998,570860
310612,295,1781,FALSE,15,8/11/1992,567911
310613,500,1854,FALSE,15,12/6/1991,568620
310614,625,2310,FALSE,15,9/15/2001,567813
310615,275,2142,FALSE,15,7/25/2004,568974
310616,10,288,FALSE,2,11/9/1995,569325
310617,10,25,TRUE,2,10/15/1998,568778
310618,13,26,FALSE,1,5/10/2000,567953
310619,440,367,FALSE,79,1/18/1991,568546
310620,150,52,FALSE,79,11/4/1993,570005
310621,105,91,FALSE,79,11/26/2008,570622
310622,105,71,FALSE,79,7/9/2008,568970
310623,105,48,FALSE,79,8/3/1994,568552
310624,105,41,FALSE,79,10/2/2002,570366
310625,105,45,FALSE,79,7/29/1992,569726
310626,105,36,FALSE,79,6/14/2009,569302
310627,105,50,FALSE,79,7/1/1990,570315
310628,105,42,FALSE,79,9/26/2001,569561
310629,105,41,FALSE,79,6/10/1990,568267
310630,200,90,FALSE,79,10/1/2008,568766
310631,105,43,FALSE,79,9/22/2008,568253
310632,95,34,FALSE,79,9/18/2010,568692
310633,95,36,FALSE,79,6/4/2000,570733
310634,95,26,FALSE,79,9/23/2003,569981
310635,95,31,FALSE,79,1/25/2006,569889
310636,95,28,FALSE,79,10/24/1993,568758
310637,95,32,FALSE,79,5/25/1993,570741
310638,95,48,FALSE,79,8/9/1992,570076
310639,95,34,FALSE,79,11/20/2002,569436
310640,95,31,FALSE,79,8/14/2006,570072
310641,150,62,FALSE,79,8/20/2008,569317
310642,95,28,FALSE,79,7/20/2007,569164
310643,95,26,FALSE,79,7/30/1995,568580
310644,95,27,FALSE,79,9/28/1998,568248
310645,95,88,FALSE,79,8/6/1990,569769
310646,95,55,FALSE,79,11/19/2002,569703
310647,95,43,FALSE,79,3/19/2008,568054
310648,95,40,FALSE,79,5/31/1995,570777
310649,95,59,FALSE,79,3/1/1992,567874
310650,95,57,FALSE,79,7/31/2008,568131
310651,95,57,FALSE,79,9/7/2000,568308
310652,150,48,FALSE,79,7/10/1991,570252
310653,95,30,FALSE,79,4/2/2004,568337
310654,85,31,FALSE,79,12/7/1999,570469
310655,85,41,FALSE,79,1/14/2009,569411
310656,85,28,FALSE,79,3/14/2008,570124
310657,85,26,FALSE,79,10/6/2000,567942
310658,85,36,FALSE,79,1/20/2001,569258
310659,75,33,FALSE,79,9/19/1995,569245
310660,75,55,FALSE,79,8/14/2003,570122
310661,75,33,FALSE,79,12/7/2005,569599
310662,75,38,FALSE,79,9/10/1996,569849
310663,150,51,FALSE,79,1/30/2009,568711
310664,75,34,FALSE,79,5/5/1992,569948
310665,75,42,FALSE,79,1/23/2003,567729
310666,75,33,FALSE,79,6/27/2001,570468
310667,75,57,FALSE,79,12/19/1992,570634
310668,75,42,FALSE,79,4/28/1999,568151
310669,75,43,FALSE,79,6/13/1990,570474
310670,75,39,FALSE,79,7/19/1995,569881
310671,75,33,FALSE,79,11/13/2008,570757
310672,75,58,FALSE,79,10/21/1996,568774
310673,75,112,FALSE,79,9/22/2001,570830
310674,150,48,FALSE,79,1/31/1991,570307
310675,75,41,FALSE,79,6/9/1999,569075
310676,75,35,FALSE,79,12/20/1993,568138
310677,75,35,FALSE,79,12/10/2002,568884
310678,75,47,FALSE,79,5/12/1992,569462
310679,75,62,FALSE,79,5/31/2007,568329
310680,75,35,FALSE,79,11/13/2010,569540
310681,75,27,FALSE,79,3/11/1994,567695
310682,75,53,FALSE,79,1/16/2007,570639
310683,75,55,FALSE,79,12/8/2009,570629
310684,75,40,FALSE,79,4/17/1991,568760
310685,150,54,FALSE,79,5/24/1996,569732
310686,75,34,FALSE,79,12/14/2004,570802
310687,75,34,FALSE,79,7/9/2009,568413
310688,75,38,FALSE,79,2/24/2001,569761
310689,75,135,FALSE,79,5/26/1999,568117
310690,75,110,FALSE,79,11/20/2009,570243
310691,75,33,FALSE,79,4/7/1991,568904
310692,75,32,FALSE,79,5/31/1992,570299
310693,75,38,FALSE,79,12/8/1993,569761
310694,75,68,FALSE,79,10/19/2001,570176
310695,75,59,FALSE,79,11/5/1999,568496
310696,150,46,FALSE,79,12/6/1990,568308
310697,150,58,FALSE,79,3/31/1992,569213
310698,10,45,FALSE,2,5/1/2007,570805
310699,10,51,FALSE,2,4/27/2004,568343
310700,15,137,FALSE,1,2/8/1991,569891
310701,17,45,FALSE,1,6/19/2004,569854
310702,17,66,FALSE,1,10/2/1995,567684
310703,17,58,FALSE,1,3/14/2009,570135
310704,17,34,FALSE,1,8/7/1999,569009
310705,3,293,FALSE,4,12/20/1991,569683
310706,3,267,FALSE,4,1/4/2002,567761
310707,3,190,FALSE,4,12/30/2009,568140
310708,3,181,FALSE,4,9/26/2007,569168
310709,100,194,FALSE,1,11/11/1991,568941
310710,100,421,FALSE,3,7/21/1997,568662
310711,100,692,TRUE,3,6/11/1992,567919
310712,100,356,TRUE,3,2/14/2001,568668
310713,75,91,FALSE,2,10/9/2004,570005
310714,75,179,FALSE,2,12/26/1997,568004
310715,100,369,FALSE,1,10/23/1996,568032
310716,100,479,FALSE,1,4/30/2008,570679
310717,100,80,FALSE,1,4/27/1993,569672
310718,40,725,FALSE,2,11/14/2002,567965
310719,100,1043,TRUE,2,10/13/2000,570797
310720,125,86,FALSE,1,1/21/1997,569863
310721,50,720,FALSE,1,3/6/2008,570818
310722,75,249,FALSE,1,8/17/2004,568197
310723,100,1071,FALSE,1,1/11/2001,568207
310724,125,78,FALSE,1,5/30/1994,570384
310725,125,273,FALSE,1,5/16/2006,569628
310726,75,177,FALSE,3,4/30/2002,569933
310727,75,234,TRUE,3,9/2/2005,568358
310728,100,69,TRUE,3,6/2/2010,568767
310729,100,146,FALSE,2,10/27/2010,569843
310730,100,46,TRUE,2,1/18/2009,570166
310731,125,150,FALSE,1,9/3/1996,569415
310732,100,231,FALSE,1,6/9/2001,568549
310733,75,96,FALSE,1,3/12/1991,569890
310734,150,182,FALSE,1,7/24/2010,570775
310735,100,134,FALSE,1,6/7/2003,570671
310736,100,451,FALSE,1,8/20/2007,570507
310737,75,283,FALSE,1,12/24/1999,568505
310738,100,81,FALSE,1,8/10/2002,570602
310739,100,200,FALSE,1,1/21/2009,568958
310740,100,87,FALSE,1,9/20/1999,569316
310741,100,961,FALSE,1,3/29/1999,570433
310742,100,205,FALSE,1,2/23/1998,570343
310743,100,281,FALSE,1,7/8/1995,569211
310744,50,248,FALSE,1,3/23/1990,569476
310745,75,659,FALSE,3,10/29/2003,569801
310746,75,349,TRUE,3,9/23/2005,569531
310747,100,313,TRUE,3,6/25/1993,568177
310748,150,13,FALSE,1,3/27/1995,568697
310749,100,263,FALSE,1,2/9/2009,568602
310750,100,372,FALSE,2,1/10/2007,567944
310751,100,218,FALSE,2,1/11/1995,569066
310752,75,131,FALSE,1,10/24/2002,567768
310753,100,226,FALSE,1,7/23/1992,570091
310754,100,54,FALSE,1,7/19/1994,569950
310755,125,518,FALSE,2,5/24/2010,568624
310756,125,784,TRUE,2,7/4/2009,570092
310757,125,591,FALSE,2,9/3/1998,568584
310758,125,236,FALSE,2,2/28/2002,567711
310759,5,534,FALSE,1,12/10/2005,567972
310760,20,87,FALSE,1,1/21/2001,570581
310761,3,14867,FALSE,1269,3/10/1996,570266
310762,4,4242,FALSE,194,7/6/1997,567923
310763,3,342,TRUE,1269,8/13/2005,568619
310764,4,1835,TRUE,194,5/27/1998,567958
310765,60,3196,TRUE,194,6/25/2009,567810
310766,5,1549,TRUE,194,1/29/1997,569035
310767,3000000,63691,FALSE,1269,10/6/1999,567972
310768,6,14071,FALSE,194,9/17/2005,569787
310769,4,4554,TRUE,194,11/4/1992,568656
310770,4,3500,TRUE,194,2/26/2000,568822
310771,4,2621,TRUE,194,4/1/2003,570422
310772,4,2122,TRUE,194,10/22/1990,569670
310773,225000,7801,FALSE,1269,1/3/2005,568559
310774,4,1216,FALSE,194,1/23/1994,569890
310775,2100,2433,FALSE,1269,9/12/1998,568223
310776,8,10036,FALSE,1269,10/15/1997,570644
310777,8,4828,TRUE,1269,1/8/2010,570020
310778,25,2785,TRUE,1269,4/14/1993,570042
310779,45,2433,TRUE,1269,11/14/1994,569618
310780,0,1606,TRUE,1269,2/19/2010,568677
310781,15,1776,TRUE,1269,12/7/1996,569619
310782,20,1420,TRUE,1269,7/24/1992,569349
310783,40,1426,TRUE,1269,2/18/1991,568461
310784,8,4094,TRUE,1269,9/1/1999,568068
310785,120,4056,TRUE,1269,1/28/2007,568079
310786,8,3478,TRUE,1269,1/10/2009,570381
310787,40,2388,TRUE,1269,1/24/1991,569447
310788,50,2197,TRUE,1269,9/2/1990,569133
310789,19,1302,TRUE,1269,10/18/2008,569416
310790,8,3344,TRUE,1269,3/19/1999,569365
310791,8,3053,TRUE,1269,2/27/1991,569594
310792,23.75,1287,TRUE,1269,2/8/1998,570668
310793,14,1273,TRUE,1269,3/8/2005,567903
310794,12,1333,TRUE,1269,10/30/1990,570440
310795,58,1795,TRUE,1269,7/14/2008,570358
310796,0,1214,TRUE,1269,10/29/2005,570328
310797,8,2922,TRUE,1269,2/27/2002,568085
310798,8,2913,TRUE,1269,8/14/1999,567930
310799,8,3217,TRUE,1269,5/25/1994,569331
310800,25,4416,TRUE,1269,7/30/1996,570664
310801,8,3480,TRUE,1269,4/26/1999,569071
310802,30,1192,TRUE,1269,7/11/1990,568129
310803,35,6026,TRUE,1269,8/27/2009,568700
310804,15,925,TRUE,1269,10/28/2002,568466
310805,15,2486,TRUE,1269,6/30/2001,568461
310806,20,2224,TRUE,1269,5/8/1990,569878
310807,8,952,TRUE,1269,4/11/1995,569519
310808,13,835,TRUE,1269,5/9/2003,568256
310809,18,927,TRUE,1269,6/30/1991,569410
310810,25,488,TRUE,1269,8/27/1990,568433
310811,8,914,TRUE,1269,10/23/1995,568822
310812,10,1077,TRUE,1269,5/27/2010,569576
310813,20,1082,TRUE,1269,6/30/2008,568705
310814,35,1139,TRUE,1269,12/24/1995,567990
310815,15,1165,TRUE,1269,3/4/2002,569497
310816,35,1400,TRUE,1269,9/19/2010,569936
310817,20,1249,TRUE,1269,4/27/1990,568083
310818,25,1528,TRUE,1269,2/25/1996,567889
310819,35,1676,TRUE,1269,5/28/2002,570353
310820,4,1869,FALSE,1269,2/9/1991,569896
310821,4,924,TRUE,1269,10/27/2003,567742
310822,4,841,TRUE,1269,4/10/1993,568064
310823,75,2007,TRUE,1269,9/22/1995,570768
310824,4,911,FALSE,1269,8/1/1997,568650
310825,4,641,TRUE,1269,4/19/1993,568363
310826,4,461,TRUE,1269,1/27/2001,569346
310827,4,672,FALSE,1269,11/23/2005,569671
310828,4,423,TRUE,1269,12/17/1998,569653
310829,4,389,TRUE,1269,5/19/1995,568557
310830,4,979,FALSE,1269,3/28/2000,569324
310831,4,503,TRUE,1269,9/21/2005,567922
310832,4,591,FALSE,1269,7/17/2002,568356
310833,4,304,TRUE,1269,10/4/2010,569234
310834,4,618,FALSE,1269,9/5/2005,567690
310835,4,329,TRUE,1269,6/20/1992,569281
310836,4,492,FALSE,1269,1/3/2000,568768
310837,4,353,TRUE,1269,12/20/1990,569545
310838,4,441,FALSE,1269,1/30/2003,568850
310839,4,274,TRUE,1269,6/28/1992,569414
310840,4,451,FALSE,1269,9/15/1990,570535
310841,4,223,TRUE,1269,5/3/2004,570674
310842,15,208,TRUE,1269,6/17/1993,569958
310843,3300,2618,FALSE,1269,11/4/1996,570393
310844,4,326,FALSE,1269,10/11/2001,570624
310845,4,192,TRUE,1269,5/6/1991,569675
310846,4,363,FALSE,1269,4/19/1995,568316
310847,4,185,TRUE,1269,10/22/2006,568459
310848,4,350,FALSE,1269,2/25/2007,568897
310849,4,261,TRUE,1269,3/22/2001,568573
310850,4,349,FALSE,1269,1/17/1994,567921
310851,5,293,TRUE,1269,1/19/2001,570054
310852,4,313,FALSE,1269,9/14/1998,570695
310853,4,176,TRUE,1269,3/25/2000,569902
310854,4,402,FALSE,1269,1/21/2002,567931
310855,4,254,TRUE,1269,1/15/1996,570745
310856,4,280,FALSE,1269,10/10/1994,568966
310857,4,169,TRUE,1269,6/12/1995,567916
310858,4,463,FALSE,1269,7/9/2002,567887
310859,5,334,TRUE,1269,4/18/1999,570074
310860,4,328,FALSE,1269,9/30/2007,569634
310861,5,188,TRUE,1269,10/15/1993,569741
310862,4,291,FALSE,1269,2/28/1991,569857
310863,5,179,TRUE,1269,3/19/1995,568326
310864,1450,708,FALSE,1269,5/15/2008,567914
310865,4,292,FALSE,1269,12/20/1992,569762
310866,5,207,TRUE,1269,12/26/2000,568010
310867,4,366,FALSE,1269,1/3/2001,568443
310868,4,188,TRUE,1269,10/16/2009,567962
310869,4,416,FALSE,1269,1/31/1997,570119
310870,4,192,TRUE,1269,5/5/1997,567960
310871,4,417,FALSE,1269,12/2/2006,570447
310872,4,214,TRUE,1269,5/4/2001,568645
310873,4,254,FALSE,1269,4/21/2009,569335
310874,4,131,TRUE,1269,8/14/1991,568173
310875,4,221,FALSE,1269,9/2/1991,570015
310876,4,114,TRUE,1269,11/21/2003,568690
310877,4,271,FALSE,1269,7/12/2005,570053
310878,4,210,TRUE,1269,4/25/2010,570117
310879,4,237,FALSE,1269,11/12/1994,567844
310880,5,132,TRUE,1269,2/28/1992,570218
310881,4,322,FALSE,1269,6/23/1994,568017
310882,5,162,TRUE,1269,10/30/2005,569399
310883,5,380,FALSE,1269,4/18/1992,570374
310884,5,191,TRUE,1269,12/20/1997,570072
310885,1300,560,FALSE,1269,11/17/2010,569997
310886,5,253,FALSE,1269,8/15/1993,569823
310887,6,125,TRUE,1269,5/29/2005,568977
310888,5,194,FALSE,1269,2/15/1998,568750
310889,6,118,TRUE,1269,5/26/1990,568518
310890,5,136,FALSE,1269,5/20/2007,570425
310891,6,94,TRUE,1269,8/26/2010,570615
310892,5,177,FALSE,1269,12/16/2006,568968
310893,6,84,TRUE,1269,6/10/1994,568659
310894,22.5,243,TRUE,1269,11/23/2010,568769
310895,5,147,FALSE,1269,9/19/2004,569303
310896,6,64,TRUE,1269,9/5/1996,568218
310897,5,196,FALSE,1269,6/26/1994,570433
310898,6,59,TRUE,1269,4/13/2004,570325
310899,5,167,FALSE,1269,12/13/1991,568910
310900,6,71,TRUE,1269,10/18/1995,569554
310901,5,110,FALSE,1269,12/1/2003,568977
310902,6,59,TRUE,1269,4/7/2003,570761
310903,5,51,FALSE,1269,9/5/2007,567979
310904,6,34,TRUE,1269,9/5/1993,567720
310905,1300,536,FALSE,1269,2/6/1997,569559
310906,1300,735,FALSE,1269,7/29/1998,570226
310907,1300,608,FALSE,1269,8/31/1991,569988
310908,1300,547,FALSE,1269,6/6/2010,568091
310909,1600,762,FALSE,1269,7/23/1996,567982
310910,1300,542,FALSE,1269,3/30/1995,569884
310911,4,544,TRUE,194,10/15/2006,568555
310912,75,698,TRUE,194,1/15/2009,569754
310913,5,299,TRUE,194,8/20/1994,568768
310914,20000,1850,FALSE,1269,1/7/1992,568224
310915,4,1120,FALSE,194,6/26/2000,569111
310916,1300,568,FALSE,1269,7/22/1996,567963
310917,1300,605,FALSE,1269,10/6/2007,568682
310918,1300,533,FALSE,1269,5/11/1990,569195
310919,1300,659,FALSE,1269,4/14/2000,568849
310920,1300,379,FALSE,1269,6/27/2007,568328
310921,1300,509,FALSE,1269,7/31/2003,569476
310922,1300,521,FALSE,1269,3/14/1990,569907
310923,1300,506,FALSE,1269,2/23/1994,570563
310924,1300,478,FALSE,1269,4/25/1995,568921
310925,1300,374,FALSE,1269,11/14/1990,570187
310926,4,563,TRUE,194,9/15/2000,570360
310927,75,609,TRUE,194,8/30/2001,569848
310928,5,279,TRUE,194,8/1/2001,567714
310929,36000,1955,FALSE,1269,8/18/1994,570417
310930,4,1170,FALSE,194,5/27/1991,569953
310931,1300,387,FALSE,1269,6/13/2007,568908
310932,1250,409,FALSE,1269,5/14/2006,570399
310933,1250,394,FALSE,1269,2/24/1998,568106
310934,1325,670,FALSE,1269,9/16/2002,568232
310935,1250,538,FALSE,1269,2/12/1996,568765
310936,1250,516,FALSE,1269,9/12/1992,568154
310937,1250,334,FALSE,1269,11/8/2004,568120
310938,1275,506,FALSE,1269,11/25/1990,570722
310939,1250,422,FALSE,1269,11/4/2002,569948
310940,1250,319,FALSE,1269,1/16/1998,568318
310941,4,520,TRUE,194,2/29/1992,568797
310942,60,643,TRUE,194,8/1/1991,568836
310943,5,266,TRUE,194,8/21/2003,570159
310944,125000,4853,FALSE,1269,3/14/1993,568544
310945,4,1160,FALSE,194,6/2/2007,570621
310946,1250,389,FALSE,1269,5/12/1998,569086
310947,1250,309,FALSE,1269,2/10/2009,568515
310948,1250,269,FALSE,1269,9/10/2005,570497
310949,1250,357,FALSE,1269,11/18/2007,570279
310950,1250,286,FALSE,1269,9/20/2008,568763
310951,1250,346,FALSE,1269,5/17/2005,569752
310952,1250,301,FALSE,1269,9/17/2007,569683
310953,1250,400,FALSE,1269,2/17/2003,568710
310954,1250,381,FALSE,1269,10/20/2010,567890
310955,1250,430,FALSE,1269,12/31/1999,568060
310956,4,495,TRUE,194,6/28/2002,570280
310957,40,521,TRUE,194,3/3/1998,569416
310958,5,242,TRUE,194,10/7/2009,568815
310959,20000,1508,FALSE,1269,3/3/1993,567862
310960,4,994,FALSE,194,2/10/1995,567696
310961,1250,388,FALSE,1269,9/15/1994,569048
310962,1225,380,FALSE,1269,5/18/2003,570840
310963,1225,370,FALSE,1269,2/28/1994,568217
310964,1225,319,FALSE,1269,12/11/2003,570291
310965,1225,282,FALSE,1269,6/13/2001,568754
310966,1225,293,FALSE,1269,8/9/2006,568343
310967,1225,269,FALSE,1269,6/21/2000,570718
310968,1225,317,FALSE,1269,11/7/2001,569491
310969,1225,391,FALSE,1269,7/11/2005,569941
310970,1225,304,FALSE,1269,10/10/1990,570572
310971,4,469,TRUE,194,10/31/2008,569433
310972,40,478,TRUE,194,3/9/2007,569979
310973,5,265,TRUE,194,8/29/1990,567721
310974,40000,2260,FALSE,1269,2/3/1999,568140
310975,4,914,FALSE,194,2/3/1998,567990
310976,1225,713,FALSE,1269,10/9/1993,570512
310977,1700,559,FALSE,1269,12/7/1993,568292
310978,1225,280,FALSE,1269,1/6/1999,569916
310979,1225,289,FALSE,1269,4/13/1992,567829
310980,1225,348,FALSE,1269,8/9/1991,569194
310981,1225,256,FALSE,1269,12/4/2005,570067
310982,1225,337,FALSE,1269,5/6/2004,569945
310983,1225,231,FALSE,1269,1/22/1990,568288
310984,2175,1543,FALSE,1269,9/29/1997,569442
310985,1225,450,FALSE,1269,3/23/2001,568204
310986,4,466,TRUE,194,3/1/1995,567853
310987,45,453,TRUE,194,7/19/2007,568944
310988,5,238,TRUE,194,10/9/1992,569175
310989,12000,1511,FALSE,1269,6/5/2005,567845
310990,4,867,FALSE,194,3/3/1999,569147
310991,1225,368,FALSE,1269,5/27/2007,568542
310992,1225,645,FALSE,1269,5/4/2002,570475
310993,1175,384,FALSE,1269,1/7/1995,568704
310994,1175,314,FALSE,1269,5/17/2008,570413
310995,1175,341,FALSE,1269,12/3/2001,568103
310996,1175,446,FALSE,1269,6/7/1995,569130
310997,1175,279,FALSE,1269,7/16/1991,569975
310998,1175,390,FALSE,1269,4/30/1997,569346
310999,1175,341,FALSE,1269,10/16/1992,570224
311000,1175,329,FALSE,1269,2/9/1992,570751
311001,4,427,TRUE,194,11/30/2002,568315
311002,45,467,TRUE,194,6/28/2000,568651
311003,5,186,TRUE,194,8/17/2001,568347
311004,28000,2124,FALSE,1269,10/4/2002,568407
311005,4,902,FALSE,194,3/29/2001,569370
311006,1175,278,FALSE,1269,5/21/2000,567783
311007,1175,278,FALSE,1269,1/19/1995,568416
311008,1175,264,FALSE,1269,6/10/1999,570698
311009,1175,364,FALSE,1269,8/11/2001,569042
311010,1175,351,FALSE,1269,3/24/2010,569368
311011,1175,332,FALSE,1269,5/19/1992,570425
311012,1175,320,FALSE,1269,1/15/2004,570692
311013,1175,310,FALSE,1269,4/13/2002,568698
311014,1175,275,FALSE,1269,4/4/2005,568774
311015,1175,314,FALSE,1269,6/12/2004,568334
311016,4,406,TRUE,194,5/24/2000,570554
311017,50,430,TRUE,194,7/28/1996,568124
311018,5,215,TRUE,194,6/12/1998,569248
311019,12000,1297,FALSE,1269,1/5/2001,567840
311020,5,1422,FALSE,194,8/5/2006,569609
311021,1175,379,FALSE,1269,12/6/2003,568593
311022,1125,366,FALSE,1269,7/18/2001,568499
311023,1125,385,FALSE,1269,7/14/2007,569567
311024,1125,413,FALSE,1269,2/13/1998,569114
311025,1125,491,FALSE,1269,3/14/1998,568932
311026,1125,473,FALSE,1269,2/15/1994,568614
311027,1125,669,FALSE,1269,10/1/1992,568595
311028,1125,414,FALSE,1269,11/24/2001,567778
311029,1125,622,FALSE,1269,2/18/1993,570385
311030,1125,596,FALSE,1269,12/24/1993,568473
311031,5,599,TRUE,194,2/12/2010,569314
311032,50,719,TRUE,194,4/4/1998,569026
311033,5,513,TRUE,194,9/27/1994,568823
311034,6,359,TRUE,194,3/2/2008,567966
311035,27000,2039,FALSE,1269,1/7/1994,570849
311036,4,1035,FALSE,194,6/30/2000,568825
311037,1125,392,FALSE,1269,7/28/2004,569120
311038,1125,453,FALSE,1269,2/23/2001,570309
311039,1125,404,FALSE,1269,1/10/2008,569768
311040,1125,449,FALSE,1269,5/3/2008,569319
311041,1125,439,FALSE,1269,2/11/1990,570465
311042,1125,591,FALSE,1269,7/12/1995,569878
311043,1125,446,FALSE,1269,9/22/2003,569038
311044,1125,573,FALSE,1269,11/23/2001,567795
311045,1125,479,FALSE,1269,5/25/2010,568154
311046,1125,1298,FALSE,1269,4/16/1994,568751
311047,10,601,TRUE,194,5/8/2009,568413
311048,5,345,TRUE,194,9/9/2000,570060
311049,10,376,TRUE,194,11/10/2006,568769
311050,10,16995,TRUE,1269,7/17/2000,567838
311051,18,9650,TRUE,194,10/26/1990,568126
311052,8,12031,TRUE,1269,5/23/2008,570125
311053,200,10527,TRUE,194,12/30/1997,569461
311054,4,11710,TRUE,1269,7/11/1992,569097
311055,1,1324,TRUE,194,10/25/1991,570666
311056,75,5186,TRUE,194,4/17/2006,568966
311057,8,10807,TRUE,1269,8/28/2002,569469
311058,40,17553,TRUE,1269,5/22/1991,570165
311059,8,6999,TRUE,1269,11/17/1996,569776
311060,8,3178,TRUE,1269,10/24/2009,568155
311061,12,6403,TRUE,1269,3/16/2007,569259
311062,12,10016,TRUE,1269,3/4/1996,570043
311063,130,1660,TRUE,1269,1/1/2002,568460
311064,28,12109,TRUE,1269,8/25/2002,568725
311065,50,18605,TRUE,1269,1/29/1998,567863
311066,50,14453,TRUE,1269,12/7/1995,570585
311067,0,1664,TRUE,1269,8/12/1997,569468
311068,0,1640,TRUE,1269,6/30/2009,567688
311069,12,8286,TRUE,1269,2/16/1990,569811
311070,175000,18536,FALSE,1269,9/23/1992,569887
311071,4,3991,FALSE,194,2/16/1991,570495
311072,26000,2191,FALSE,1269,7/27/2009,570628
311073,4,830,FALSE,194,1/26/1995,570721
311074,1125,2407,FALSE,1269,6/15/2008,570700
311075,1125,1828,FALSE,1269,12/31/1998,570428
311076,900,1173,FALSE,1269,9/6/2004,568489
311077,900,1035,FALSE,1269,12/26/2008,569173
311078,900,674,FALSE,1269,3/16/1992,569448
311079,900,727,FALSE,1269,1/30/2005,567968
311080,900,857,FALSE,1269,8/19/1999,570402
311081,900,720,FALSE,1269,8/16/2008,569034
311082,900,685,FALSE,1269,8/6/1993,570234
311083,900,655,FALSE,1269,5/17/1996,568967
311084,10,470,TRUE,194,12/26/2006,570399
311085,5,304,TRUE,194,2/15/2000,568192
311086,11000,1263,FALSE,1269,3/29/1998,570630
311087,4,814,FALSE,194,4/29/2008,568912
311088,900,679,FALSE,1269,9/15/1999,569759
311089,900,643,FALSE,1269,9/11/2004,568948
311090,900,549,FALSE,1269,6/14/2008,570413
311091,900,715,FALSE,1269,12/1/2007,569354
311092,900,586,FALSE,1269,6/26/1995,569018
311093,900,575,FALSE,1269,12/17/2002,569330
311094,900,523,FALSE,1269,10/1/2004,570537
311095,900,575,FALSE,1269,9/7/1991,568893
311096,900,560,FALSE,1269,10/29/1991,569952
311097,900,569,FALSE,1269,7/30/1999,568203
311098,10,437,TRUE,194,11/24/1992,568467
311099,5,241,TRUE,194,6/7/2007,569404
311100,10500,1372,FALSE,1269,12/19/1995,570405
311101,4,729,FALSE,194,1/14/1992,569234
311102,900,950,FALSE,1269,1/27/1996,570456
311103,750,657,FALSE,1269,9/18/1996,570746
311104,750,633,FALSE,1269,2/16/2000,568394
311105,750,844,FALSE,1269,6/11/1994,570203
311106,1000,313,TRUE,1269,1/17/2002,570013
311107,750,661,FALSE,1269,7/23/1998,568914
311108,750,709,FALSE,1269,7/21/2005,569345
311109,750,529,FALSE,1269,1/3/1995,569926
311110,750,576,FALSE,1269,2/7/1994,567683
311111,750,527,FALSE,1269,11/30/2006,568926
311112,750,648,FALSE,1269,12/30/2008,568857
311113,10,397,TRUE,194,7/10/1990,568542
311114,5,183,TRUE,194,3/11/2004,569442
311115,42000,5296,FALSE,1269,5/24/1992,570057
311116,4,939,FALSE,194,10/24/2003,570166
311117,4,2179,FALSE,194,12/6/2007,570363
311118,4,372,TRUE,194,6/27/1996,569001
311119,3,766,TRUE,194,8/13/2010,569586
311120,4,1441,FALSE,194,10/28/2004,569491
311121,4,251,TRUE,194,10/27/1995,569493
311122,3,467,TRUE,194,5/29/2009,570449
311123,4,1317,FALSE,194,6/8/2004,568557
311124,4,217,TRUE,194,5/12/1991,569775
311125,3,422,TRUE,194,6/28/2008,569620
311126,4,1016,FALSE,194,5/6/2002,570696
311127,4,153,TRUE,194,7/28/1999,568377
311128,3,330,TRUE,194,11/10/1997,570380
311129,750,737,FALSE,1269,1/1/1990,568029
311130,750,630,FALSE,1269,4/5/1991,568844
311131,900,1356,FALSE,1269,12/25/1999,569793
311132,750,626,FALSE,1269,6/6/2000,570401
311133,750,571,FALSE,1269,12/24/1997,570274
311134,750,583,FALSE,1269,10/23/2005,570218
311135,750,764,FALSE,1269,12/9/1992,569054
311136,750,590,FALSE,1269,7/23/2005,568064
311137,750,685,FALSE,1269,9/25/2008,570758
311138,750,594,FALSE,1269,6/14/1991,568644
311139,10,566,TRUE,194,6/8/2000,570437
311140,5,359,TRUE,194,4/1/2001,568953
311141,9000,1142,FALSE,1269,2/7/2007,568602
311142,4,752,FALSE,194,7/5/1992,568497
311143,750,950,FALSE,1269,1/14/2008,568285
311144,625,1207,FALSE,1269,7/29/2010,567782
311145,14000,8108,FALSE,1269,6/10/1992,567871
311146,625,896,FALSE,1269,1/7/2000,568684
311147,625,806,FALSE,1269,6/29/1990,569628
311148,625,726,FALSE,1269,11/14/1996,570185
311149,625,914,FALSE,1269,7/15/2009,570829
311150,625,1212,FALSE,1269,7/17/1991,567980
311151,625,814,FALSE,1269,12/27/2010,569547
311152,625,795,FALSE,1269,3/25/1992,569379
311153,10,512,TRUE,194,8/25/1991,570261
311154,9000,1083,FALSE,1269,5/5/1991,570039
311155,4,853,FALSE,194,1/27/2005,568478
311156,625,973,FALSE,1269,3/5/2006,570624
311157,625,1181,FALSE,1269,2/23/1990,570534
311158,17000,11905,FALSE,1269,9/22/2005,569254
311159,1200,4317,FALSE,1269,7/8/2009,569706
311160,800,2868,FALSE,1269,12/21/2005,569318
311161,675,1928,FALSE,1269,2/6/1999,568681
311162,435,1232,FALSE,1269,2/26/1996,568286
311163,435,1013,FALSE,1269,11/27/1996,570369
311164,435,1073,FALSE,1269,10/4/1991,570498
311165,435,984,FALSE,1269,7/29/1995,567704
311166,10,465,TRUE,194,8/27/1993,570757
311167,8000,831,FALSE,1269,6/27/1991,570836
311168,4,584,FALSE,194,7/1/1995,568118
311169,435,1087,FALSE,1269,7/3/1998,569423
311170,500,1850,FALSE,1269,3/20/1992,568578
311171,385,1301,FALSE,1269,6/14/2003,568402
311172,485,1327,FALSE,1269,3/13/1999,570532
311173,435,1087,FALSE,1269,4/18/1994,569803
311174,435,1029,FALSE,1269,7/18/2002,569584
311175,435,1410,FALSE,1269,9/20/2003,567887
311176,1000,5815,FALSE,1269,8/17/1990,569965
311177,435,1530,FALSE,1269,5/7/2004,568702
311178,435,1086,FALSE,1269,5/20/1994,568179
311179,10,323,TRUE,194,5/22/2004,569551
311180,8000,927,FALSE,1269,12/21/2002,568228
311181,4,547,FALSE,194,7/13/1999,569585
311182,435,1244,FALSE,1269,1/14/2001,570416
311183,325,1114,FALSE,1269,12/15/1994,569857
311184,325,1118,FALSE,1269,1/23/1996,569971
311185,325,1288,FALSE,1269,2/7/2000,570120
311186,325,1246,FALSE,1269,11/29/1992,568981
311187,325,1416,FALSE,1269,2/22/2008,570775
311188,775,3792,FALSE,1269,11/11/2001,569494
311189,325,1312,FALSE,1269,1/8/1995,570191
311190,325,1447,FALSE,1269,5/7/1992,570628
311191,325,1298,FALSE,1269,8/25/2004,569749
311192,15,412,TRUE,194,11/8/1992,569429
311193,8000,957,FALSE,1269,10/1/2007,569926
311194,4,553,FALSE,194,5/29/2000,569508
311195,325,2377,FALSE,1269,6/18/1998,568333
311196,325,1664,FALSE,1269,10/14/1998,570728
311197,325,1892,FALSE,1269,5/4/1998,569626
311198,300,1939,FALSE,1269,9/13/2002,569525
311199,300,1571,FALSE,1269,1/23/1993,568743
311200,550,3580,FALSE,1269,7/5/1997,570761
311201,250,2443,FALSE,1269,8/24/2002,568694
311202,250,1369,FALSE,1269,12/8/2002,570293
311203,260,1731,FALSE,1269,6/23/1991,568817
311204,250,1691,FALSE,1269,1/20/2004,570818
311205,15,385,TRUE,194,4/30/2000,569817
311206,8800,987,FALSE,1269,1/19/2009,569666
311207,4,531,FALSE,194,8/17/2000,570249
311208,250,1803,FALSE,1269,12/29/1994,568661
311209,250,2027,FALSE,1269,6/26/1996,568806
311210,250,1681,FALSE,1269,2/27/1990,569483
311211,300,2581,FALSE,1269,8/1/2008,567999
311212,250,1674,FALSE,1269,1/12/2004,570604
311213,250,1619,FALSE,1269,3/17/2006,568852
311214,250,1503,FALSE,1269,11/4/2008,568642
311215,250,1855,FALSE,1269,10/3/2006,568794
311216,250,2079,FALSE,1269,12/23/1996,569057
311217,250,2737,FALSE,1269,2/24/2005,568991
311218,25,575,TRUE,194,2/22/2010,569894
311219,4,2468,TRUE,194,2/18/2008,568012
311220,140,3552,TRUE,194,3/13/2009,568248
311221,120000,9082,FALSE,1269,6/19/1999,568299
311222,4,2490,FALSE,194,6/13/1994,568629
311223,8000,1117,FALSE,1269,4/21/2004,569250
311224,4,780,FALSE,194,8/25/1999,570524
311225,290,5159,FALSE,1269,12/17/2003,568307
311226,170,2551,FALSE,1269,10/24/2000,570575
311227,170,2032,FALSE,1269,4/29/2005,568558
311228,170,2204,FALSE,1269,8/22/1996,567945
311229,175,2421,FALSE,1269,8/29/2008,569381
311230,170,2443,FALSE,1269,6/28/2003,569351
311231,175,1938,FALSE,1269,3/30/2008,569037
311232,170,1856,FALSE,1269,9/3/1991,569904
311233,170,1846,FALSE,1269,7/31/1998,569590
311234,185,3212,FALSE,1269,1/21/2008,569385
311235,15,441,TRUE,194,12/1/1993,567937
311236,5200,807,FALSE,1269,12/10/1995,568529
311237,4,921,FALSE,194,4/10/1990,569402
311238,4,318,TRUE,194,4/18/2002,569277
311239,170,1948,FALSE,1269,1/23/2005,570835
311240,170,2085,FALSE,1269,9/13/2007,570074
311241,170,2103,FALSE,1269,3/16/1994,570530
311242,175,1871,FALSE,1269,6/25/2000,567762
311243,175,2375,FALSE,1269,2/22/1997,570817
311244,170,2230,FALSE,1269,1/5/2010,570040
311245,170,1736,FALSE,1269,11/14/2008,569240
311246,170,1923,FALSE,1269,11/21/1993,569635
311247,170,2354,FALSE,1269,5/29/1995,567706
311248,170,1614,FALSE,1269,7/15/1990,569122
311249,15,653,TRUE,194,11/29/1998,568905
311250,5200,900,FALSE,1269,6/20/2000,570768
311251,4,936,FALSE,194,7/13/1995,569279
311252,170,1938,FALSE,1269,12/4/2002,569398
311253,130,1861,FALSE,1269,3/11/1999,569886
311254,130,1414,FALSE,1269,2/10/1992,570743
311255,130,1432,FALSE,1269,7/5/1995,570691
311256,130,1401,FALSE,1269,7/26/1994,569918
311257,130,1436,FALSE,1269,5/12/1996,570152
311258,130,1502,FALSE,1269,2/19/2007,568585
311259,130,1635,FALSE,1269,4/12/2002,569681
311260,130,1978,FALSE,1269,10/8/2007,568580
311261,130,2269,FALSE,1269,6/22/2007,568799
311262,4,1009,TRUE,194,12/1/2010,569467
311263,5500,2489,FALSE,1269,6/9/1995,569671
311264,4,832,FALSE,194,6/2/2004,567800
311265,130,1532,FALSE,1269,7/30/1994,569274
311266,130,1335,FALSE,1269,12/30/2003,569058
311267,130,1678,FALSE,1269,6/15/2003,570421
311268,130,2004,FALSE,1269,8/19/2003,570463
311269,210,3957,FALSE,1269,1/2/1993,569338
311270,130,2099,FALSE,1269,11/2/2005,570648
311271,130,1858,FALSE,1269,11/6/1997,568358
311272,130,1539,FALSE,1269,7/13/2002,569596
311273,130,1859,FALSE,1269,3/7/1997,568204
311274,130,1777,FALSE,1269,8/1/2004,570230
311275,4,591,TRUE,194,6/16/2005,569869
311276,5000,906,FALSE,1269,7/18/1994,567792
311277,4,757,FALSE,194,1/12/1995,569295
311278,325,7046,FALSE,1269,9/17/1991,570106
311279,110,2500,FALSE,1269,5/15/2003,569993
311280,105,1836,FALSE,1269,5/31/2006,570397
311281,105,1650,FALSE,1269,5/22/2003,567793
311282,110,1829,FALSE,1269,1/13/2000,568025
311283,105,2090,FALSE,1269,12/23/2004,570314
311284,105,1550,FALSE,1269,9/10/2006,569437
311285,155,2036,FALSE,1269,9/27/1995,568237
311286,105,1679,FALSE,1269,3/8/1999,569573
311287,105,1856,FALSE,1269,4/13/2007,568426
311288,4,565,TRUE,194,3/3/2010,567887
311289,5000,797,FALSE,1269,4/17/1998,568747
311290,4,740,FALSE,194,11/2/2002,569234
311291,110,2382,FALSE,1269,10/31/2007,569022
311292,105,1460,FALSE,1269,10/19/1990,568548
311293,105,1606,FALSE,1269,6/22/1991,569544
311294,105,2065,FALSE,1269,10/17/2010,569020
311295,105,3244,FALSE,1269,8/30/1999,569064
311296,105,1715,FALSE,1269,7/20/2008,570799
311297,105,2114,FALSE,1269,3/4/1999,569234
311298,105,1825,FALSE,1269,5/11/2003,568821
311299,110,2234,FALSE,1269,8/18/1999,570762
311300,105,2968,FALSE,1269,7/3/1990,569408
311301,4,513,TRUE,194,12/29/1993,568715
311302,5800,935,FALSE,1269,12/10/2004,568017
311303,4,725,FALSE,194,9/17/2003,569608
311304,155,3997,FALSE,1269,5/15/2009,567761
311305,120,3078,FALSE,1269,9/21/2006,570750
311306,80,1936,FALSE,1269,12/19/2010,569891
311307,80,2130,FALSE,1269,5/13/2003,567895
311308,80,1900,FALSE,1269,4/22/1993,569115
311309,85,2459,FALSE,1269,9/15/2010,568600
311310,85,2398,FALSE,1269,3/26/2005,570344
311311,80,2071,FALSE,1269,8/28/1990,567963
311312,80,2022,FALSE,1269,8/5/1995,570351
311313,80,2097,FALSE,1269,9/29/2000,567846
311314,4,517,TRUE,194,6/23/2008,570771
311315,5200,851,FALSE,1269,12/31/1995,567809
311316,4,592,FALSE,194,11/1/1998,568694
311317,80,1884,FALSE,1269,1/1/2007,568498
311318,80,1820,FALSE,1269,5/7/1996,567765
311319,80,2040,FALSE,1269,12/27/2005,570226
311320,140,6874,FALSE,1269,5/16/2005,568306
311321,80,2287,FALSE,1269,5/5/1995,568659
311322,80,2094,FALSE,1269,9/20/2010,568199
311323,80,1839,FALSE,1269,11/29/2007,569621
311324,80,1834,FALSE,1269,10/14/1992,570424
311325,80,2292,FALSE,1269,6/1/1990,568150
311326,40,1855,FALSE,1269,3/22/2004,569992
311327,4,532,TRUE,194,1/16/1994,568574
311328,15,547,TRUE,194,1/17/1996,569586
311329,5000,828,FALSE,1269,5/29/2008,570547
311330,4,562,FALSE,194,1/1/1999,568731
311331,40,1785,FALSE,1269,11/24/2009,570823
311332,40,1897,FALSE,1269,12/18/2007,569192
311333,40,1440,FALSE,1269,4/20/1993,568369
311334,40,1720,FALSE,1269,10/5/1999,570163
311335,40,1700,FALSE,1269,10/21/2005,570169
311336,40,1656,FALSE,1269,2/10/1990,570745
311337,40,2313,FALSE,1269,3/3/1996,570624
311338,40,2130,FALSE,1269,6/26/2004,568151
311339,40,1365,FALSE,1269,11/18/2005,568352
311340,40,1531,FALSE,1269,1/7/2007,568956
311341,4,456,TRUE,194,6/28/2009,568124
311342,15,521,TRUE,194,6/15/2004,570052
311343,5000,709,FALSE,1269,1/5/1997,567787
311344,4,702,FALSE,194,12/23/2009,568959
311345,40,1398,FALSE,1269,7/6/2009,570040
311346,40,1467,FALSE,1269,2/20/1995,570456
311347,40,1740,FALSE,1269,6/24/2007,569219
311348,40,1928,FALSE,1269,4/23/2002,569306
311349,40,1523,FALSE,1269,1/28/1998,570610
311350,40,2016,FALSE,1269,11/10/1999,568494
311351,40,2011,FALSE,1269,6/29/2006,567993
311352,40,1930,FALSE,1269,4/2/2000,570107
311353,40,1866,FALSE,1269,1/18/1992,570510
311354,40,2788,FALSE,1269,7/9/1998,570251
311355,4,678,TRUE,194,8/20/1993,568676
311356,15,543,TRUE,194,6/26/2003,568099
311357,4,1508,TRUE,194,3/18/2010,570537
311358,150,1859,TRUE,194,6/24/1991,570846
311359,58000,5396,FALSE,1269,12/15/2008,568917
311360,4,1962,FALSE,194,11/21/2000,570484
311361,5800,939,FALSE,1269,4/9/2009,570141
311362,4,896,FALSE,194,1/19/2002,568177
311363,50,4985,FALSE,1269,10/7/2005,570000
311364,40,3179,FALSE,1269,5/14/1995,567850
311365,42,3453,FALSE,1269,3/22/1997,569104
311366,40,2344,FALSE,1269,2/8/1993,569864
311367,40,1915,FALSE,1269,11/30/2005,569436
311368,40,2287,FALSE,1269,9/22/2009,570391
311369,40,1749,FALSE,1269,6/2/1999,569199
311370,40,1690,FALSE,1269,11/4/1998,567964
311371,40,1914,FALSE,1269,3/26/2004,569754
311372,40,1796,FALSE,1269,6/15/1992,570334
311373,4,883,TRUE,194,7/4/2004,569079
311374,15,783,TRUE,194,8/18/1992,567733
311375,4500,886,FALSE,1269,6/12/1994,569402
311376,4,804,FALSE,194,4/2/2005,569689
311377,40,2363,FALSE,1269,6/1/2005,568114
311378,40,2166,FALSE,1269,10/1/1994,569457
311379,40,2315,FALSE,1269,7/6/2003,569165
311380,40,2496,FALSE,1269,6/14/2006,570285
311381,16,2314,FALSE,1269,12/12/1991,569565
311382,16,1843,FALSE,1269,1/1/2006,570579
311383,16,1690,FALSE,1269,1/18/1995,568308
311384,16,1788,FALSE,1269,3/27/2007,569465
311385,16,1677,FALSE,1269,12/2/1996,568403
311386,16,2441,FALSE,1269,12/11/2005,570687
311387,4,637,TRUE,194,5/7/2007,569819
311388,4800,912,FALSE,1269,11/29/2008,570346
311389,4,561,FALSE,194,4/4/1997,568788
311390,16,1916,FALSE,1269,10/28/1999,570204
311391,16,1971,FALSE,1269,12/17/1996,569886
311392,16,1378,FALSE,1269,7/16/1998,570854
311393,16,1594,FALSE,1269,7/31/2002,569662
311394,16,1579,FALSE,1269,10/27/1994,569586
311395,28,4038,FALSE,1269,6/16/1995,569466
311396,12,2018,FALSE,1269,3/12/2000,570676
311397,12,1672,FALSE,1269,11/5/2000,570108
311398,12,2120,FALSE,1269,10/17/1995,568781
311399,12,1683,FALSE,1269,5/18/1992,569002
311400,4,320,TRUE,194,8/17/2007,568687
311401,4400,649,FALSE,1269,12/13/2001,568036
311402,4,514,FALSE,194,2/11/2007,568824
311403,12,1692,FALSE,1269,10/8/2008,569528
311404,12,1889,FALSE,1269,5/31/2008,568680
311405,22,3761,FALSE,1269,2/5/2004,570755
311406,12,1874,FALSE,1269,6/23/1995,569585
311407,12,2349,FALSE,1269,4/14/1998,570016
311408,12,1727,FALSE,1269,4/23/1991,570181
311409,12,2475,FALSE,1269,2/20/1994,570418
311410,60,6296,FALSE,1269,10/18/1999,569234
311411,12,2490,FALSE,1269,2/18/2007,569059
311412,12,3740,FALSE,1269,10/18/2000,567799
311413,4,430,TRUE,194,4/7/2008,569706
311414,4400,836,FALSE,1269,4/8/2005,569013
311415,4,452,FALSE,194,5/20/2005,568426
311416,18,3340,FALSE,1269,4/30/1992,569679
311417,10,2528,FALSE,1269,6/19/1993,568550
311418,10,2421,FALSE,1269,5/9/1990,569135
311419,60,5215,FALSE,1269,12/5/2003,568740
311420,10,2298,FALSE,1269,6/26/2010,569076
311421,10,1477,FALSE,1269,1/19/2000,568827
311422,10,1961,FALSE,1269,7/25/1996,570123
311423,10,1586,FALSE,1269,9/12/2003,570554
311424,10,1738,FALSE,1269,12/11/1995,568813
311425,18,2979,FALSE,1269,5/30/1990,569958
311426,4,258,TRUE,194,7/10/2005,567723
311427,4400,543,FALSE,1269,9/14/1994,569798
311428,4,427,FALSE,194,2/15/1997,568464
311429,7,3715,FALSE,1269,10/30/1999,568032
311430,8,1574,TRUE,1269,11/1/1996,568670
311431,7,1847,FALSE,1269,3/27/2005,570631
311432,7,1735,FALSE,1269,4/10/1996,569346
311433,7,1738,FALSE,1269,1/8/2009,569683
311434,7,1570,FALSE,1269,5/11/2000,569956
311435,7,1465,FALSE,1269,6/9/1994,570787
311436,7,1836,FALSE,1269,7/27/2001,568666
311437,7,1937,FALSE,1269,10/15/2009,570510
311438,7,1367,FALSE,1269,5/24/2002,569632
311439,7,1376,FALSE,1269,6/26/2009,570327
311440,4,310,TRUE,194,8/3/1991,570597
311441,4400,622,FALSE,1269,10/29/2008,569692
311442,4,454,FALSE,194,3/23/2000,569517
311443,7,1360,FALSE,1269,6/9/2002,567752
311444,7,1266,FALSE,1269,2/7/2005,568063
311445,7,1268,FALSE,1269,4/2/2009,568887
311446,7,1391,FALSE,1269,11/2/2004,568589
311447,7,1618,FALSE,1269,10/4/2008,569338
311448,7,1282,FALSE,1269,2/12/1998,570515
311449,9,2259,FALSE,1269,12/4/2009,568678
311450,7,1289,FALSE,1269,5/1/1991,568936
311451,7,1307,FALSE,1269,6/29/1996,570401
311452,4,333,TRUE,194,4/30/1993,570064
311453,7000,1861,FALSE,1269,10/30/2008,569193
311454,4,419,FALSE,194,5/28/2007,569620
311455,7,1395,FALSE,1269,11/23/2000,569949
311456,20,4569,FALSE,1269,12/12/1996,569856
311457,16,2844,FALSE,1269,2/4/1995,569090
311458,20,4041,FALSE,1269,8/28/2008,569424
311459,7,1572,FALSE,1269,11/8/1995,570737
311460,10,2145,FALSE,1269,9/11/1995,569936
311461,7,1188,FALSE,1269,6/16/1991,569036
311462,10,1766,FALSE,1269,4/23/2004,569123
311463,7,1156,FALSE,1269,2/7/1992,570560
311464,7,1022,FALSE,1269,1/25/2001,569540
311465,4400,654,FALSE,1269,2/23/1995,568791
311466,4,476,FALSE,194,9/29/1998,568937
311467,7,1428,FALSE,1269,10/31/1992,568711
311468,12,3121,FALSE,1269,10/26/2002,568626
311469,12,1477,TRUE,1269,12/24/2008,568176
311470,7,1615,FALSE,1269,1/2/2002,570636
311471,12,1151,TRUE,1269,2/10/2010,568470
311472,8,2443,FALSE,1269,9/11/2009,568974
311473,12,1118,TRUE,1269,8/17/1995,568171
311474,12,2973,FALSE,1269,7/7/1998,570724
311475,9,2417,FALSE,1269,2/8/2007,569876
311476,12,1345,TRUE,1269,7/20/1999,570803
311477,7,1561,FALSE,1269,4/29/1998,570508
311478,12,1014,TRUE,1269,1/9/2007,568440
311479,9,1682,FALSE,1269,12/30/1998,568466
311480,12,971,TRUE,1269,8/8/1994,568568
311481,9,1923,FALSE,1269,9/11/1994,570707
311482,12,1114,TRUE,1269,8/24/1997,569665
311483,7,1303,FALSE,1269,1/20/1998,568814
311484,12,902,TRUE,1269,4/7/2005,570649
311485,4,330,TRUE,194,4/1/2000,570096
311486,4400,621,FALSE,1269,10/6/1990,570795
311487,4,526,FALSE,194,5/28/2000,569830
311488,7,1562,FALSE,1269,4/7/1997,570126
311489,12,973,TRUE,1269,12/4/1998,568841
311490,7,1534,FALSE,1269,4/16/1999,568093
311491,12,876,TRUE,1269,7/30/1993,568477
311492,7,1182,FALSE,1269,9/9/2007,568895
311493,12,830,TRUE,1269,2/15/2008,568613
311494,7,1076,FALSE,1269,5/17/2004,569160
311495,7,1085,FALSE,1269,10/22/1995,568416
311496,7,1778,FALSE,1269,9/13/1995,568920
311497,12,849,TRUE,1269,11/30/1990,567739
311498,7,1425,FALSE,1269,7/25/1993,570582
311499,12,830,TRUE,1269,8/15/2005,569869
311500,7,1586,FALSE,1269,3/24/1990,568200
